domain,subdomain,source_platform,label,tags,location,department_or_org,declared_industry,file_format,access_policy,created,id
Agriculture & Allied,Crops & agronomy,Geospatial (DX GeoSpatial),"Agricultural Input Outlets and Licensing Records, Vizianagaram, Andhra Pradesh",geospatial; dronagiri; vizianagaram; andhra Pradesh; shops; outlets; agriculture fertilizer; licence; longitude; latitude; validity; agriculture; livelihoods & skilling; land cover and land use; land parcels; constituency_wise; maldal; crops; mandalwise; mandal wise; geographical area; seed shops; fertilizer_licences; insecticide shops; agriculture; livelihoods & skilling,"Vizianagaram, Andhra Pradesh",,,,,2025-09-19T01:57:39+0530,b8fee07f-3317-427c-a5f8-2c7ad32a26c8
Agriculture & Allied,Crops & agronomy,Geospatial (DX GeoSpatial),"Crop Yield Data of Varanasi, Uttar Pradesh",gis; geospatial; gis mapping; spatial; crop; crop yield; rabi; statistics; kharif; farming; food; yield; land cover and land use; agriculture; dronagiri; varanasi,"Varanasi, Uttar Pradesh, India",,,,,2024-12-03T12:00:42+0530,8699e6e9-360d-4eb5-9018-f224f82e3a36
Agriculture & Allied,Crops & agronomy,Geospatial (DX GeoSpatial),"District-wise Agricultural Statistics 2000-24, Washim and Other Districts in Maharashtra",geospatial; land cover; maharashtra; agriculture; cropyeild; mahaag; washim; environment; crop_yeild; land use; dronagiri; irrigation; production; productivity; land_cover; agriculture; livelihoods & skilling,"Maharashtra, India",,,,,2025-05-27T04:38:38+0530,9bfdb3f7-9d2a-4857-a399-479b248fd28d
Agriculture & Allied,Crops & agronomy,Geospatial (DX GeoSpatial),"Hydrogeological Data of Vizianagaram District, Andhra Pradesh",geospatial; dronagiri; vizianagaram; andhra Pradesh; water; types of well; depth; water level; water yield; mandal_wise; agriculture; mandal; well; level; hydrology; geohydrology; geology; rock type; agriculture,"Vizianagaram, Andhra Pradesh",,,,,2025-09-10T04:15:18+0530,f4895b15-eb79-4a38-8c99-d3c4d1409331
Agriculture & Allied,Crops & agronomy,Geospatial (DX GeoSpatial),Krishi Vigyan Kendra (KVK) Centers in India,KVK; Krishi Vigyan Kendra; agriculture; farming; extension services; rural development; farmer support; capacity building; agricultural research; ICAR; farmers; India; training; livelihood and skilling; agro-advisory; agristack; physical infrastructure; buildings and settlements; dronagiri,India,,,,,2025-04-09T09:49:14+0530,0b2485b1-48e2-414f-a14b-0ce92f2bda70
Agriculture & Allied,Crops & agronomy,Geospatial (DX GeoSpatial),"Mandal Wise Crop Area Vizianagaram, Andhra Pradesh",geospatial; dronagiri; vizianagaram; andhra Pradesh; crop; kharif; rabi; crop production; crop yield; agriculture; livelihoods & skilling; environment; land cover and land use; land parcels; constituency_wise; maldal; crops; mandalwise; mandal wise; agriculture; livelihoods & skilling; area,"Vizianagaram, Andhra Pradesh",,,,,2025-08-28T02:15:56+0530,793a3b1e-269e-42c8-968b-43207d4399d7
Agriculture & Allied,Crops & agronomy,Geospatial (DX GeoSpatial),"Mandal Wise Crop Production in Vizianagaram District, Andhra Pradesh",geospatial; dronagiri; vizianagaram; andhra Pradesh; crop; kharif; rabi; crop production; crop yield; agriculture; livelihoods & skilling; environment; land cover and land use; land parcels; agriculture; livelihoods & skilling,"Vizianagaram, Andhra Pradesh",,,,,2025-07-18T11:33:37+0530,22ea097f-6168-43ae-a9c6-3778cd77ccae
Agriculture & Allied,Crops & agronomy,Geospatial (DX GeoSpatial),"MODIS-OLCI Fire Burnt Area, India",geospatial; India; fire; modis; OLCI; fire burnt area; burn area; fire_burn_area; environment; Interdisciplinary Centre for Water Research; ICWaR; agriculture; livelihoods & skilling; agriculture; Academia and research,India,,,,,2025-05-22T12:17:02+0530,97b3ed9e-531a-4486-ad58-47f477675ede
Agriculture & Allied,Crops & agronomy,Geospatial (DX GeoSpatial),Seasonal Farmer Engagement Visits.,Environment; Buildings and Settlements; Land Parcels,India,,,,,2025-08-01T11:48:32+0530,a51835b4-5a5b-4f0f-8a64-72fb4774b526
Agriculture & Allied,Crops & agronomy,Geospatial (DX GeoSpatial),"Utilities (25K), Sonipat, Haryana",survey of india; Transmission line; haryana; sonipat; Soi; communication; surey of india; Utilities; agriculture; transportation and logistics; geospatial; Transport Networks; livelihoods & skilling; Physical Infrastructure; dronagiri,"Sonipat, Haryana",,,,,2025-07-29T01:41:20+0530,052015c6-b490-4dad-aac6-2ccd71927880
Agriculture & Allied,Crops & agronomy,Geospatial (DX GeoSpatial),"Utilities, Varanasi, Uttar Pradesh",urban planning; survey of india; varanasi; smart city; infrastructure; water; livelihoods and skilling; physical infrastructure; planning; Survey of India; soi; geospatial; gis mapping; agriculture; sustainability; dronagiri,"Varanasi, Uttar Pradesh, India",,,,,2025-07-29T01:43:04+0530,42eff984-c160-4bb5-ba33-23032151d2eb
Agriculture & Allied,Crops & agronomy,Geospatial (DX GeoSpatial),Water Sources Data - Varanasi,geospatial; varanasi; uttar pradesh; water sources; hydrology; soi; waterbodies; water_bodies; lakes; dronagiri; waterbody; water_body; agriculture; transportation and logistics; livelihoods & skilling.,"Varanasi, Uttar pradesh, India",,,,,2025-03-25T03:03:17+0530,cf48a9a7-83ed-4834-8c81-12ef824906fe
Agriculture & Allied,Crops & agronomy,Geospatial (DX GeoSpatial),"Water Sources in Sonipat, Haryana",survey of india; gis; haryana; sonipat; livelihoods and financial inclusion; livelihoods and skilling; water; geospatial; gis mapping; agriculture; dronagiri,"Sonipat, Haryana, India",,,,,2025-07-29T01:40:54+0530,bbba4831-5509-4833-8c92-4ab2a1806c52
Agriculture & Allied,Crops & agronomy,Maharashtra (MahaAgX),Accelerated Development Of Long Juvenile Trait In Soybean Under Laterabi Sown Conditions,soybean; breeding; markers; photoperiod; rabi,Maharashtra,Mahatma Phule Krishi Vidyapeeth Rahuri,Agriculture,doc,RESTRICTED,2026-06-10T21:43:23+0530,770b051d-014f-464c-9800-a8122c4a8124
Agriculture & Allied,Crops & agronomy,Maharashtra (MahaAgX),Acknowledgement Certificate for Seed Submission of Desi Cotton Variety Pa 833,cotton; arboreum; nbpgr; registration; germplasm; icar; seeds; vnmkv,Maharashtra,Vasantrao Naik Marathwada Krishi Vidyapeeth Parbhani,Agriculture,pdf,OPEN,2026-02-16T03:34:50+0530,56cdf238-8d22-4630-8e02-959c5fcbb213
Agriculture & Allied,Crops & agronomy,Maharashtra (MahaAgX),"Adoption Status Of The Pesticide As Per The Label Claims (Including Herbicides, Insecticides, And Fungicides) By The Gram Growers In Vidarbha",research; recommendations; agril; extension; study,Maharashtra,Dr. Panjabrao Deshmukh Krishi Vidyapeeth Akola,Agriculture,"doc, xlsx",RESTRICTED,2026-06-09T04:58:43+0530,4d3f1442-236c-42af-9247-f9b9f1a3a22c
Agriculture & Allied,Crops & agronomy,Maharashtra (MahaAgX),Agricultural Yield And Market Price Causality - Research Recommendations 2023,rajma; sheep; banana; pomegranate; onion; tomato; potato,Maharashtra,Mahatma Phule Krishi Vidyapeeth Rahuri,Agriculture,docx,RESTRICTED,2026-06-10T22:45:40+0530,0963a4d8-3dbe-4c98-9e2e-84162d5a3ccd
Agriculture & Allied,Crops & agronomy,Maharashtra (MahaAgX),"Agriculture Crop Area, Production, and Yield by Season for the State of Maharashtra",agriculture; area-production-yield; maharashtra; crop-statistics; historical-data; crop-yield; crop,Maharashtra,Department of Agriculture Government of Maharashtra,Agriculture,JSON,RESTRICTED,2026-07-03T17:01:25+0530,9e803e8e-0de3-440c-af66-6c4d93b42077
Agriculture & Allied,Crops & agronomy,Maharashtra (MahaAgX),Agristack Cooperative Society Branches Registry for Maharashtra,cooperative-society; bank-branch; dccb; maharashtra; rural-banking; agricultural-credit,Maharashtra,"Agristack Ministry of Agriculture and Farmer Welfare, Government of India",Agriculture,JSON,RESTRICTED,2026-02-16T11:46:16+0530,e13a1097-87c7-4ca0-bde5-d07a9f1a74aa
Agriculture & Allied,Crops & agronomy,Maharashtra (MahaAgX),Agristack Digital Crop Survey (DCS) Area and Survey Metrics for Maharashtra,crop-survey; agristack; sown-area; maharashtra; lgd-mapping; land-use; survey-workflow; digital-agriculture,Maharashtra,"Agristack Ministry of Agriculture and Farmer Welfare, Government of India",Agriculture,JSON,RESTRICTED,2026-02-17T01:33:00+0530,a7a20b3a-f69d-4638-a8a3-197c53910bbd
Agriculture & Allied,Crops & agronomy,Maharashtra (MahaAgX),Agristack National Crop Classification and Taxonomy Registry,crop-master; taxonomy; botany; ash-gourd; vegetables; agriculture-standards,Maharashtra,"Agristack Ministry of Agriculture and Farmer Welfare, Government of India",Agriculture,JSON,RESTRICTED,2026-02-14T05:55:28+0530,a5faef11-0582-4f8b-8430-c76de992bfc3
Agriculture & Allied,Crops & agronomy,Maharashtra (MahaAgX),Agristack National Pesticide Certificate of Registration (CR) Registry,pesticide-registration; certificate-of-registration; alphacypermethrin; insecticide; regulatory-compliance; maharashtra; agricultural-chemicals; fim-status,Maharashtra,"Agristack Ministry of Agriculture and Farmer Welfare, Government of India",Agriculture,JSON,RESTRICTED,2026-02-16T09:56:02+0530,5bf7e29c-995e-426d-9b61-20e4b95f9a52
Agriculture & Allied,Crops & agronomy,Maharashtra (MahaAgX),Agristack National Registry of Pesticide and Banned Substances,pesticide-registry; banned-substances; herbicide; insecticide-act; regulatory-compliance; chemical-safety; national-registry; legal-notification,India,"Agristack Ministry of Agriculture and Farmer Welfare, Government of India",Agriculture,JSON,RESTRICTED,2026-02-15T03:07:11+0530,09670dbc-7c5c-4245-8849-e294928baf2e
Agriculture & Allied,Crops & agronomy,Maharashtra (MahaAgX),"Agristack Pesticide Manufacturer, Importer and Exporter Registry in Maharashtra",pesticide-registry; manufacturer; importer; exporter; maharashtra; corporate-compliance; agro-chemical-trade,Maharashtra,"Agristack Ministry of Agriculture and Farmer Welfare, Government of India",Agriculture,JSON,RESTRICTED,2026-02-16T09:45:42+0530,8f87a2e1-4a6b-4933-a0bc-ec9a6fb5a327
Agriculture & Allied,Crops & agronomy,Maharashtra (MahaAgX),Agristack Pesticide Manufacturers Factory Registry for Maharashtra,pesticide-manufacturers; factory-registry; nagpur; maharashtra; midc; butibori; industrial-unit; lgd-codes,Maharashtra,"Agristack Ministry of Agriculture and Farmer Welfare, Government of India",Agriculture,JSON,RESTRICTED,2026-02-16T10:03:04+0530,1f1770b1-6ecc-4a10-ae10-ebe0c7295555
Agriculture & Allied,Crops & agronomy,Maharashtra (MahaAgX),Agristack Pesticide Testing Laboratory Registry for Maharashtra,pesticide-testing; laboratory-registry; insecticide-analysis; maharashtra; quality-control; formulation-analysis; agricultural-safety,Maharashtra,"Agristack Ministry of Agriculture and Farmer Welfare, Government of India",Agriculture,JSON,RESTRICTED,2026-02-15T04:18:58+0530,04e00fe8-6556-4186-a3d5-f0d5e09eb50a
Agriculture & Allied,Crops & agronomy,Maharashtra (MahaAgX),Agristack Registry of Cooperative Societies in Maharashtra,agristack; cooperative-societies; maharashtra; banking; dccb; agricultural-credit; financial-inclusion,Maharashtra,"Agristack Ministry of Agriculture and Farmer Welfare, Government of India",Agriculture,JSON,RESTRICTED,2026-02-16T10:19:43+0530,cbfebdc3-4082-464c-bf81-53f601ffb77e
Agriculture & Allied,Crops & agronomy,Maharashtra (MahaAgX),Agristack Registry of Krishi Vigyan Kendras (KVK) in Maharashtra,kvk; krishi-vigyan-kendra; maharashtra; agricultural-extension; icar; atari; farmer-support; rural-development,Maharashtra,"Agristack Ministry of Agriculture and Farmer Welfare, Government of India",Agriculture,JSON,RESTRICTED,2026-02-14T09:22:00+0530,2a9806ea-e132-4286-a734-ff3e75cafe9a
Agriculture & Allied,Crops & agronomy,Maharashtra (MahaAgX),Agristack Seed Testing Laboratory Directory of Maharashtra,seed-testing; laboratory; maharashtra; quality-control; notified-lab; agriculture-infrastructure,Maharashtra,"Agristack Ministry of Agriculture and Farmer Welfare, Government of India",Agriculture,JSON,RESTRICTED,2026-02-14T06:21:09+0530,b7c2a110-d85f-11ef-a3cb-0123456789ab
Agriculture & Allied,Crops & agronomy,Maharashtra (MahaAgX),Agristack Vernacular Crop Classification and Taxonomy Directory for Maharashtra,crop-mapping; vernacular; maharashtra; lgd-code; marathi; hindi; crop-taxonomy; classification,Maharashtra,"Agristack Ministry of Agriculture and Farmer Welfare, Government of India",Agriculture,JSON,RESTRICTED,2026-02-14T06:03:55+0530,d0c12a2c-e826-4843-922a-1ecd344b78a3
Agriculture & Allied,Crops & agronomy,Maharashtra (MahaAgX),Aicrp On Agrometeorology Research Recommendations for Soybean and Bt Cotton,soybean; cotton; agrometeorology; yield; rainfall; climatic; marathwada; vnmkv,Maharashtra,Vasantrao Naik Marathwada Krishi Vidyapeeth Parbhani,Agriculture,docx,OPEN,2026-02-16T03:19:56+0530,bbb0f8f9-8293-482d-b5da-4bf59261d101
Agriculture & Allied,Crops & agronomy,Maharashtra (MahaAgX),Algae And Herbicidal Weed Management In Paddy - Research Recommendations 2020,paddy; algae; weed; herbicide; management,Maharashtra,Mahatma Phule Krishi Vidyapeeth Rahuri,Agriculture,docx,RESTRICTED,2026-06-10T21:30:28+0530,0ced8caf-c1e1-45db-9cc9-82a549e04510
Agriculture & Allied,Crops & agronomy,Maharashtra (MahaAgX),"Assessing Safflower Based Cropping Systems Productivity and Resource Use Efficiency Under Different Land Configurations, Crop Geometry and Ipnm in Different Rainfall Patterns",safflower; cropping; productivity; ipnm; agronomy; agriculture; moisture; vnmkv,Maharashtra,Vasantrao Naik Marathwada Krishi Vidyapeeth Parbhani,Agriculture,pdf,OPEN,2026-02-16T03:18:25+0530,10c16898-3dc8-4242-8d41-dd774de63dd6
Agriculture & Allied,Crops & agronomy,Maharashtra (MahaAgX),Assessment Of Drill And Transplanted Paddy Cultivation Methods,research; extension; recommendations; agriculture; study,Maharashtra,Dr. Panjabrao Deshmukh Krishi Vidyapeeth Akola,Agriculture,"doc, xlsx",RESTRICTED,2026-06-09T05:02:29+0530,9e9a570c-9fcc-4af9-8afb-14982ee35777
Agriculture & Allied,Crops & agronomy,Maharashtra (MahaAgX),Assessment of Solubilization Potential of Promising Potassium Solubilizing Bacterial Isolates in Bt Cotton,bt cotton; potassium solubilization; ksb; biofertilizers; bacillus spp.; frateuria aurantia; soil fertility; nutrient mobilization; marathwada; vnmkv,Maharashtra,Vasantrao Naik Marathwada Krishi Vidyapeeth Parbhani,Agriculture,pdf,OPEN,2026-02-16T03:45:42+0530,8401a29d-7777-4968-838a-e8973d33fb34
Agriculture & Allied,Crops & agronomy,Maharashtra (MahaAgX),Attitude Of Rural Youth Towards Agri-Entrepreneurship In Eastern Vidarbha Zone,agriculture; research; extension; recommendations; 2024,Maharashtra,Dr. Panjabrao Deshmukh Krishi Vidyapeeth Akola,Agriculture,"doc, xlsx",RESTRICTED,2026-06-09T05:04:09+0530,4a2766b2-fb50-4f6d-a3bd-35f1cb96585e
Agriculture & Allied,Crops & agronomy,Maharashtra (MahaAgX),Azoxystrobin-Difenoconazole And Tebuconazole-Trifloxystrobin - Research Recommendations 2025,turmeric; fungicide; leafspot; agriculture; crop,Maharashtra,Mahatma Phule Krishi Vidyapeeth Rahuri,Agriculture,docx,RESTRICTED,2026-06-11T07:26:49+0530,5e80f596-fdc1-44b9-9602-dfaf80e78143
Agriculture & Allied,Crops & agronomy,Maharashtra (MahaAgX),"Bioefficacy Of Beauveria Bassiana 115 Wp Against Rice Leaf Folder, Cnaphalocrocis Medinalis",rice; leaffolder; entomology; biocontrol; fungus,Maharashtra,Mahatma Phule Krishi Vidyapeeth Rahuri,Agriculture,pdf,RESTRICTED,2026-06-11T07:42:05+0530,6f8f6d4a-80ce-41fa-9111-87a20f04d23e
Agriculture & Allied,Crops & agronomy,Maharashtra (MahaAgX),Bioefficacy Of Hanpv At Different Doses Against Helicoverpa Armigera On Chickpea,pestcontrol; biopesticide; chickpea; helicoverpa; hanpv,Maharashtra,Dr. Panjabrao Deshmukh Krishi Vidyapeeth Akola,Agriculture,docx,RESTRICTED,2026-06-09T07:03:53+0530,e22d1932-31d4-433c-a4f9-f878908452a9
Agriculture & Allied,Crops & agronomy,Maharashtra (MahaAgX),Biopesticides For Fall Armyworm Control - Research Recommendations 2020,maize; fallarmyworm; biopesticides; metarhizium; entomology,Maharashtra,Mahatma Phule Krishi Vidyapeeth Rahuri,Agriculture,pdf,RESTRICTED,2026-06-11T07:50:52+0530,16372851-f50f-427b-b7bf-f5622496fdea
Agriculture & Allied,Crops & agronomy,Maharashtra (MahaAgX),Bottle Gourd Variety Phule Anmol (Rhrbg-35) Release Proposal,bottlegourd; variety; release; cucurbit; agriculture,Maharashtra,Mahatma Phule Krishi Vidyapeeth Rahuri,Agriculture,docx,RESTRICTED,2026-06-11T00:15:03+0530,93858341-5e7a-4b47-bdea-126bbd64bb14
Agriculture & Allied,Crops & agronomy,Maharashtra (MahaAgX),Bt Cotton Yield Gap Recommendation 2023,cotton; yield; bt; seed; fertilizer; extension; biopesticide,Maharashtra,Mahatma Phule Krishi Vidyapeeth Rahuri,Agriculture,docx,RESTRICTED,2026-06-10T23:13:44+0530,9daea862-77d3-43f0-8a60-adc60dc8f772
Agriculture & Allied,Crops & agronomy,Maharashtra (MahaAgX),Capsicum House Condions Data,corn; nitrogen; phosphorus; yield; economics,Maharashtra,Dr. Panjabrao Deshmukh Krishi Vidyapeeth Akola,Agriculture,"docx, pdf",RESTRICTED,2026-06-09T06:44:04+0530,8bc89185-8d9e-4f1c-9e2c-db36f1d534f4
Agriculture & Allied,Crops & agronomy,Maharashtra (MahaAgX),Chemical Control Of Rust Disease Of Sugarcane,sugarcane; rust; fungicide; disease; agriculture,Maharashtra,Mahatma Phule Krishi Vidyapeeth Rahuri,Agriculture,doc,RESTRICTED,2026-06-10T22:34:12+0530,18a701cb-fd28-441f-b905-5f7f122c9592
Agriculture & Allied,Crops & agronomy,Maharashtra (MahaAgX),Chickpea (Digvijay) Hyperspectral Reflectance and Water Stress Dataset,chickpea; digvijay; hyperspectral; waterstress; maharashtra,Maharashtra,Mahatma Phule Krishi Vidyapeeth Rahuri,Agriculture,xlsx,RESTRICTED,2026-05-21T15:47:36+0530,a29e1a54-d519-4dd8-a6e3-b63b521cacf4
Agriculture & Allied,Crops & agronomy,Maharashtra (MahaAgX),Chickpea (Vijay) Hyperspectral Reflectance and Water Stress Dataset,chickpea; vijay; hyperspectral; waterstress; maharashtra,Maharashtra,Mahatma Phule Krishi Vidyapeeth Rahuri,Agriculture,xlsx,RESTRICTED,2026-05-21T15:46:53+0530,5279097d-b953-4952-a5a3-aff73df4d6fd
Agriculture & Allied,Crops & agronomy,Maharashtra (MahaAgX),Chickpea Foliar Dap Recommendation - Research Recommendations 2015,chickpea; foliar; dap; yield; nutrition; dryland,Maharashtra,Mahatma Phule Krishi Vidyapeeth Rahuri,Agriculture,docx,RESTRICTED,2026-06-10T21:46:13+0530,dce96e68-b0e6-437f-b77c-8714d26c0f2a
Agriculture & Allied,Crops & agronomy,Maharashtra (MahaAgX),College Of Agriculture Engineeing Department Of Farm Structure Engineering,agriculture; engineering; farm; structure; department,Maharashtra,Dr. Balasaheb Sawant Konkan Krishi Vidyapeeth Dapoli,Agriculture,xlsx,RESTRICTED,2026-06-03T11:03:59+0530,47ef62a5-ca21-4505-bc67-35a1eb7bad3f
Agriculture & Allied,Crops & agronomy,Maharashtra (MahaAgX),Compatibility and Profitability of Chickpea  Rajma Intercropping System,chickpea; rajma; intercropping; profitability; agronomy; maharashtra; pulses; vnmkv,Maharashtra,Vasantrao Naik Marathwada Krishi Vidyapeeth Parbhani,Agriculture,docx,OPEN,2026-02-16T03:20:20+0530,45bb24b4-a3b0-401e-b8d0-84b1aeb8baba
Agriculture & Allied,Crops & agronomy,Maharashtra (MahaAgX),Consortium Of Endophytic Nitrogen Fixing Bacterial Liquid Bioinoculant - Recommendations 2023,sugarcane; microbiology; nitrogen; bioinoculant; yield,Maharashtra,Mahatma Phule Krishi Vidyapeeth Rahuri,Agriculture,doc,RESTRICTED,2026-06-10T22:28:52+0530,d26a4cec-7bbe-4460-9f88-e160125c562a
Agriculture & Allied,Crops & agronomy,Maharashtra (MahaAgX),Contingent Crop Planning Under Delayed Monsoon Conditions,pigeonpea; sunflower; soybean; pearlmillet; economics,Maharashtra,Mahatma Phule Krishi Vidyapeeth Rahuri,Agriculture,docx,RESTRICTED,2026-06-11T00:03:15+0530,31536baa-1fdf-4de1-b986-415bdd2f1014
Agriculture & Allied,Crops & agronomy,Maharashtra (MahaAgX),Cotton (Phule Dhanwantari) Hyperspectral Reflectance and Water Stress Dataset,cotton; phule dhanwantari; hyperspectral; waterstress; maharashtra,Maharashtra,Mahatma Phule Krishi Vidyapeeth Rahuri,Agriculture,xlsx,RESTRICTED,2026-05-21T15:49:19+0530,c917227f-1ae0-4164-bcd5-5a2d298295e8
Agriculture & Allied,Crops & agronomy,Maharashtra (MahaAgX),Cotton (Recommendations Data Osr),cotton; recommendations; data; osr; research,Maharashtra,Dr. Panjabrao Deshmukh Krishi Vidyapeeth Akola,Agriculture,xlsx,RESTRICTED,2026-06-09T05:20:51+0530,795e8e7e-ee56-43f4-a9c6-e44c13fa0d80
Agriculture & Allied,Crops & agronomy,Maharashtra (MahaAgX),Cotton Crop Phenotyping Imagery and Annotation Dataset (PoCRA-MPKV),cotton; phenotyping; annotations; pocra; rahuri; mpkv,Maharashtra,Mahatma Phule Krishi Vidyapeeth Rahuri,Agriculture,jpeg/json,RESTRICTED,2026-05-26T08:59:44+0530,ae9020d6-57a4-4837-86a9-982c6323537c
Agriculture & Allied,Crops & agronomy,Maharashtra (MahaAgX),Crop Cover Chilli Data,cropcover; chilli; growth; yield; quality,Maharashtra,Dr. Panjabrao Deshmukh Krishi Vidyapeeth Akola,Agriculture,"docx, xlsx",RESTRICTED,2026-06-09T06:46:02+0530,1b6849e5-2585-455b-89ee-ed9f952f69a4
Agriculture & Allied,Crops & agronomy,Maharashtra (MahaAgX),Crop Residue Management as a Component of Inm in Soybean-safflower Cropping System,soybean; safflower; residue; inm; cropping; agronomy; agriculture; vnmkv,Maharashtra,Vasantrao Naik Marathwada Krishi Vidyapeeth Parbhani,Agriculture,pdf,OPEN,2026-02-16T03:19:44+0530,57825f58-3a22-4f7e-91fa-bd253b0cdb8d
Agriculture & Allied,Crops & agronomy,Maharashtra (MahaAgX),CropSAP Crop Condition and Field Inspection Dataset from Maharashtra,cropsap; crop condition; maharashtra; agriculture; soil health; irrigation; land records,Maharashtra,Department of Agriculture Government of Maharashtra,Agriculture,JSON,RESTRICTED,2026-02-21T04:52:37+0530,bbd48a47-5a68-4fad-ae2d-8692dd0cfc9c
Agriculture & Allied,Crops & agronomy,Maharashtra (MahaAgX),Daily APMC Commodity Arrivals and Prices in Maharashtra,agriculture; apmc; market-prices; market prices; commodity-arrivals; commodity arrivals; maharashtra; price-discovery; price discovery,Maharashtra,Maharashtra State Agricultural Marketing Board Government of Maharashtra,Agriculture,JSON,RESTRICTED,2026-02-12T06:52:00+0530,09739e2a-d809-11f0-b972-af914ab1614f
Agriculture & Allied,Crops & agronomy,Maharashtra (MahaAgX),Data Of Bread Variety Release AKAW 5100,wheat; variety; release; agronomy; india,Maharashtra,Dr. Panjabrao Deshmukh Krishi Vidyapeeth Akola,Agriculture,"docx, xlsx",RESTRICTED,2026-06-09T07:22:42+0530,6a305453-e3a8-4152-a221-9082ba8e02dc
Agriculture & Allied,Crops & agronomy,Maharashtra (MahaAgX),Dentify An Ideal Combination Nation Of Organic And Inorganic Nutrient Sources For Getting Maximum Yield Of Kharif Sorghum And Rabi Chickpea Sequence,sorghum; research; recommendations; agriculture; crop,Maharashtra,Dr. Panjabrao Deshmukh Krishi Vidyapeeth Akola,Agriculture,"doc, xlsx",RESTRICTED,2026-06-09T07:18:28+0530,06a08f3c-0eba-49a3-be0b-6bab11a6aa63
Agriculture & Allied,Crops & agronomy,Maharashtra (MahaAgX),Design and Cost Estimation of Soak Pit for Domestic Roof Water Harvesting System,roof water harvesting; soak pit design; groundwater recharge; water conservation; cost estimation; marathwada; vnmkv,Maharashtra,Vasantrao Naik Marathwada Krishi Vidyapeeth Parbhani,Agriculture,pdf,OPEN,2026-02-16T03:42:56+0530,65ba2bb4-bddb-49b5-a81a-550533320ae6
Agriculture & Allied,Crops & agronomy,Maharashtra (MahaAgX),Design and Development of (htst Type) Multigrain Puffing Cum Popping Machine,puffing; popping; engineering; multigrain; machinery; snacks; processing; vnmkv,Maharashtra,Vasantrao Naik Marathwada Krishi Vidyapeeth Parbhani,Agriculture,pdf,OPEN,2026-02-16T03:35:25+0530,5de8e204-2cc4-43bd-b851-32b7881171d2
Agriculture & Allied,Crops & agronomy,Maharashtra (MahaAgX),Design and Development of Batch Type Semiautomatic Puffing-cum-popping Machine,puffing; popping; automation; snacks; engineering; machinery; grains; vnmkv,Maharashtra,Vasantrao Naik Marathwada Krishi Vidyapeeth Parbhani,Agriculture,pdf,OPEN,2026-02-16T03:36:06+0530,6646bece-65e9-4229-98d6-901b2a8f588e
Agriculture & Allied,Crops & agronomy,Maharashtra (MahaAgX),Design and Development of Bullock Drawn Earthing-up Cum Interculturing Implement for Sugarcane and Turmeric,bullock drawn; earthing-up; interculturing; sugarcane; turmeric; fertilizer application; farm machinery; marathwada; vnmkv,Maharashtra,Vasantrao Naik Marathwada Krishi Vidyapeeth Parbhani,Agriculture,pdf,OPEN,2026-02-16T03:52:32+0530,f6676b43-15e3-4440-bef9-9e20c836ea9f
Agriculture & Allied,Crops & agronomy,Maharashtra (MahaAgX),Design And Development Of Bullock Drawn Earthing-Up Cum Interculturing Implement For Sugarcane And Turmeric Crop,bullock; earthingup; interculturing; sugarcane; turmeric; implement; agriculture,Maharashtra,Vasantrao Naik Marathwada Krishi Vidyapeeth Parbhani,Agriculture,pdf,RESTRICTED,2026-06-04T12:36:17+0530,1b174d74-1bcf-441e-980a-5ae799539f63
Agriculture & Allied,Crops & agronomy,Maharashtra (MahaAgX),Design and Development of Bullock Drawn Multipurpose Mobile Solar Energy Cart,solar energy cart; bullock drawn; renewable energy; multipurpose sprayer; water lifting; mobile energy; rural electrification; animal energy; vnmkv,Maharashtra,Vasantrao Naik Marathwada Krishi Vidyapeeth Parbhani,Agriculture,pdf,OPEN,2026-02-16T03:44:31+0530,ef141143-efd1-4c24-8f08-f2837ad82325
Agriculture & Allied,Crops & agronomy,Maharashtra (MahaAgX),Design And Development Of Bullock Drawn Slurry Applicator,agriculture; farming; slurry; applicator; bullock,Maharashtra,Vasantrao Naik Marathwada Krishi Vidyapeeth Parbhani,Agriculture,pdf,RESTRICTED,2026-06-05T15:32:05+0530,75b19d11-8f67-4467-91a8-fbbe61ad39bd
Agriculture & Allied,Crops & agronomy,Maharashtra (MahaAgX),Design And Development Of Cono Weeder,paddy; weeder; ergonomics; women; field,Maharashtra,Dr. Balasaheb Sawant Konkan Krishi Vidyapeeth Dapoli,Agriculture,pdf,RESTRICTED,2026-06-02T14:15:16+0530,4b17d5c8-a664-411a-9731-a8d1f1dcbacf
Agriculture & Allied,Crops & agronomy,Maharashtra (MahaAgX),Design and Development of Cutting Mechanism of Flail Mower,flail mower; impact cutting; weed management; vegetation control; farm machinery; vertical plane knives; marathwada; vnmkv,Maharashtra,Vasantrao Naik Marathwada Krishi Vidyapeeth Parbhani,Agriculture,pdf,OPEN,2026-02-16T03:54:08+0530,d9d9c792-62b0-4d37-9583-e13f857a399a
Agriculture & Allied,Crops & agronomy,Maharashtra (MahaAgX),Design And Development Of Htst Type Multigrain Puffing Cum Popping Machine,puffing; popping; multigrain; machine; htst,Maharashtra,Vasantrao Naik Marathwada Krishi Vidyapeeth Parbhani,Agriculture,pdf,RESTRICTED,2026-06-05T11:03:38+0530,098b788e-4236-475c-a829-d50d980b81bc
Agriculture & Allied,Crops & agronomy,Maharashtra (MahaAgX),Design and Development of Roaster and Process for the Production of Soynuts,soybean; roasting; engineering; processing; soynut; design; nutrition; vnmkv,Maharashtra,Vasantrao Naik Marathwada Krishi Vidyapeeth Parbhani,Agriculture,pdf,OPEN,2026-02-16T03:35:04+0530,66173df4-8c51-47d9-afb2-41d34f5ffe52
Agriculture & Allied,Crops & agronomy,Maharashtra (MahaAgX),Design And Development Of Single Bullock Operated Twin Ferti Hoe,bullock; implement; twin; ferti; hoe; design,Maharashtra,Vasantrao Naik Marathwada Krishi Vidyapeeth Parbhani,Agriculture,pdf,RESTRICTED,2026-06-04T14:13:26+0530,11f3a45c-128f-423d-ab91-8b4450688672
Agriculture & Allied,Crops & agronomy,Maharashtra (MahaAgX),Design and Development of Specialized Bullock-drawn Implements for Interculturing and Harvesting,bullock drawn; earthing-up; turmeric digger; ginger digger; harrow; ferti-hoe; animal energy; marathwada; vnmkv,Maharashtra,Vasantrao Naik Marathwada Krishi Vidyapeeth Parbhani,Agriculture,pdf,OPEN,2026-02-16T03:53:06+0530,958b2721-be0f-492b-b0bf-4561b5c335dc
Agriculture & Allied,Crops & agronomy,Maharashtra (MahaAgX),"Design and Development of Specialized Farm Machinery for Sowing, Spraying, and Animal Housing",tractor operated planter; bbf sowing; single bullock planter; solar sprayer; animal housing; farm mechanization; marathwada; vnmkv,Maharashtra,Vasantrao Naik Marathwada Krishi Vidyapeeth Parbhani,Agriculture,pdf,OPEN,2026-02-16T03:53:15+0530,0ea7555b-f89a-489b-8c1b-dfe0d4922ff0
Agriculture & Allied,Crops & agronomy,Maharashtra (MahaAgX),Design and Development of Tractor Drawn Inter-cultivator Cum Furrow Opener and Sprayer with Slim Tyres,tractor drawn; inter-cultivator; furrow opener; sprayer; slim tyres; soybean; mechanization; marathwada; vnmkv,Maharashtra,Vasantrao Naik Marathwada Krishi Vidyapeeth Parbhani,Agriculture,pdf,OPEN,2026-02-16T03:54:01+0530,754d329b-0530-4c9c-8519-8be95159c6f8
Agriculture & Allied,Crops & agronomy,Maharashtra (MahaAgX),Design and Fabrication of Mini Manual Boom Sprayer (mmbs) On Four Bar Chain Mechanism,manual sprayer; boom sprayer; four-bar chain; pest management; ergonomic evaluation; field capacity; farm machinery; marathwada; vnmkv,Maharashtra,Vasantrao Naik Marathwada Krishi Vidyapeeth Parbhani,Agriculture,pdf,OPEN,2026-02-16T03:53:49+0530,d4123399-b5c6-4ff0-becb-561f85985070
Agriculture & Allied,Crops & agronomy,Maharashtra (MahaAgX),Design And Field Evaluation Of A Tractor-Drawn Inter-Cultivator Cum Furrow Opener With Sprayer For Soybean And Gram Crops,tractor; intercultivator; furrow; soybean; gram; sprayer; field,Maharashtra,Vasantrao Naik Marathwada Krishi Vidyapeeth Parbhani,Agriculture,pdf,RESTRICTED,2026-06-05T13:20:54+0530,85689da9-dcfc-4d34-9292-e6daee9eef4e
Agriculture & Allied,Crops & agronomy,Maharashtra (MahaAgX),Design Development and Optimization of Fixed Frame Type Portable Earth Auger Mechanism,earth auger; fixed frame; farm mechanization; pit digging; ergonomic evaluation; vibration reduction; plantation machinery; vnmkv; vnmkv,Maharashtra,Vasantrao Naik Marathwada Krishi Vidyapeeth Parbhani,Agriculture,pdf,OPEN,2026-02-16T03:52:44+0530,6f014bee-5657-4789-8f89-42900e371747
Agriculture & Allied,Crops & agronomy,Maharashtra (MahaAgX),Design Development Of Tractor Operated Raised Bed Planter Cum Sprayer,tractor; planter; sprayer; raisedbed; mechanization,Maharashtra,Vasantrao Naik Marathwada Krishi Vidyapeeth Parbhani,Agriculture,pdf,RESTRICTED,2026-06-04T14:29:20+0530,15fb327a-6060-405b-a294-4663c599b740
Agriculture & Allied,Crops & agronomy,Maharashtra (MahaAgX),"Design, Development And Optimization Multi Nuts Dehulling (Mndh) Machine",nuts; dehulling; mechanism; ergonomics; optimization,Maharashtra,Vasantrao Naik Marathwada Krishi Vidyapeeth Parbhani,Agriculture,pdf,OPEN,2026-06-04T12:16:29+0530,c775d9e7-597f-4891-98b4-eb4df8290aef
Agriculture & Allied,Crops & agronomy,Maharashtra (MahaAgX),"Design, Development and Optimization of Multi Nuts Dehulling (mndh) Machine  Portable Earth Auger",dehulling machine; multi-nut processing; earth auger; farm mechanization; cad design; plantation machinery; marathwada; vnmkv,Maharashtra,Vasantrao Naik Marathwada Krishi Vidyapeeth Parbhani,Agriculture,pdf,OPEN,2026-02-16T03:52:38+0530,56288909-e459-4026-906d-b4d708c38ba6
Agriculture & Allied,Crops & agronomy,Maharashtra (MahaAgX),"Determination of Agricultural Land Drainage Coefficient Through Rainfall Analysis for Jalna, Nanded and Hingoli",drainage coefficient; rainfall analysis; surface drainage; recurrence interval; jalna; nanded; hingoli; marathwada; irrigation engineering; vnmkv,Maharashtra,Vasantrao Naik Marathwada Krishi Vidyapeeth Parbhani,Agriculture,pdf,OPEN,2026-02-16T03:43:26+0530,1b250749-1855-4f3d-9208-cc5979ee14bf
Agriculture & Allied,Crops & agronomy,Maharashtra (MahaAgX),Determination of Crop Coefficient (k_c) for Kharif Greengram Using Lysimeter,crop coefficient; lysimeter; kharif greengram; mung bean; evapotranspiration; irrigation scheduling; water management; parbhani; vnmkv,Maharashtra,Vasantrao Naik Marathwada Krishi Vidyapeeth Parbhani,Agriculture,pdf,OPEN,2026-02-16T03:44:14+0530,06452b32-c1e0-41bc-a742-0870f3a1dbd7
Agriculture & Allied,Crops & agronomy,Maharashtra (MahaAgX),Determination Of Crop Coefficient For Kharif Greengram Using Lysimeter,cropcoefficient; lysimeter; irrigation; evapotranspiration; greengram,Maharashtra,Vasantrao Naik Marathwada Krishi Vidyapeeth Parbhani,Agriculture,pdf,RESTRICTED,2026-06-05T16:54:21+0530,c5c4771f-e9ce-418e-9353-5f68c0338087
Agriculture & Allied,Crops & agronomy,Maharashtra (MahaAgX),Development and ergonomical evaluation of pedal operated rotary arecanut dehusker,arecanut; dehusker; pedal; ergonomics; efficiency; cost,Maharashtra,Dr. Balasaheb Sawant Konkan Krishi Vidyapeeth Dapoli,Agriculture,pdf,RESTRICTED,2026-06-02T12:50:50+0530,1f684b4f-ab68-48c2-bea0-452b0250b1ad
Agriculture & Allied,Crops & agronomy,Maharashtra (MahaAgX),Development And Evaluation Of Foldable Pyramid Shaped Solar Dryer For Agricultural Produce,solar; dryer; agriculture; renewable; foldable,Maharashtra,Dr. Balasaheb Sawant Konkan Krishi Vidyapeeth Dapoli,Agriculture,pdf,RESTRICTED,2026-06-02T15:48:44+0530,df3be120-3b30-44db-8b50-4f5743fee59f
Agriculture & Allied,Crops & agronomy,Maharashtra (MahaAgX),Development and Performance Evaluation of Bullock Drawn Mptc for Planter Cum Solar Operated Sprayer,bullock drawn; mptc (multi purpose tool carrier); solar sprayer; planter; animal energy; renewable energy; marathwada; vnmkv,Maharashtra,Vasantrao Naik Marathwada Krishi Vidyapeeth Parbhani,Agriculture,pdf,OPEN,2026-02-16T03:53:29+0530,afc7e83f-99f9-4018-8fc7-95d4d89b9ce9
Agriculture & Allied,Crops & agronomy,Maharashtra (MahaAgX),Development and Quality Evaluation of Chocolate Coated Moth Bean Bar,moth bean; protein bar; chocolate coating; functional food; antioxidants; phytochemicals; nutritional security; snack food; food engineering; vnmkv,Maharashtra,Vasantrao Naik Marathwada Krishi Vidyapeeth Parbhani,Agriculture,pdf,OPEN,2026-02-16T03:37:13+0530,0e22b76c-6b67-49b2-9873-4af3afdb2197
Agriculture & Allied,Crops & agronomy,Maharashtra (MahaAgX),Development Bullock Drawn Bed Maker,mechanization; bedmaker; bullock; conservation; agriculture,Maharashtra,Vasantrao Naik Marathwada Krishi Vidyapeeth Parbhani,Agriculture,pdf,RESTRICTED,2026-06-05T14:15:02+0530,d7135c1a-8d9e-4792-b013-a003f352e5af
Agriculture & Allied,Crops & agronomy,Maharashtra (MahaAgX),Development Of Bamboo Houses And Assessment Of Their Indoor Environment,bamboo; houses; indoor; environment; agriculture; construction; cost,Maharashtra,Dr. Balasaheb Sawant Konkan Krishi Vidyapeeth Dapoli,Agriculture,pdf,RESTRICTED,2026-06-02T15:18:03+0530,3c30bf4d-511e-46c2-9a44-fd5b28db4391
Agriculture & Allied,Crops & agronomy,Maharashtra (MahaAgX),Development of Bullock Drawn Bed Maker,bullock drawn; bed maker; land configuration; raised bed; farm mechanization; animal energy; marathwada; vnmkv,Maharashtra,Vasantrao Naik Marathwada Krishi Vidyapeeth Parbhani,Agriculture,pdf,OPEN,2026-02-16T03:53:56+0530,add2441a-0639-44b2-8399-7985ea4ec659
Agriculture & Allied,Crops & agronomy,Maharashtra (MahaAgX),Development of Bullock Drawn Solar Operated Small (4 Nozzle) Sprayer,solar sprayer; bullock drawn; renewable energy; crop protection; solar power; agricultural engineering; field capacity; small-scale farming; vnmkv,Maharashtra,Vasantrao Naik Marathwada Krishi Vidyapeeth Parbhani,Agriculture,pdf,OPEN,2026-02-16T03:44:20+0530,c631a6d1-1ef4-4a07-a85a-713282c2e912
Agriculture & Allied,Crops & agronomy,Maharashtra (MahaAgX),Development of Bullock Drawn Turmeric Interculture Cum Earthing Up Implement,bullock drawn; turmeric; interculture; earthing-up; weeding; farm machinery; marathwada; vnmkv,Maharashtra,Vasantrao Naik Marathwada Krishi Vidyapeeth Parbhani,Agriculture,pdf,OPEN,2026-02-16T03:53:35+0530,1f034236-fd78-4bd7-8a90-461d4fd3f8e7
Agriculture & Allied,Crops & agronomy,Maharashtra (MahaAgX),Development Of Crop Coefficient For Cotton (Bt) Under Semi-Arid Condition,cotton; irrigation; evapotranspiration; cropcoefficient; semiarid; agriculture,Maharashtra,Mahatma Phule Krishi Vidyapeeth Rahuri,Agriculture,docx,RESTRICTED,2026-06-11T07:21:25+0530,b398b7cc-60dc-4984-9334-27e0e8dc6bc1
Agriculture & Allied,Crops & agronomy,Maharashtra (MahaAgX),Development Of Crop Coefficient For Rabi Potato Under Semi-Arid Conditions,potato; cropcoefficient; evapotranspiration; irrigation; semiarid,Maharashtra,Mahatma Phule Krishi Vidyapeeth Rahuri,Agriculture,docx,RESTRICTED,2026-06-11T07:16:20+0530,e112ba58-c207-4310-abd4-3659e43a7229
Agriculture & Allied,Crops & agronomy,Maharashtra (MahaAgX),Development Of Crop Coefficient For Soybean Under Semi-Arid Condition - Research Recommendations 2018,soybean; cropcoefficient; irrigation; watermanagement; agronomy,Maharashtra,Mahatma Phule Krishi Vidyapeeth Rahuri,Agriculture,docx,RESTRICTED,2026-06-11T07:24:46+0530,8006c1a4-7bb8-4e31-b61c-0bfb6e0c41a6
Agriculture & Allied,Crops & agronomy,Maharashtra (MahaAgX),Development Of Crop Coefficient For Sugarcane Under Semi-Arid Conditions,sugarcane; cropcoefficient; irrigation; evapotranspiration; semiarid,Maharashtra,Mahatma Phule Krishi Vidyapeeth Rahuri,Agriculture,docx,RESTRICTED,2026-06-11T07:15:10+0530,2948ec15-69ab-4a30-aa17-342fb5f7f2bb
Agriculture & Allied,Crops & agronomy,Maharashtra (MahaAgX),Development Of Crop Coefficient For Wheat Under Semi-Arid Condition,wheat; cropcoefficient; irrigation; evapotranspiration; semiarid,Maharashtra,Mahatma Phule Krishi Vidyapeeth Rahuri,Agriculture,docx,RESTRICTED,2026-06-11T07:20:20+0530,fea2d708-860c-4ceb-9ecb-6e17a6b45aa6
Agriculture & Allied,Crops & agronomy,Maharashtra (MahaAgX),Development Of Crop Coefficients For Suru Sugarcane (Ratoon) For Rahuri Region,sugarcane; cropcoefficients; irrigation; lysimetry; evapotranspiration,Maharashtra,Mahatma Phule Krishi Vidyapeeth Rahuri,Agriculture,docx,RESTRICTED,2026-06-11T07:18:02+0530,fe0ac935-0de1-4135-83a4-a1870b80a488
Agriculture & Allied,Crops & agronomy,Maharashtra (MahaAgX),Development Of Decision Support System For Optimization Of Farm Pond Size,decision; support; pond; irrigation; water,Maharashtra,Mahatma Phule Krishi Vidyapeeth Rahuri,Agriculture,docx,RESTRICTED,2026-06-11T07:08:40+0530,7188f5e1-3962-4d99-8994-6e65356aafeb
Agriculture & Allied,Crops & agronomy,Maharashtra (MahaAgX),Development Of Finger Millet Thresher Cum Pearler,finger; millet; thresher; pearler; machine; agriculture,Maharashtra,Dr. Balasaheb Sawant Konkan Krishi Vidyapeeth Dapoli,Agriculture,pdf,RESTRICTED,2026-06-02T14:41:03+0530,f700a8ed-2fa2-40f4-8031-a1856dcfd31c
Agriculture & Allied,Crops & agronomy,Maharashtra (MahaAgX),Development of Flaxseed Enriched Multigrain Bar Using Stevia as Natural Sweetener,flaxseed; stevia; multigrain; enrichment; sweetener; bar; nutrition; vnmkv,Maharashtra,Vasantrao Naik Marathwada Krishi Vidyapeeth Parbhani,Agriculture,docx,OPEN,2026-02-16T03:38:16+0530,c1047891-2ea9-4352-a651-37635743252a
Agriculture & Allied,Crops & agronomy,Maharashtra (MahaAgX),Development of Integrated Disease Management (idm) Module for the Management of Bt Cotton Diseases,bt cotton; idm; disease management; seed treatment; bio-agents; pseudomonas fluorescens; trichoderma viride; fungal leaf spot; bacterial leaf blight; vnmkv,Maharashtra,Vasantrao Naik Marathwada Krishi Vidyapeeth Parbhani,Agriculture,pdf,OPEN,2026-02-16T03:25:55+0530,cdd85f6e-a0ab-49d8-bc47-09ba80fd10ce
Agriculture & Allied,Crops & agronomy,Maharashtra (MahaAgX),Development of Modified Crop Coefficients (k_c) for Kharif and Rabi Crops,crop coefficient; evapotranspiration; irrigation management; water requirement; parbhani; bt cotton; pigeon pea; soybean; safflower; chickpea; vnmkv,Maharashtra,Vasantrao Naik Marathwada Krishi Vidyapeeth Parbhani,Agriculture,pdf,OPEN,2026-02-16T03:43:49+0530,12a0f864-81d3-43dd-9129-b981c7161ead
Agriculture & Allied,Crops & agronomy,Maharashtra (MahaAgX),Development of Modified Crop Coefficients for Kharif and Rabi Crops Based on Weather Parameters of Parbhani,cropcoefficient; evapotranspiration; irrigation; kharif; rabi; parbhani; engineering,Maharashtra,Vasantrao Naik Marathwada Krishi Vidyapeeth Parbhani,Agriculture,pdf,RESTRICTED,2026-06-05T12:57:36+0530,50568cc8-023a-4614-866c-4bb570a96fee
Agriculture & Allied,Crops & agronomy,Maharashtra (MahaAgX),Development of Portable Low Cost Folding Type Dehusker for Coconut,coconut; dehusker; portable; lowcost; folding; ergonomics,Maharashtra,Dr. Balasaheb Sawant Konkan Krishi Vidyapeeth Dapoli,Agriculture,pdf,RESTRICTED,2026-06-02T12:56:08+0530,ce77682f-2c69-44bd-96ba-5388faca32dc
Agriculture & Allied,Crops & agronomy,Maharashtra (MahaAgX),Development of Process Technology for Fortified Soynut Chikki,soybean; chikki; fortification; jaggery; nutrition; snacks; protein; vnmkv,Maharashtra,Vasantrao Naik Marathwada Krishi Vidyapeeth Parbhani,Agriculture,pdf,OPEN,2026-02-16T03:35:41+0530,600e9499-e562-4cd6-8780-0da11e2d0746
Agriculture & Allied,Crops & agronomy,Maharashtra (MahaAgX),Development of self propelled reaper for harvesting Paddy,paddy; harvest; reaper; mechanization; agriculture; fieldperformance; ergonomic,Maharashtra,Dr. Balasaheb Sawant Konkan Krishi Vidyapeeth Dapoli,Agriculture,pdf,RESTRICTED,2026-06-02T12:55:37+0530,83f34361-2795-427e-b6aa-e099d95ae82e
Agriculture & Allied,Crops & agronomy,Maharashtra (MahaAgX),Development Of Single Bullock Drawn Ridger,agriculture; engineering; technology; fieldtesting; costanalysis,Maharashtra,Vasantrao Naik Marathwada Krishi Vidyapeeth Parbhani,Agriculture,pdf,RESTRICTED,2026-06-05T13:28:35+0530,0dc9970c-62ef-4672-bb8a-d0ed2bbe8dec
Agriculture & Allied,Crops & agronomy,Maharashtra (MahaAgX),Development Of Spectral Signature Library And Ndvi Values For Sugarcane Under Different Water Stress Conditions,sugarcane; ndvi; spectral; waterstress; irrigation; cropcoefficient; remote,Maharashtra,Mahatma Phule Krishi Vidyapeeth Rahuri,Agriculture,docx,RESTRICTED,2026-06-08T12:12:29+0530,c7735a5b-9a23-438f-8274-2c3b2f16002e
Agriculture & Allied,Crops & agronomy,Maharashtra (MahaAgX),Development of Tractor Drawn Rotary Inter-culturing Tool,tractor drawn; rotary weeder; inter-cultivation; weed management; wide row crops; cotton; maize; marathwada; vnmkv,Maharashtra,Vasantrao Naik Marathwada Krishi Vidyapeeth Parbhani,Agriculture,pdf,OPEN,2026-02-16T03:53:42+0530,12c24b12-d79d-40c8-a476-4a276cb87dad
Agriculture & Allied,Crops & agronomy,Maharashtra (MahaAgX),Development Of Yield Response Factor For Rabi Potato Under Semi-Arid Conditions,potato; yield; irrigation; semiarid; response,Maharashtra,Mahatma Phule Krishi Vidyapeeth Rahuri,Agriculture,docx,RESTRICTED,2026-06-11T07:15:59+0530,23f79aa5-8f83-4088-bc99-c982eaa48336
Agriculture & Allied,Crops & agronomy,Maharashtra (MahaAgX),Development Of Yield Response Factors For Cotton (Bt) Under Semi-Arid Condition,cotton; yield; irrigation; semiarid; response,Maharashtra,Mahatma Phule Krishi Vidyapeeth Rahuri,Agriculture,docx,RESTRICTED,2026-06-11T07:21:05+0530,2a5e985e-8385-4c44-8c8f-aa73507b37a0
Agriculture & Allied,Crops & agronomy,Maharashtra (MahaAgX),Development Of Yield Response Factors For Suru Sugarcane Under Semi-Arid Condition,sugarcane; irrigation; yield; evapotranspiration; semiarid,Maharashtra,Mahatma Phule Krishi Vidyapeeth Rahuri,Agriculture,docx,RESTRICTED,2026-06-11T07:22:55+0530,ac58c6d9-ebf2-4845-9fac-6fc6cbdf52e2
Agriculture & Allied,Crops & agronomy,Maharashtra (MahaAgX),Development Of Yield Response Factors For Wheat Under Semi-Arid Condition,wheat; irrigation; yield; evapotranspiration; semiarid; agriculture,Maharashtra,Mahatma Phule Krishi Vidyapeeth Rahuri,Agriculture,docx,RESTRICTED,2026-06-11T07:20:01+0530,511a826d-615c-451a-8c11-648e8075ecd2
Agriculture & Allied,Crops & agronomy,Maharashtra (MahaAgX),District-wise Crop Coefficient (Kc) Dataset for 14 Major Crops,cropcoefficient; kc; irrigation; maharashtra; mpkv,Maharashtra,Mahatma Phule Krishi Vidyapeeth Rahuri,Agriculture,xlsx,RESTRICTED,2026-05-21T16:13:41+0530,69bbff51-4cbb-4b86-937b-5c1a50b34c88
Agriculture & Allied,Crops & agronomy,Maharashtra (MahaAgX),District-wise Crop Coefficient (Kc) Dataset for 25 Major Crops,crop coefficient; kc; irrigation; evapotranspiration; maharashtra; mpkv,Maharashtra,Mahatma Phule Krishi Vidyapeeth Rahuri,Agriculture,xlsx,RESTRICTED,2026-05-21T16:13:11+0530,40de6560-048a-482e-a263-c95c16e95c80
Agriculture & Allied,Crops & agronomy,Maharashtra (MahaAgX),Documentation Of Adoption Of Innovative Agro Technologies By Mpkv Idols,agriculture; technology; adoption; rural; media; farmers,Maharashtra,Mahatma Phule Krishi Vidyapeeth Rahuri,Agriculture,docx,RESTRICTED,2026-06-10T23:17:06+0530,01ce2fcb-d206-4abe-a2ce-d1c21b073d49
Agriculture & Allied,Crops & agronomy,Maharashtra (MahaAgX),"Drone Imagery for Crop Intelligence from Rahuri, Maharashtra",drone images; rgb sensor; multispectral sensor; crop intelligence; mpkv; rahuri; maharashtra,Maharashtra,Mahatma Phule Krishi Vidyapeeth Rahuri,Agriculture,"jpg,tif",RESTRICTED,2026-07-10T15:31:55+0530,d2ce8965-7251-48b2-aa31-76160000234b
Agriculture & Allied,Crops & agronomy,Maharashtra (MahaAgX),Dryspell Analysis and Development of Crop Specific Dryspell Nomographs for Marathwada Region,dryspell analysis; nomographs; crop planning; marathwada; climate resilience; rainfall analysis; water stress; probability distribution; vnmkv,Maharashtra,Vasantrao Naik Marathwada Krishi Vidyapeeth Parbhani,Agriculture,pdf,OPEN,2026-02-16T03:45:26+0530,6c0a716b-6954-4680-8ab8-f03b30fa11e9
Agriculture & Allied,Crops & agronomy,Maharashtra (MahaAgX),Economic Analysis for Profitable Paddy Production in Konkan Region,paddy; production; profitability; konkan; marketing; processing; agricultural; bskkv,Maharashtra,Dr. Balasaheb Sawant Konkan Krishi Vidyapeeth Dapoli,Agriculture,pdf,OPEN,2026-02-16T04:35:29+0530,6af601d6-ae85-46b1-a84d-1a2583ee900c
Agriculture & Allied,Crops & agronomy,Maharashtra (MahaAgX),Economic Analysis of Production and Value Chain of Millet in Western Maharashtra,millet; economics; value-chain; production; profitability; maharashtra; bajra; mpkv,Maharashtra,Mahatma Phule Krishi Vidyapeeth Rahuri,Agriculture,docx,RESTRICTED,2026-02-16T01:05:54+0530,4b922cff-a084-46da-8b26-e0c2d3ea54a7
Agriculture & Allied,Crops & agronomy,Maharashtra (MahaAgX),Economic Impact of Onion Research and Extension On Farm Economy,onion; economics; impact; research; extension; maharashtra; export; mpkv,Maharashtra,Mahatma Phule Krishi Vidyapeeth Rahuri,Agriculture,docx,RESTRICTED,2026-02-16T01:05:36+0530,bcd252a9-9b99-485a-a13e-b36d0a17e63a
Agriculture & Allied,Crops & agronomy,Maharashtra (MahaAgX),Economic Impact Of Rabi Sorghum Varieties And Input-Output Prices Of Major Cash Crops In Maharashtra - Research Recommendations 2017,sorghum; cotton; inputprices; economics; agriculture,Maharashtra,Mahatma Phule Krishi Vidyapeeth Rahuri,Agriculture,doc,RESTRICTED,2026-06-10T21:37:11+0530,be8a4948-5612-485b-aa33-d2baf64bc68c
Agriculture & Allied,Crops & agronomy,Maharashtra (MahaAgX),Economic Impact Of Soybean Phule Sangam Variety Under Icar Farmer First Programme,soybean; phule; impact; technology; farmer; icaf,Maharashtra,Mahatma Phule Krishi Vidyapeeth Rahuri,Agriculture,docx,RESTRICTED,2026-06-10T23:13:09+0530,d2f0a87d-da40-430b-b4cc-d888398c90ec
Agriculture & Allied,Crops & agronomy,Maharashtra (MahaAgX),Economic Impact of University Released Rabi Sorghum Varieties in Maharashtra,sorghum; economics; productivity; varieties; maharashtra; impact; returns; mpkv,Maharashtra,Mahatma Phule Krishi Vidyapeeth Rahuri,Agriculture,docx,RESTRICTED,2026-02-16T01:05:15+0530,ccb30473-7d27-4fd9-a3bc-52ecd8575313
Agriculture & Allied,Crops & agronomy,Maharashtra (MahaAgX),Effect Of Alley Ways On Hoppers Incidence In Rice Crop,rice; hopper; alleyway; pestcontrol; yield,Maharashtra,Dr. Panjabrao Deshmukh Krishi Vidyapeeth Akola,Agriculture,docx,RESTRICTED,2026-06-09T07:08:55+0530,4d2e3a62-0a0e-46b9-928e-d9468b97fb71
Agriculture & Allied,Crops & agronomy,Maharashtra (MahaAgX),Effect of Antistaling Agent On Keeping Quality of Sorghum Based Multigrain Roti,sorghum; multigrain; roti; antistaling; shelf-life; preservative; quality; vnmkv,Maharashtra,Vasantrao Naik Marathwada Krishi Vidyapeeth Parbhani,Agriculture,docx,OPEN,2026-02-16T03:38:30+0530,e9d3d237-fa9f-4bfb-b4bb-9d24223d9654
Agriculture & Allied,Crops & agronomy,Maharashtra (MahaAgX),Effect Of Application Of Entomopathogenic Nematode For Control Of White Grub Pest In Sugarcane Crop - Research Recommendations 2023,sugarcane; nematode; whitegrub; biologicalcontrol; yield,Maharashtra,Mahatma Phule Krishi Vidyapeeth Rahuri,Agriculture,docx,RESTRICTED,2026-06-11T00:06:53+0530,59131801-f95d-46c5-9f61-64b77b792ec9
Agriculture & Allied,Crops & agronomy,Maharashtra (MahaAgX),Effect Of Application Of Microbial Slurry Containing Natural Agricultural Beneficial Microorganisms On Yield And Quality Of Sugarcane,sugarcane; microbial; slurry; organic; yield,Maharashtra,Mahatma Phule Krishi Vidyapeeth Rahuri,Agriculture,doc,RESTRICTED,2026-06-10T23:32:07+0530,04fffb0a-d899-4630-afd6-4850e89f2640
Agriculture & Allied,Crops & agronomy,Maharashtra (MahaAgX),Effect Of BBF On Moisture Conservation And Yield Of Sorghum,sorghum; research; recommendations; agriculture; 2018,Maharashtra,Dr. Panjabrao Deshmukh Krishi Vidyapeeth Akola,Agriculture,"docx, xlsx",RESTRICTED,2026-06-09T07:19:12+0530,78ccc599-d897-4e51-a4a9-21434ff50626
Agriculture & Allied,Crops & agronomy,Maharashtra (MahaAgX),"Effect Of Chemicals And Plant Growth Regulator On Growth, Yield And Quality Of Capsicum Under Shadenet House Conditions",capsicum; chemicals; regulators; yield; shadehouse,Maharashtra,Dr. Panjabrao Deshmukh Krishi Vidyapeeth Akola,Agriculture,docx,RESTRICTED,2026-06-09T06:42:57+0530,2e92d98d-b56c-40fb-a1c0-4fc6b634a932
Agriculture & Allied,Crops & agronomy,Maharashtra (MahaAgX),Effect Of Dehaulming On Yield And Quality Of Potato - Research Recommendations 2023,potato; dehaulming; yield; quality; horticulture,Maharashtra,Mahatma Phule Krishi Vidyapeeth Rahuri,Agriculture,docx,RESTRICTED,2026-06-10T22:26:25+0530,4d64b610-7e1f-4fde-89f8-4b3ab326cd93
Agriculture & Allied,Crops & agronomy,Maharashtra (MahaAgX),Effect Of Different Levels Of Nitrogen And Phosphorus On Growth Yield And Quality Of Sweetcorn (Zea Mays (L)Var Saccharata),horticulture; vegetable; research; recommendations; 2021-22,Maharashtra,Dr. Panjabrao Deshmukh Krishi Vidyapeeth Akola,Agriculture,xlsx,RESTRICTED,2026-06-09T06:43:25+0530,23707d2b-9089-491d-aa58-c9da95d23c9f
Agriculture & Allied,Crops & agronomy,Maharashtra (MahaAgX),"Effect Of Different Organic Sources And Biofertilizers On Growth, Yield And Quality Of Beetroo",rice; recommendations; study; agriculture; analysis,Maharashtra,Dr. Panjabrao Deshmukh Krishi Vidyapeeth Akola,Agriculture,xlsx,RESTRICTED,2026-06-09T07:02:55+0530,4a63d7e2-0197-4cfb-b4b4-7fc3ae114393
Agriculture & Allied,Crops & agronomy,Maharashtra (MahaAgX),"Effect Of Different Organic Sources And Biofertilizers On Growth, Yield And Quality Of Beetroot",horticulture; vegetable; research; recommendations; agriculture; study,Maharashtra,Dr. Panjabrao Deshmukh Krishi Vidyapeeth Akola,Agriculture,xls,RESTRICTED,2026-06-09T06:46:36+0530,2ea5224e-192c-4541-b567-fb189e5c3dfe
Agriculture & Allied,Crops & agronomy,Maharashtra (MahaAgX),Effect Of Different Sowing Windows And Varieties On Off Season Summer Soybean Seed Production In Vidarbha Zone,soybean; sowing; yield; economics; pest,Maharashtra,Dr. Panjabrao Deshmukh Krishi Vidyapeeth Akola,Agriculture,"docx, xlsx",RESTRICTED,2026-06-09T05:07:21+0530,54b30d5e-a2f7-4120-9541-4da8483ee6b3
Agriculture & Allied,Crops & agronomy,Maharashtra (MahaAgX),Effect of Different Spacing and Sowing Date On Yield of Bt Cotton Hybrid Under Rainfed Condition,bt cotton; sowing dates; delayed sowing; plant spacing; rainfed conditions; seed cotton yield; economics; nanded; vnmkv,Maharashtra,Vasantrao Naik Marathwada Krishi Vidyapeeth Parbhani,Agriculture,pdf,OPEN,2026-02-16T03:25:16+0530,14f55dce-02e9-478a-bc4d-10073bd3f6c2
Agriculture & Allied,Crops & agronomy,Maharashtra (MahaAgX),Effect Of Different Value Added Briquettes On Growth And Yield Of Cashew,cashew; briquettes; growth; yield; soil,Maharashtra,Dr. Balasaheb Sawant Konkan Krishi Vidyapeeth Dapoli,Agriculture,pdf,RESTRICTED,2026-06-03T12:08:08+0530,b10f3bc3-07cc-468c-957c-044772b8f67b
Agriculture & Allied,Crops & agronomy,Maharashtra (MahaAgX),Effect of Different Varieties and Spacings On Growth and Yield of Bamboo,bamboo; dendrocalamus strictus; spacing optimization; dryland agriculture; agroforestry; biomass yield; marathwada; sustainable farming; vnmkv,Maharashtra,Vasantrao Naik Marathwada Krishi Vidyapeeth Parbhani,Agriculture,pdf,OPEN,2026-02-16T03:46:56+0530,f805a07a-b530-4b3d-9696-5865df44af14
Agriculture & Allied,Crops & agronomy,Maharashtra (MahaAgX),"Effect of Foliar Application with Potassium Nitrate on Growth, Yield and Quality of Soybean (Glycine max L Merrill)",soybean; potassium; nitrate; foliar; growth; yield; quality; vnmkv,Maharashtra,Vasantrao Naik Marathwada Krishi Vidyapeeth Parbhani,Agriculture,pdf,OPEN,2026-02-17T03:35:00+0530,281aed03-f791-4d05-882f-1694792f75ef
Agriculture & Allied,Crops & agronomy,Maharashtra (MahaAgX),Effect Of Foliar Applications On Growth And Yield Of Paddy - Research Recommendations 2023,rice; paddy; fertilizer; yield; economics,Maharashtra,Mahatma Phule Krishi Vidyapeeth Rahuri,Agriculture,docx,RESTRICTED,2026-06-10T21:58:32+0530,dcf1239d-b2da-416b-b39d-e5500bf5efe6
Agriculture & Allied,Crops & agronomy,Maharashtra (MahaAgX),Effect Of Gluconacetobacter Diazotrophicus And Psb On Sugarcane Seed Yield And Quality With Varying N And P Levels,sugarcane; microbiology; biofertilizer; nitrogen; phosphorus,Maharashtra,Mahatma Phule Krishi Vidyapeeth Rahuri,Agriculture,doc,RESTRICTED,2026-06-11T07:29:41+0530,3225354b-c3d3-4020-a009-2fbf9c20654f
Agriculture & Allied,Crops & agronomy,Maharashtra (MahaAgX),Effect Of Harvesting Techniques On New Culm Production Of Different Bamboo Species,bamboo; harvesting; culm; species; height,Maharashtra,Mahatma Phule Krishi Vidyapeeth Rahuri,Agriculture,docx,RESTRICTED,2026-06-11T00:02:45+0530,ffa141ca-3e7b-4108-80f2-2f71ea46b77b
Agriculture & Allied,Crops & agronomy,Maharashtra (MahaAgX),Effect Of Insecticidal Seed Treatment For The Control Of Pests Of Wheat,wheat; insecticide; seed; pestcontrol; agriculture; entomology; recommendation,Maharashtra,Mahatma Phule Krishi Vidyapeeth Rahuri,Agriculture,doc,RESTRICTED,2026-06-11T07:41:37+0530,21841273-ae1c-4f38-a6c7-50e86cdc66f8
Agriculture & Allied,Crops & agronomy,Maharashtra (MahaAgX),Effect Of Liquid Azotobacter And Psb On Yield Of Rabi Sunflower Under Dryland Conditions,sunflower; azotobacter; psb; biofertilizer; dryland,Maharashtra,Mahatma Phule Krishi Vidyapeeth Rahuri,Agriculture,"doc, docx",RESTRICTED,2026-06-11T07:31:49+0530,b059ea56-e26c-47c3-8418-144f85c4ae85
Agriculture & Allied,Crops & agronomy,Maharashtra (MahaAgX),Effect of Mechanization On Productivity and Economics of Soybean-safflower Sequence Cropping,mechanization; soybean-safflower; sequence cropping; bbf (broad bed furrow); infiltration; energy efficiency; marathwada; sustainable intensification; vnmkv,Maharashtra,Vasantrao Naik Marathwada Krishi Vidyapeeth Parbhani,Agriculture,pdf,OPEN,2026-02-16T03:52:13+0530,4028a405-a091-492e-979c-888b21375e8c
Agriculture & Allied,Crops & agronomy,Maharashtra (MahaAgX),Effect Of Mpkv Azotobacter-Psb-Kmb Consortium On Maize Yield - Research Recommendations 2025,maize; biofertilizer; azotobacter; psb; yield,Maharashtra,Mahatma Phule Krishi Vidyapeeth Rahuri,Agriculture,docx,RESTRICTED,2026-06-11T07:27:39+0530,0eab3df1-38fd-44c6-84de-bce7e80b8900
Agriculture & Allied,Crops & agronomy,Maharashtra (MahaAgX),Effect Of Phosphorus Sources And Microorganisms On Yield And Phosphorus Availability In Paddy,paddy; phosphorus; microorganisms; yield; soil,Maharashtra,Mahatma Phule Krishi Vidyapeeth Rahuri,Agriculture,doc,RESTRICTED,2026-06-10T22:44:54+0530,574cbddd-54aa-4f39-8b6b-774e530a2d0b
Agriculture & Allied,Crops & agronomy,Maharashtra (MahaAgX),Effect Of Plant Density And Calcium Nitrate Spray On Growth Flowering And Yield Of China Aster,plantdensity; calciumnitrate; growth; flowering; yield,Maharashtra,Dr. Panjabrao Deshmukh Krishi Vidyapeeth Akola,Agriculture,docx,RESTRICTED,2026-06-09T06:30:19+0530,743b76ac-aef3-4649-949a-44e8eebf5955
Agriculture & Allied,Crops & agronomy,Maharashtra (MahaAgX),"Effect Of Plant Growth Regulators On Growth, Yield And Quality Of Strawberry Cv Camarosa",strawberry; horticulture; growth; yield; quality,Maharashtra,Mahatma Phule Krishi Vidyapeeth Rahuri,Agriculture,docx,RESTRICTED,2026-06-10T22:23:14+0530,7dd9f274-c9a0-4062-9228-f3a23bd96134
Agriculture & Allied,Crops & agronomy,Maharashtra (MahaAgX),Effect Of Planting Dates On Insect Pest Incidence In Paddy,planting; pest; paddy; gallmidge; yield; insect; agriculture,Maharashtra,Dr. Panjabrao Deshmukh Krishi Vidyapeeth Akola,Agriculture,"docx, xlsx",RESTRICTED,2026-06-09T07:05:37+0530,5befbb73-4e81-4230-8a3f-b5a2af102409
Agriculture & Allied,Crops & agronomy,Maharashtra (MahaAgX),Effect Of Potassium Levels On Growth And Yield Of Rajmah,rajmah; potassium; yield; growth; fertilizer,Maharashtra,Mahatma Phule Krishi Vidyapeeth Rahuri,Agriculture,docx,RESTRICTED,2026-06-10T21:56:49+0530,8cc4d529-be71-45e3-8dd6-d32690e05360
Agriculture & Allied,Crops & agronomy,Maharashtra (MahaAgX),Effect Of Rainwater Conservation And Potassium On Pigeonpea Yield Under Dryland Conditions,pigeonpea; dryland; rainwater; potassium; yield,Maharashtra,Mahatma Phule Krishi Vidyapeeth Rahuri,Agriculture,docx,RESTRICTED,2026-06-10T23:44:03+0530,b8867f00-e4aa-4a73-8a4d-9901db393aa5
Agriculture & Allied,Crops & agronomy,Maharashtra (MahaAgX),"Effect Of Rhizobium, Psb And Potash On Yield Of Soybean (Glycine Max) - Research Recommendations 2022",soybean; rhizobium; psb; potash; biofertilizer,Maharashtra,Mahatma Phule Krishi Vidyapeeth Rahuri,Agriculture,docx,RESTRICTED,2026-06-11T07:34:37+0530,322ee078-014a-4600-a8a2-da67952ad78a
Agriculture & Allied,Crops & agronomy,Maharashtra (MahaAgX),Effect Of Silicic Acid On Disease Incidence And Yield Of Kharif Onion - Research Recommendations 2021,onion; silicicacid; disease; yield; purpleblotch; horticulture,Maharashtra,Mahatma Phule Krishi Vidyapeeth Rahuri,Agriculture,doc,RESTRICTED,2026-06-11T07:33:59+0530,846ce9db-5d55-4d74-9cbe-52bbd11413b6
Agriculture & Allied,Crops & agronomy,Maharashtra (MahaAgX),"Effect Of Silicic Acid On Growth, Yield And Quality Of Kharif Onion - Research Recommendations 2021",onion; silicicacid; growth; yield; quality,Maharashtra,Mahatma Phule Krishi Vidyapeeth Rahuri,Agriculture,doc,RESTRICTED,2026-06-10T21:45:01+0530,d7518369-9dfd-473c-bb68-f51ef479683f
Agriculture & Allied,Crops & agronomy,Maharashtra (MahaAgX),Effect Of Sowing Dates On Insect Pests Of Wheat In Various Varieties - Research Recommendations 2018,wheat; sowing; pests; aphids; yield; agriculture,Maharashtra,Mahatma Phule Krishi Vidyapeeth Rahuri,Agriculture,doc,RESTRICTED,2026-06-11T07:45:04+0530,2afe2d2c-3e0d-44e2-8e73-ac40726ec3e6
Agriculture & Allied,Crops & agronomy,Maharashtra (MahaAgX),Effect Of Spacing And Bending Time Of Seedlings On Growth And Yield Performance Of Transplanted Paddy,paddy; rice; seedlings; bending; yield; spacing; agriculture,Maharashtra,Mahatma Phule Krishi Vidyapeeth Rahuri,Agriculture,docx,RESTRICTED,2026-06-11T00:02:14+0530,c15d67e5-704c-47a9-b172-531afa9daa99
Agriculture & Allied,Crops & agronomy,Maharashtra (MahaAgX),"Effect Of Spray Of Solution Containing Derivatives Of Thioproline, Folic Acid And Brassinolides To Increase Retention And Yield On Cashew Nut",cashew; retention; yield; spray; growthregulator,Maharashtra,Dr. Balasaheb Sawant Konkan Krishi Vidyapeeth Dapoli,Agriculture,pdf,RESTRICTED,2026-06-03T11:21:13+0530,80c5cc3c-3b5f-40dc-9140-0f225bfa1854
Agriculture & Allied,Crops & agronomy,Maharashtra (MahaAgX),"Effect Of Sugarcane Setts And Seedlings With Liquid Biofertilizer On Growth, Yield And Quality-2024",sugarcane; biofertilizer; growth; yield; quality,Maharashtra,Mahatma Phule Krishi Vidyapeeth Rahuri,Agriculture,doc,RESTRICTED,2026-06-10T23:33:55+0530,8868e4aa-425c-4ad6-942b-3a3688957317
Agriculture & Allied,Crops & agronomy,Maharashtra (MahaAgX),Effect of Sulphur and Bio-Inoculants on Growth and Yield of Black Gram (Vigna Mungo),sulphur; bio-inoculants; growth; yield; blackgram; nutrients; agriculture; vnmkv,Maharashtra,Vasantrao Naik Marathwada Krishi Vidyapeeth Parbhani,Agriculture,pdf,OPEN,2026-02-17T03:42:50+0530,344d7f61-d13b-4756-a657-cabac53924f1
Agriculture & Allied,Crops & agronomy,Maharashtra (MahaAgX),Effect of Sulphur and Boron on Yield and Quality of Kharif Sunflower (Helianthus Annus L),sulphur; boron; sunflower; yield; quality; nutrients; agriculture; vnmkv,Maharashtra,Vasantrao Naik Marathwada Krishi Vidyapeeth Parbhani,Agriculture,pdf,OPEN,2026-02-17T03:43:05+0530,ddb5aabf-04b6-4ab9-91fc-3cf846d2f0d8
Agriculture & Allied,Crops & agronomy,Maharashtra (MahaAgX),"Effect Of Time And Severity Of Pruning On Yield, Quality And Productivity Of Nagpur Mandarin Under High Density Planting",horticulture; fruit; research; recommendations; science,Maharashtra,Dr. Panjabrao Deshmukh Krishi Vidyapeeth Akola,Agriculture,xlsx,RESTRICTED,2026-06-09T06:35:12+0530,25616b77-aa60-4501-a05d-a4a80fc900cb
Agriculture & Allied,Crops & agronomy,Maharashtra (MahaAgX),"Effect Of Time Of Planting On Growth, Yield And Quality Of Strawberry Cv Camarosa Under Mahableshwar Conditions",strawberry; horticulture; planting; yield; economics,Maharashtra,Mahatma Phule Krishi Vidyapeeth Rahuri,Agriculture,docx,RESTRICTED,2026-06-10T22:22:41+0530,4b4ff935-d887-434f-990d-bb196b498057
Agriculture & Allied,Crops & agronomy,Maharashtra (MahaAgX),Effect of Water Stress Levels on Growth Parameters of Soybean in a Randomized Block Design during 2015-16,soybean; waterstress; randomizedblock; agronomy; irrigation; yield; cropphysiology,Maharashtra,Mahatma Phule Krishi Vidyapeeth Rahuri,Agriculture,xlsx,RESTRICTED,2026-05-21T10:26:27+0530,ea25fb39-e199-46e4-ad58-32b37db04c4a
Agriculture & Allied,Crops & agronomy,Maharashtra (MahaAgX),Efficacy Of Different Bio Pesticides Against Aphids On Dawana Artemisia Pallens,biopesticide; aphid; dawana; artemisia; efficacy; recommendation,Maharashtra,Mahatma Phule Krishi Vidyapeeth Rahuri,Agriculture,doc,RESTRICTED,2026-06-11T07:51:17+0530,f75f7e8d-fe86-4a53-8184-7d1efc870cf0
Agriculture & Allied,Crops & agronomy,Maharashtra (MahaAgX),Efficacy of Herbicide Combinations for Weed Control in Soybean (glycine Max Merril),soybean; herbicide; weed; agronomy; productivity; cultivation; chemicals; vnmkv,Maharashtra,Vasantrao Naik Marathwada Krishi Vidyapeeth Parbhani,Agriculture,pdf,OPEN,2026-02-16T03:37:02+0530,743a699c-9f2b-4979-bd08-0dc4962d4476
Agriculture & Allied,Crops & agronomy,Maharashtra (MahaAgX),Efficacy Of Newer Insecticides Against Early Shoot Borer - Research Recommendations 2016,insecticide; shootborer; sugarcane; efficacy; management,Maharashtra,Mahatma Phule Krishi Vidyapeeth Rahuri,Agriculture,docx,RESTRICTED,2026-06-11T07:43:47+0530,90082ecc-0b98-456c-a73a-61651c729cc8
Agriculture & Allied,Crops & agronomy,Maharashtra (MahaAgX),Efficacy Of Plant Powders Against Callosobruchus Chinensis On Pigeonpea And Chickpea Seed Storage,pigeonpea; chickpea; plantpowder; entomology; storage; pulsebeetle,Maharashtra,Mahatma Phule Krishi Vidyapeeth Rahuri,Agriculture,docx,RESTRICTED,2026-06-11T00:07:53+0530,a32129f8-e1c7-4301-9c6c-cd8dde99552b
Agriculture & Allied,Crops & agronomy,Maharashtra (MahaAgX),Employment Status And Entrepreneurial Need Of Agricultural Technical School Students,mandarin; fruitdrop; technology; agriculture; adoption; gap; study,Maharashtra,Dr. Panjabrao Deshmukh Krishi Vidyapeeth Akola,Agriculture,"docx, xlsx",RESTRICTED,2026-06-09T05:05:23+0530,2f18ec49-88f5-4d52-9051-e6dca9ea7179
Agriculture & Allied,Crops & agronomy,Maharashtra (MahaAgX),Encapsulation Of Garden Cress Seed Oil Using Spray Drying Technique - Research Recommendations 2024,encapsulation; spraydrying; gardencress; oil; cookies,Maharashtra,Mahatma Phule Krishi Vidyapeeth Rahuri,Agriculture,doc,RESTRICTED,2026-06-11T06:55:25+0530,db2d357f-198c-4af9-8e67-0896411ea772
Agriculture & Allied,Crops & agronomy,Maharashtra (MahaAgX),Enhancing Iron Content In Bread Wheat,wheat; iron; soil; fertilizer; yield,Maharashtra,Mahatma Phule Krishi Vidyapeeth Rahuri,Agriculture,docx,RESTRICTED,2026-06-10T22:37:31+0530,b1185835-8d00-4d52-8359-b53a0cb300b9
Agriculture & Allied,Crops & agronomy,Maharashtra (MahaAgX),Ergonomic evaluation of manually operated paddy transplanters for assessing suitability to the Konkan region,ergonomics; paddy; transplanter; konkan; rice; manual,Maharashtra,Dr. Balasaheb Sawant Konkan Krishi Vidyapeeth Dapoli,Agriculture,pdf,RESTRICTED,2026-06-02T12:58:25+0530,3dd11dcc-f8f5-42ff-8176-f0a05e722016
Agriculture & Allied,Crops & agronomy,Maharashtra (MahaAgX),Ergonomic Interventions In Development Of Battery Powered Transplanting Mechanism For Two-Row Root Washed Type Manual Transplanter,ergonomics; biomechanics; transplanting; battery; paddy,Maharashtra,Dr. Balasaheb Sawant Konkan Krishi Vidyapeeth Dapoli,Agriculture,pdf,RESTRICTED,2026-06-02T15:03:45+0530,cf654505-1b50-4306-ba9c-cca3438938c1
Agriculture & Allied,Crops & agronomy,Maharashtra (MahaAgX),Ergonomical Performance Evaluation Of Engine Weeder,ergonomics; vibration; weeder; engine; agriculture,Maharashtra,Vasantrao Naik Marathwada Krishi Vidyapeeth Parbhani,Agriculture,pdf,RESTRICTED,2026-06-05T14:48:47+0530,1a17e66a-d45b-44aa-90d9-b08435a3a8e4
Agriculture & Allied,Crops & agronomy,Maharashtra (MahaAgX),Evaluation of Cotton Residue Incorporation with Tillage and Integrated Nutrient Management in Bt Cotton,bt cotton; cotton residue; tillage management; inm; soil fertility; residue incorporation; marathwada; sustainable agriculture; vnmkv,Maharashtra,Vasantrao Naik Marathwada Krishi Vidyapeeth Parbhani,Agriculture,pdf,OPEN,2026-02-16T03:47:12+0530,98b1cdf7-01f8-4ace-993e-1b22fbe0fa35
Agriculture & Allied,Crops & agronomy,Maharashtra (MahaAgX),Evaluation Of Fungicides For Management Of Leaf Blight Disease In Wheat,wheat; fungicide; leafblight; agriculture; crop,Maharashtra,Mahatma Phule Krishi Vidyapeeth Rahuri,Agriculture,doc,RESTRICTED,2026-06-10T22:35:13+0530,bc8845b5-0f4b-444b-81b4-291dbcf6934f
Agriculture & Allied,Crops & agronomy,Maharashtra (MahaAgX),Evaluation Of Fungicides For Management Of Turcicum Leaf Blight Disease In Maize,maize; fungicide; disease; agriculture; crop,Maharashtra,Mahatma Phule Krishi Vidyapeeth Rahuri,Agriculture,docx,RESTRICTED,2026-06-10T23:31:29+0530,95cae379-fc21-4cb6-a126-e427942efce1
Agriculture & Allied,Crops & agronomy,Maharashtra (MahaAgX),Evaluation Of Granular Insecticides Against White Grub - Research Recommendations 2023,insecticides; whitegrub; sugarcane; granular; pestcontrol,Maharashtra,Mahatma Phule Krishi Vidyapeeth Rahuri,Agriculture,doc,RESTRICTED,2026-06-10T22:19:19+0530,e405274c-0bfc-4b3b-a7ad-5eca4b640d03
Agriculture & Allied,Crops & agronomy,Maharashtra (MahaAgX),Evaluation Of Insecticidal Spray Schedule Against Cotton Bollworms Under Density Planting System,cotton; insecticide; bollworm; spray; highdensity,Maharashtra,Mahatma Phule Krishi Vidyapeeth Rahuri,Agriculture,docx,RESTRICTED,2026-06-11T07:44:42+0530,d04ecb3d-265f-444c-8e73-b87848e1eeef
Agriculture & Allied,Crops & agronomy,Maharashtra (MahaAgX),Evaluation of Major Rainfed Crops Based Intercropping System with Pigeonpea as Intercrop,intercropping; pigeonpea; soybean; sorghum; bbf planter; modified row ratio; rainfed agriculture; marathwada; vnmkv,Maharashtra,Vasantrao Naik Marathwada Krishi Vidyapeeth Parbhani,Agriculture,pdf,OPEN,2026-02-16T03:47:47+0530,56ee0eb4-7e4a-466f-9311-63e981cfd5a8
Agriculture & Allied,Crops & agronomy,Maharashtra (MahaAgX),Evaluation Of New Insecticides Against Fall Armyworm (Faw) Spodoptera Frugiperda On Maize,maize; insecticide; fallarmyworm; entomology; agriculture,Maharashtra,Mahatma Phule Krishi Vidyapeeth Rahuri,Agriculture,pdf,RESTRICTED,2026-06-11T07:57:52+0530,984729c7-9fa7-4fea-b23b-f0db72d544f2
Agriculture & Allied,Crops & agronomy,Maharashtra (MahaAgX),Evaluation of Onion Varieties and Nutrient Applications Under Late Kharif Conditions of Akola,onion; horticulture; nutrients; kharif; yield; akola; fertilizer; mpkv,Maharashtra,Dr. Panjabrao Deshmukh Krishi Vidyapeeth Akola,Agriculture,pdf,RESTRICTED,2026-04-07T18:51:54+0530,42c4a472-00c5-49f9-a7c8-dd3b0ea49221
Agriculture & Allied,Crops & agronomy,Maharashtra (MahaAgX),Evaluation of Soybean: Pigeonpea Strip Cropping Under Mechanization,soybean; pigeonpea; strip cropping; mechanization; dryland agriculture; intercropping; land equivalent ratio; marathwada; vnmkv,Maharashtra,Vasantrao Naik Marathwada Krishi Vidyapeeth Parbhani,Agriculture,pdf,OPEN,2026-02-16T03:46:50+0530,103f9328-565f-4e8c-970c-94486b561006
Agriculture & Allied,Crops & agronomy,Maharashtra (MahaAgX),Evaluation of the Efficacy of Bio-pesticides Against Pod Borer Complex in Pigeonpea,pigeonpea; bio-pesticides; pod borer; efficacy; entomology; maharashtra; vnmkv,Maharashtra,Vasantrao Naik Marathwada Krishi Vidyapeeth Parbhani,Agriculture,docx,OPEN,2026-02-16T03:20:07+0530,c2ebeaca-4e5b-4960-a479-b5e3909cd485
Agriculture & Allied,Crops & agronomy,Maharashtra (MahaAgX),Evaluation of Weaning Food Formulated from Locally Available Food Stuffs,weaning; nutrition; germination; rice; legume; infant; food; vnmkv,Maharashtra,Vasantrao Naik Marathwada Krishi Vidyapeeth Parbhani,Agriculture,docx,OPEN,2026-02-16T03:38:01+0530,ae4866f9-6713-46f4-9cb6-cfb519f8e0bf
Agriculture & Allied,Crops & agronomy,Maharashtra (MahaAgX),Evaporation Control Practices for Reducing Water Loss from Farm Pond,farm pond; evaporation control; water conservation; cetyl alcohol; neem oil; resource conservation; dryland agriculture; marathwada; vnmkv,Maharashtra,Vasantrao Naik Marathwada Krishi Vidyapeeth Parbhani,Agriculture,pdf,OPEN,2026-02-16T03:47:25+0530,6f39c1de-fc3d-436d-a324-dec465f208f8
Agriculture & Allied,Crops & agronomy,Maharashtra (MahaAgX),Exploring Genotype Variability for Salt Tolerance Mechanisms - Research Recommendations 2025,sorghum; biochemistry; salinity; genotype; tolerance; agriculture,Maharashtra,Mahatma Phule Krishi Vidyapeeth Rahuri,Agriculture,docx,RESTRICTED,2026-06-08T12:19:31+0530,73d98466-e8b1-492a-b08f-9ae442ce5ca5
Agriculture & Allied,Crops & agronomy,Maharashtra (MahaAgX),Fertilization Of Rice Through Briquettes Containing Zinc And Boron - Research Recommendations 2021,rice; paddy; fertilizer; zinc; boron; briquettes,Maharashtra,Mahatma Phule Krishi Vidyapeeth Rahuri,Agriculture,docx,RESTRICTED,2026-06-10T21:50:23+0530,f202e6a7-2959-44db-9c3c-ed297df48b6e
Agriculture & Allied,Crops & agronomy,Maharashtra (MahaAgX),"Ffect Of Different Spacing And Layout On Growth, Yield And Productivity Of Nagpur Mandarin",horticulture; fruit; research; recommendations; agriculture; science,Maharashtra,Dr. Panjabrao Deshmukh Krishi Vidyapeeth Akola,Agriculture,xlsx,RESTRICTED,2026-06-09T06:33:43+0530,f1e3388f-2e3a-4177-be08-f28e6a1143e0
Agriculture & Allied,Crops & agronomy,Maharashtra (MahaAgX),Field Evaluation Of Light Traps For Monitoring And Management Of Pectinophora Gossypiella On Cotton,cotton; lighttrap; pestcontrol; entomology; monitoring; fieldstudy,Maharashtra,Dr. Panjabrao Deshmukh Krishi Vidyapeeth Akola,Agriculture,docx,RESTRICTED,2026-06-09T05:37:27+0530,1a6a152d-102e-416b-b5a3-267822bc2e82
Agriculture & Allied,Crops & agronomy,Maharashtra (MahaAgX),Food Science  Technology - Research Recommendations 2016,cookies; malt; sponge; garden; bottle; foodscience; technology,Maharashtra,Mahatma Phule Krishi Vidyapeeth Rahuri,Agriculture,docx,RESTRICTED,2026-06-11T07:37:47+0530,db1771db-4b55-44a2-8d09-8b6c82bded03
Agriculture & Allied,Crops & agronomy,Maharashtra (MahaAgX),Functional Relationships between Crop Coefficient (Kc) and NDVI: A Literature Review,crop; coefficient; ndvi; vegetation; literature; relationship; agriculture,Maharashtra,Mahatma Phule Krishi Vidyapeeth Rahuri,Agriculture,docx,RESTRICTED,2026-05-21T16:43:34+0530,abe3d5b3-3589-4be2-a986-61564e37a648
Agriculture & Allied,Crops & agronomy,Maharashtra (MahaAgX),Fungicide Application Schedule For Late Blight In Potato - Research Recommendations 2024,potato; fungicide; lateblight; disease; yield,Maharashtra,Mahatma Phule Krishi Vidyapeeth Rahuri,Agriculture,doc,RESTRICTED,2026-06-10T23:37:37+0530,56e43efe-7b6f-47f5-95af-005a6bc033cc
Agriculture & Allied,Crops & agronomy,Maharashtra (MahaAgX),Fungicide Evaluation For Wheat Leaf Rust Management - Research Recommendation 2022,fungicide; wheat; leafrust; yield; economics,Maharashtra,Mahatma Phule Krishi Vidyapeeth Rahuri,Agriculture,docx,RESTRICTED,2026-06-11T07:35:53+0530,cfe64db1-1651-4f4c-a196-bf42ca95db5b
Agriculture & Allied,Crops & agronomy,Maharashtra (MahaAgX),Gram Crop Phenotyping and Canopy Imagery Dataset (PoCRA-MPKV),gram crop; chickpea; phenotyping; pocra; rahuri; mpkv,Maharashtra,Mahatma Phule Krishi Vidyapeeth Rahuri,Agriculture,jpeg,RESTRICTED,2026-05-26T14:16:57+0530,9e89e5fb-f3a2-45a6-a776-2a758c612a48
Agriculture & Allied,Crops & agronomy,Maharashtra (MahaAgX),Groundnut (Phule Unnati) Hyperspectral Reflectance and Crop Stress Dataset,groundnut; phule; hyperspectral; waterstress; maharashtra,Maharashtra,Mahatma Phule Krishi Vidyapeeth Rahuri,Agriculture,xlsx,RESTRICTED,2026-05-21T15:45:11+0530,e5985c78-5d50-4996-ad75-10a3c2fe3b69
Agriculture & Allied,Crops & agronomy,Maharashtra (MahaAgX),"Groundnut, Safflower, Sunflower, Soybean Impact On Farm Productivity - Research Recommendations 2015",groundnut; safflower; sunflower; soybean; agriculture,Maharashtra,Mahatma Phule Krishi Vidyapeeth Rahuri,Agriculture,doc,RESTRICTED,2026-06-10T21:37:58+0530,d1ca755a-db9d-42b8-8125-e89c0e5d963a
Agriculture & Allied,Crops & agronomy,Maharashtra (MahaAgX),Growth Management in Bt Cotton,bt cotton; growth management; mepiquat chloride; nitrobenzene; plant growth regulators; seed cotton yield; cotton research station nanded; vnmkv,Maharashtra,Vasantrao Naik Marathwada Krishi Vidyapeeth Parbhani,Agriculture,PDF,OPEN,2026-02-16T03:24:22+0530,1f40844b-c11d-4a03-99c8-babad918f07d
Agriculture & Allied,Crops & agronomy,Maharashtra (MahaAgX),Heat Stress Tolerance Donors In Chickpea - Research Recommendations 2021,chickpea; heatstress; tolerance; breeding; physiology; biochemistry; genetics,Maharashtra,Mahatma Phule Krishi Vidyapeeth Rahuri,Agriculture,doc,RESTRICTED,2026-06-10T21:42:13+0530,085e5061-6f73-4f76-930a-69220cb77d36
Agriculture & Allied,Crops & agronomy,Maharashtra (MahaAgX),High Density Planting Of Bt Cotton: Spacing And Canopy Management Effects,cotton; bt; planting; canopy; spacing,Maharashtra,Mahatma Phule Krishi Vidyapeeth Rahuri,Agriculture,docx,RESTRICTED,2026-06-11T00:03:59+0530,c074ab1a-6436-4fc6-9a6a-7b74c9567cce
Agriculture & Allied,Crops & agronomy,Maharashtra (MahaAgX),Identification Of Aphid Tolerant Genotype Of Safflower,oilseed; research; recommendations; agriculture; study,Maharashtra,Dr. Panjabrao Deshmukh Krishi Vidyapeeth Akola,Agriculture,"doc, xlsx",RESTRICTED,2026-06-09T06:53:52+0530,53a59e97-0ef4-4641-81f4-e116ff3f43cf
Agriculture & Allied,Crops & agronomy,Maharashtra (MahaAgX),Identification Of Cotton Varietieshybrids By The All India Coordinated Cotton Improvement Project Workshop,cotton; variety; yield; disease; pest,Maharashtra,Dr. Panjabrao Deshmukh Krishi Vidyapeeth Akola,Agriculture,"docx, xlsx",RESTRICTED,2026-06-09T05:25:19+0530,000aa2db-c18c-4964-9303-57e2e8cf7708
Agriculture & Allied,Crops & agronomy,Maharashtra (MahaAgX),Identification Of Resistant Source Against Jassids On Cotton,cotton; jassids; resistance; genetics; entomology,Maharashtra,Mahatma Phule Krishi Vidyapeeth Rahuri,Agriculture,docx,RESTRICTED,2026-06-11T07:44:09+0530,0c3cffd0-0c23-45a1-b77f-8c3170bdb354
Agriculture & Allied,Crops & agronomy,Maharashtra (MahaAgX),Identification Of Sources Of Resistance To Fusarium Wilt Disease In Chickpea,chickpea; fusarium; wilt; resistance; breeding; genetics; pulses,Maharashtra,Mahatma Phule Krishi Vidyapeeth Rahuri,Agriculture,docx,RESTRICTED,2026-06-11T07:28:03+0530,9c0ec9c1-ca62-414d-b031-36f7f97ea56e
Agriculture & Allied,Crops & agronomy,Maharashtra (MahaAgX),Impact Of Crop Pest Surveillance And Advisory Project On Farmers,research; extension; recommendations; agriculture; study,Maharashtra,Dr. Panjabrao Deshmukh Krishi Vidyapeeth Akola,Agriculture,"doc, xlsx",RESTRICTED,2026-06-09T05:00:09+0530,b2f62743-dbf8-41e2-87a8-875fd14a3d97
Agriculture & Allied,Crops & agronomy,Maharashtra (MahaAgX),Impact of Crop Production Technology of Major Oilseeds On Farm Productivity and Income in Western Maharashtra,oilseeds; groundnut; productivity; income; technology; agresco; economics; mpkv,Maharashtra,Mahatma Phule Krishi Vidyapeeth Rahuri,Agriculture,docx,RESTRICTED,2026-02-16T01:05:03+0530,d2df4b07-e087-4b09-80af-5d74d8f0ac3c
Agriculture & Allied,Crops & agronomy,Maharashtra (MahaAgX),Impact of Crop Production Technology of Major Pulses On Farm Productivity and Income in Western Maharashtra,pulses; productivity; income; technology; pigeonpea; chickpea; maharashtra; mpkv,Maharashtra,Mahatma Phule Krishi Vidyapeeth Rahuri,Agriculture,docx,RESTRICTED,2026-02-16T01:05:27+0530,abfff017-670c-4273-b4c1-86a9c256de28
Agriculture & Allied,Crops & agronomy,Maharashtra (MahaAgX),In Vitro Clonal Micropropagation Of Spine Gourd,biotechnology; research; recommendations; study; analysis,Maharashtra,Dr. Panjabrao Deshmukh Krishi Vidyapeeth Akola,Agriculture,xlsx,RESTRICTED,2026-06-09T05:17:33+0530,67439766-3b09-40bb-8065-e364d8a3076c
Agriculture & Allied,Crops & agronomy,Maharashtra (MahaAgX),Information of Aicrp On Safflower Project Regarding Arc for the Year 2025-26,safflower; breeding; agronomy; germplasm; mechanization; irrigation; bio-fortified; vnmkv,Maharashtra,Vasantrao Naik Marathwada Krishi Vidyapeeth Parbhani,Agriculture,pdf,OPEN,2026-02-16T03:18:36+0530,83359858-7dc5-485b-bdeb-2f72633fd88c
Agriculture & Allied,Crops & agronomy,Maharashtra (MahaAgX),Information On All Released Varieties of Agricultural Research Station (ARS) Badnapur,pigeonpea; chickpea; varieties; breeding; badnapur; agriculture; maharashtra; vnmkv,Maharashtra,Vasantrao Naik Marathwada Krishi Vidyapeeth Parbhani,Agriculture,pdf,OPEN,2026-02-16T03:20:02+0530,ea731c03-71f6-418c-8dc6-e22529c93ac2
Agriculture & Allied,Crops & agronomy,Maharashtra (MahaAgX),Integrated Management of Phytophthora Root Rotgummosis of Mandarin,mandarin; phytophthora; root-rot; gummosis; potassium-phosphonate; disease-management; akola; pdkv,Maharashtra,Dr. Panjabrao Deshmukh Krishi Vidyapeeth Akola,Agriculture,docx,RESTRICTED,2026-02-16T04:32:17+0530,1826b9bb-2a33-4892-96de-44bf4cb918c0
Agriculture & Allied,Crops & agronomy,Maharashtra (MahaAgX),Integrated Management of Sheath Blight and Stem Rot of Paddy - Research Recommendations 2018,paddy; rice; pathology; fungicide; disease; agriculture,Maharashtra,Mahatma Phule Krishi Vidyapeeth Rahuri,Agriculture,docx,RESTRICTED,2026-06-08T12:10:49+0530,6d301a22-5c61-4f27-9dcf-6a779792a3ad
Agriculture & Allied,Crops & agronomy,Maharashtra (MahaAgX),Integrated Nutrient Management In Kharif Sorghum- Chickpea Cropping System,integrated; nutrient; management; sorghum; chickpea,Maharashtra,Dr. Panjabrao Deshmukh Krishi Vidyapeeth Akola,Agriculture,"doc, docx, xlsx",RESTRICTED,2026-06-09T07:17:36+0530,c2537ce6-f8c9-4815-abd4-c805fd9ca658
Agriculture & Allied,Crops & agronomy,Maharashtra (MahaAgX),Integrated Nutrient Mnagemnt In Kharif Sorghum Chickpea Cropping System,sorghum; technology; recommendation; agriculture; research,Maharashtra,Dr. Panjabrao Deshmukh Krishi Vidyapeeth Akola,Agriculture,docx,RESTRICTED,2026-06-09T07:21:37+0530,e57200d3-847c-4bc8-903f-addbd987e0cd
Agriculture & Allied,Crops & agronomy,Maharashtra (MahaAgX),Integrated Pest Management In Non-Bt Cotton - Research Recommendations 2017,cotton; pest; management; integrated; nonbt,Maharashtra,Mahatma Phule Krishi Vidyapeeth Rahuri,Agriculture,docx,RESTRICTED,2026-06-11T07:43:20+0530,294f7ba7-5f57-4efc-813c-e65101ce2dc3
Agriculture & Allied,Crops & agronomy,Maharashtra (MahaAgX),Integrated Water Management In Rainfed Groundnut,groundnut; irrigation; hydrogel; bacteria; yield,Maharashtra,Mahatma Phule Krishi Vidyapeeth Rahuri,Agriculture,docx,RESTRICTED,2026-06-10T21:28:45+0530,47d4cc0e-99d0-4eea-a4ff-9d23245b2f37
Agriculture & Allied,Crops & agronomy,Maharashtra (MahaAgX),Jamun Variety Phule Nilkanth (Rhrj-71) - Research Recommendations 2025,jamun; fruit; horticulture; arid; maharashtra; release; variety,Maharashtra,Mahatma Phule Krishi Vidyapeeth Rahuri,Agriculture,docx,RESTRICTED,2026-06-11T00:13:36+0530,64ad0940-5ee8-4017-ba59-71107995eecc
Agriculture & Allied,Crops & agronomy,Maharashtra (MahaAgX),"Krushi Dainandini, Diary 2025 Vasantrao Naik Marathwada Krishi Vidyapeeth Agricultural Diary and Research Recommendations",agriculture; marathwada; vnmkv; agronomy; millets; irrigation; harvesting,Maharashtra,Vasantrao Naik Marathwada Krishi Vidyapeeth Parbhani,Agriculture,docx,RESTRICTED,2026-04-22T10:07:05+0530,5a761285-73d7-4633-9d17-6a4266f2b33f
Agriculture & Allied,Crops & agronomy,Maharashtra (MahaAgX),Krushi Diary 2025 Dr Balasaheb Sawant Konkan Krishi Vidyapeeth Agricultural Extension and Research Recommendations,agriculture; konkan; horticulture; fisheries; agronomy; forestry; extension; bskkv,Maharashtra,Dr. Balasaheb Sawant Konkan Krishi Vidyapeeth Dapoli,Agriculture,docx,RESTRICTED,2026-04-07T12:28:00+0530,9b06426b-8288-44d8-a789-740f6a493985
Agriculture & Allied,Crops & agronomy,Maharashtra (MahaAgX),Labour Saving Techniques in Cotton Cultivation,cotton cultivation; labour saving; power operated equipment; power tiller; power weeder; tractor mounted sprayer; seed cotton yield; economics; vnmkv,Maharashtra,Vasantrao Naik Marathwada Krishi Vidyapeeth Parbhani,Agriculture,pdf,OPEN,2026-02-16T03:24:54+0530,9ae74367-ebd9-4129-b919-4b7ecc3a9cf0
Agriculture & Allied,Crops & agronomy,Maharashtra (MahaAgX),Land Configuration and Nutrient Cum Stress Management Practice for Bt-cotton Under Rainfed Condition,bt-cotton; bbf (broad bed furrow); nutrient management; stress management; potassium nitrate (kno_3); green manuring; marathwada; climate resilience; vnmkv,Maharashtra,Vasantrao Naik Marathwada Krishi Vidyapeeth Parbhani,Agriculture,pdf,OPEN,2026-02-16T03:48:07+0530,a6e56324-2320-4dfc-a331-17e1bc1d985a
Agriculture & Allied,Crops & agronomy,Maharashtra (MahaAgX),Land Configuration and Nutrient Cum Stress Management Practice for Rainfed Soybean,soybean; bbf (broad bed furrow); nutrient management; stress management; potassium nitrate (kno_3); rainwater use efficiency; marathwada; climate resilience; vnmkv,Maharashtra,Vasantrao Naik Marathwada Krishi Vidyapeeth Parbhani,Agriculture,pdf,OPEN,2026-02-16T03:47:54+0530,47547831-6c04-46a3-a616-046ac53a5682
Agriculture & Allied,Crops & agronomy,Maharashtra (MahaAgX),Leaf Eating Caterpillar Management On Sonamukhi Cassia Angustifolia - Research Recommendations 2019,biopesticide; cassia; senna; caterpillar; biocontrol; entomology; agriculture,Maharashtra,Mahatma Phule Krishi Vidyapeeth Rahuri,Agriculture,doc,RESTRICTED,2026-06-11T07:47:19+0530,c78693b2-5ddd-49fb-ad7a-03b7a8f5704d
Agriculture & Allied,Crops & agronomy,Maharashtra (MahaAgX),Low Calorie Jamun Lassi - Research Recommendations,jamun; lassi; lowcalorie; sweetener; aspartame; sensory; optimization,Maharashtra,Mahatma Phule Krishi Vidyapeeth Rahuri,Agriculture,docx,RESTRICTED,2026-06-10T22:54:31+0530,6c7fd130-579b-4dde-93eb-e2510ef09271
Agriculture & Allied,Crops & agronomy,Maharashtra (MahaAgX),MahaDBT - Agricultural Mechanization Scheme Registry for Maharashtra,agriculture; farm-mechanization; maharashtra; beneficiary-data; tractor; rotavator; dbt; subsidy; rkvyscheme; smamscheme; agriculture-mechanization; mahadbt,Maharashtra,Department of Agriculture Government of Maharashtra,Agriculture,JSON,RESTRICTED,2026-07-03T17:09:36+0530,400d1f1c-9f46-41c8-99d5-c3b67ac0de51
Agriculture & Allied,Crops & agronomy,Maharashtra (MahaAgX),Maize Crop Pest Infestation and Diagnostic Imagery Dataset (PoCRA-MPKV),maize; pest; protection; fallarmyworm; pocra; rahuri; mpkv,Maharashtra,Mahatma Phule Krishi Vidyapeeth Rahuri,Agriculture,jpeg,RESTRICTED,2026-05-26T14:32:15+0530,ec72b0fb-9296-4724-9fa8-72479aa62d47
Agriculture & Allied,Crops & agronomy,Maharashtra (MahaAgX),Maize Nitrogen Management Recommendation 2025,maize; nitrogen; nano; urea; foliar,Maharashtra,Mahatma Phule Krishi Vidyapeeth Rahuri,Agriculture,docx,RESTRICTED,2026-06-11T00:19:20+0530,9b02283f-b0d9-4e15-9582-70eb4ee582c7
Agriculture & Allied,Crops & agronomy,Maharashtra (MahaAgX),Management Of Alternaria Leaf Blight Disease Of Asalio (Lepidium Sativum),alternaria; leafblight; asalio; fungicide; seedtreatment,Maharashtra,Mahatma Phule Krishi Vidyapeeth Rahuri,Agriculture,doc,RESTRICTED,2026-06-10T22:36:04+0530,29c465a9-dd07-4e53-b1f9-a64b5b2d24fd
Agriculture & Allied,Crops & agronomy,Maharashtra (MahaAgX),"Management Of Aphids, Aphis Nerii On Bedki, Gymnema Sylvestre - Research Recommendations 2025",bedki; gymnema; aphids; biopesticide; medicinal,Maharashtra,Mahatma Phule Krishi Vidyapeeth Rahuri,Agriculture,doc,RESTRICTED,2026-06-11T00:08:38+0530,d5e9ba30-0042-49e9-8cc8-5530f358ffb3
Agriculture & Allied,Crops & agronomy,Maharashtra (MahaAgX),Management Of Blast Disease (Pyricularia Grisea) Of Pearl Millet By Using Chemicals And Bio-Agents,pearlmillet; blast; disease; fungicide; bioagent; management; agriculture,Maharashtra,Mahatma Phule Krishi Vidyapeeth Rahuri,Agriculture,docx,RESTRICTED,2026-06-10T23:36:05+0530,16911c0d-02a8-4527-b18e-56a61622c5b6
Agriculture & Allied,Crops & agronomy,Maharashtra (MahaAgX),Management Of False Smut Of Rice With Label Claimed Fungicides,rice; fungicide; smut; copper; yield,Maharashtra,Mahatma Phule Krishi Vidyapeeth Rahuri,Agriculture,docx,RESTRICTED,2026-06-10T22:34:43+0530,e2be7e2b-f225-469f-b8cb-f08d3ac37989
Agriculture & Allied,Crops & agronomy,Maharashtra (MahaAgX),Management Of Onion Thrips By Sequential Strategy - Research Recommendations 2020,onion; thrips; insecticide; sequential; vegetable,Maharashtra,Mahatma Phule Krishi Vidyapeeth Rahuri,Agriculture,doc,RESTRICTED,2026-06-11T07:47:41+0530,b1be738b-7105-4dc6-b048-afa444d7a343
Agriculture & Allied,Crops & agronomy,Maharashtra (MahaAgX),Management Of Papilio Demoleus On Bawchi Psoralea Corylifolia By Biopesticides - Recommendations 2020,biopesticide; psoralea; caterpillar; management; bawchi,Maharashtra,Mahatma Phule Krishi Vidyapeeth Rahuri,Agriculture,doc,RESTRICTED,2026-06-11T07:58:28+0530,482e7024-2b8e-4116-9399-36a4efa1a830
Agriculture & Allied,Crops & agronomy,Maharashtra (MahaAgX),Management Of Pigeonpea Sterility Mosaic Disease - Research Recommendations 2024,pigeonpea; sterility; mosaic; disease; acaricide; imidacloprid,Maharashtra,Mahatma Phule Krishi Vidyapeeth Rahuri,Agriculture,doc,RESTRICTED,2026-06-10T23:32:50+0530,7155524d-dff7-4304-b678-f7d8359942af
Agriculture & Allied,Crops & agronomy,Maharashtra (MahaAgX),Management Of Powdery Mildew Disease Of Carrot - Research Recommendations 2023,carrot; powderymilde; fungicide; yield; economics,Maharashtra,Mahatma Phule Krishi Vidyapeeth Rahuri,Agriculture,doc,RESTRICTED,2026-06-10T23:39:21+0530,d22a53ae-5a9e-43e6-91b3-8f9e463611f6
Agriculture & Allied,Crops & agronomy,Maharashtra (MahaAgX),"Management Of Procrument, Processing And Distribution Of Cashewnet - Research Recommendations 2007",cashewnut; agribusiness; procurement; processing; distribution; management,Maharashtra,Mahatma Phule Krishi Vidyapeeth Rahuri,Agriculture,docx,RESTRICTED,2026-06-08T12:16:53+0530,df0b3906-71c6-4f50-8329-a6768b21e966
Agriculture & Allied,Crops & agronomy,Maharashtra (MahaAgX),Management Of Rust Of Sugarcane,sugarcane; rust; fungicide; management; agriculture,Maharashtra,Mahatma Phule Krishi Vidyapeeth Rahuri,Agriculture,doc,RESTRICTED,2026-06-11T07:30:02+0530,13dda619-7762-4085-b2c6-176fee4d3ac2
Agriculture & Allied,Crops & agronomy,Maharashtra (MahaAgX),Management of Soil Borne Diseases of Safflower Through Biopolymer Based Trichoderma Harzianum Seed Treatment,safflower; trichoderma; biopolymer; pathology; wilt; agriculture; parbhani; vnmkv,Maharashtra,Vasantrao Naik Marathwada Krishi Vidyapeeth Parbhani,Agriculture,pdf,OPEN,2026-02-16T03:18:30+0530,1eb440bf-025f-4f28-a8f9-40b11cff3278
Agriculture & Allied,Crops & agronomy,Maharashtra (MahaAgX),Management of Soil Borne Diseases of Safflower Through Biopriming with Trichoderma Harzianum,safflower; biopriming; trichoderma; pathology; fungicide; agriculture; parbhani; vnmkv,Maharashtra,Vasantrao Naik Marathwada Krishi Vidyapeeth Parbhani,Agriculture,pdf,OPEN,2026-02-16T03:18:12+0530,2ff2cd1f-f504-4856-ae0a-3b33b78d036e
Agriculture & Allied,Crops & agronomy,Maharashtra (MahaAgX),Management Of Sucking Pests On Lathyrus Sativus,rice; variety; early; yield; biofortification,Maharashtra,Dr. Panjabrao Deshmukh Krishi Vidyapeeth Akola,Agriculture,"docx, xlsx",RESTRICTED,2026-06-09T07:13:19+0530,b198b973-0ea7-4699-af1f-37b5682237c7
Agriculture & Allied,Crops & agronomy,Maharashtra (MahaAgX),Management Of Thrips And Leafhoppers In Summer Groundnut,oilseed; research; recommendations; agriculture; unit,Maharashtra,Dr. Panjabrao Deshmukh Krishi Vidyapeeth Akola,Agriculture,xlsx,RESTRICTED,2026-06-09T06:53:28+0530,89cebffa-b422-4eeb-82bb-fd544954af84
Agriculture & Allied,Crops & agronomy,Maharashtra (MahaAgX),Management Of Thrips And Leafhoppers In Summer Groundnut,groundnut; thrips; leafhoppers; ladybird; neem; quinolphos,Maharashtra,Dr. Panjabrao Deshmukh Krishi Vidyapeeth Akola,Agriculture,docx,RESTRICTED,2026-06-09T06:55:01+0530,58cb32dd-3edd-4bb7-b546-7831cf975140
Agriculture & Allied,Crops & agronomy,Maharashtra (MahaAgX),Management Of White Grub Infestation In Sugarcane,sugarcane; whitegrub; ipm; biopesticide; entomology,Maharashtra,Mahatma Phule Krishi Vidyapeeth Rahuri,Agriculture,docx,RESTRICTED,2026-06-11T00:09:16+0530,c1ec02b5-13ac-4fb7-ad42-8c8e261819be
Agriculture & Allied,Crops & agronomy,Maharashtra (MahaAgX),Manually Operated Fig Plucker - Research Recommendations 2024,fig; plucker; harvesting; agriculture; machinery,Maharashtra,Mahatma Phule Krishi Vidyapeeth Rahuri,Agriculture,docx,RESTRICTED,2026-06-10T23:20:12+0530,f0bb19fd-0165-4f82-af03-285c210ca89c
Agriculture & Allied,Crops & agronomy,Maharashtra (MahaAgX),Measurement Of Aerobic Capacity Of Farm Workers Of Konkan Region,aerobiccapacity; farmworkers; konkan; physiological; ergonomics; oxygenconsumption; calibration,Maharashtra,Dr. Balasaheb Sawant Konkan Krishi Vidyapeeth Dapoli,Agriculture,pdf,RESTRICTED,2026-06-02T13:21:56+0530,8087f15e-8efc-4835-9ce4-01ed28fcd534
Agriculture & Allied,Crops & agronomy,Maharashtra (MahaAgX),Mechanism Of Resistance And Bio-Chemical Bases In Aphid (U Compositae Theob) Safflower Genotypes,safflower; aphid; resistance; biochemical; genetics,Maharashtra,Mahatma Phule Krishi Vidyapeeth Rahuri,Agriculture,docx,RESTRICTED,2026-06-11T07:52:16+0530,6bffc84f-5899-42ff-b909-4508d0e22eb8
Agriculture & Allied,Crops & agronomy,Maharashtra (MahaAgX),Microbial Biofortification of Iron and Zinc by Plant Growth Promoting Rhizobacteria in Wheat,wheat; biofortification; pgpr; iron solubilization; zinc solubilization; pseudomonas striata; soil health; nutrient uptake; vertisol; vnmkv,Maharashtra,Vasantrao Naik Marathwada Krishi Vidyapeeth Parbhani,Agriculture,pdf,OPEN,2026-02-16T03:46:44+0530,878d3ef1-b74a-44f0-b025-8d0a13d2860b
Agriculture & Allied,Crops & agronomy,Maharashtra (MahaAgX),Micropropagation Of Dendrocalamus Stocksii Using Nodal Segments,bamboo; micropropagation; tissueculture; nodal; stocksii,Maharashtra,Dr. Balasaheb Sawant Konkan Krishi Vidyapeeth Dapoli,Agriculture,pdf,RESTRICTED,2026-06-02T17:49:43+0530,ba24cdd9-50e8-4aa2-86f7-afe55085d909
Agriculture & Allied,Crops & agronomy,Maharashtra (MahaAgX),Millet Value Chain And Sugarcane Economic Impact - Research Recommendations 2025,millet; sugarcane; economics; valuechain; production,Maharashtra,Mahatma Phule Krishi Vidyapeeth Rahuri,Agriculture,doc,RESTRICTED,2026-06-10T21:33:47+0530,a94498d7-5ea6-40ac-98d6-e8b2ebde9f94
Agriculture & Allied,Crops & agronomy,Maharashtra (MahaAgX),"Minutes of the 84th Meeting of Central Sub-committee On Crop Standards, Notification and Release of Varieties for Agricultural Crops",agriculture; notification; varieties; certification; crops; icar; seeds; vnmkv,Maharashtra,Vasantrao Naik Marathwada Krishi Vidyapeeth Parbhani,Agriculture,pdf,OPEN,2026-02-16T03:34:34+0530,d8b1d64e-fb0b-4c49-95e4-ed76a5b83ebd
Agriculture & Allied,Crops & agronomy,Maharashtra (MahaAgX),"Minutes of the 87th Meeting of Central Sub-committee On Crop Standards, Notification and Release of Varieties for Agricultural Crops",crops; varieties; notification; agriculture; seeds; release; cultivars; vnmkv,Maharashtra,Vasantrao Naik Marathwada Krishi Vidyapeeth Parbhani,Agriculture,pdf,OPEN,2026-02-16T03:34:28+0530,baf2733c-af27-48f9-b5ab-7c713d17ac7f
Agriculture & Allied,Crops & agronomy,Maharashtra (MahaAgX),Moisture Conservation and Nutrient Management in Cotton Under Hdps,cotton; hdps; bbf; moisture conservation; nutrient management; fertilizer levels; high density planting; seed cotton yield; vnmkv,Maharashtra,Vasantrao Naik Marathwada Krishi Vidyapeeth Parbhani,Agriculture,pdf,OPEN,2026-02-16T03:24:45+0530,19fa7d7c-b47c-4c18-b388-0c214856fab3
Agriculture & Allied,Crops & agronomy,Maharashtra (MahaAgX),Monthwise Quantity Of Finished Products,goods; quantity; monthly; production; statistics,Maharashtra,Mahatma Phule Krishi Vidyapeeth Rahuri,Agriculture,pdf,RESTRICTED,2026-06-11T00:30:48+0530,ada15ac8-e80d-42d5-b603-07ea44e8f990
Agriculture & Allied,Crops & agronomy,Maharashtra (MahaAgX),Monthwise Sale Of Raw Material,rawmaterial; processed; monthly; sales; agriculture,Maharashtra,Mahatma Phule Krishi Vidyapeeth Rahuri,Agriculture,pdf,RESTRICTED,2026-06-11T00:29:44+0530,3ad3df08-3768-4f89-bae6-54e10ea8d6b4
Agriculture & Allied,Crops & agronomy,Maharashtra (MahaAgX),Mpkv Dryland Implements Package - Research Recommendations 2024,dryland; mechanization; implements; tractors; fodder; agriculture,Maharashtra,Mahatma Phule Krishi Vidyapeeth Rahuri,Agriculture,docx,RESTRICTED,2026-06-10T23:21:03+0530,dbece695-98b0-4f89-910d-32a24b2fa452
Agriculture & Allied,Crops & agronomy,Maharashtra (MahaAgX),Multi-Grain Cookie Flour Blend Recommendation - Research Recommendations 2024,cookies; flour; mixture; rheology; foodscience; agriculture,Maharashtra,Mahatma Phule Krishi Vidyapeeth Rahuri,Agriculture,doc,RESTRICTED,2026-06-11T06:52:36+0530,2d17fd67-2d57-4b03-8aa8-06a8301fb49b
Agriculture & Allied,Crops & agronomy,Maharashtra (MahaAgX),Notification Proposal for Identification of Pigeonpea Hybrid Bdnph 2018-05,pigeonpea; hybrid; bdnph 2018-05; yield; wilt resistance; sterility mosaic; central zone; badnapur; vnmkv,Maharashtra,Vasantrao Naik Marathwada Krishi Vidyapeeth Parbhani,Agriculture,pdf,OPEN,2026-02-16T03:20:13+0530,13169c69-808c-4d86-b954-6b42ce86ce1d
Agriculture & Allied,Crops & agronomy,Maharashtra (MahaAgX),NSMNY - Agricultural Scheme Benefit and Fund Disbursement Registry,agriculture; dbt; maharashtra; disbursement; nsnmy; shetkari; nidhi; yojana,Maharashtra,Department of Agriculture Government of Maharashtra,Agriculture,JSON,RESTRICTED,2026-07-03T16:45:19+0530,1a2b3c4d-5e6f-7a8b-9c0d-e1f2a3b4c5d6
Agriculture & Allied,Crops & agronomy,Maharashtra (MahaAgX),Nutrient Management for Organic Cotton Production,organic cotton; nutrient management; p equivalent; fym; vermicompost; green manuring; sunhemp; seed treatment; azotobacter; psb; soil health; vnmkv,Maharashtra,Vasantrao Naik Marathwada Krishi Vidyapeeth Parbhani,Agriculture,pdf,OPEN,2026-02-16T03:25:05+0530,5c329b25-dc21-4981-8bf9-e15dc615ecc2
Agriculture & Allied,Crops & agronomy,Maharashtra (MahaAgX),"Onion Flakes, Beta-Carotene Microencapsulation, Pearl Millet Cookies - Research Recommendations 2023",onion; flakes; beta-carotene; microencapsulation; cookies; pearlmillet; enrichment,Maharashtra,Mahatma Phule Krishi Vidyapeeth Rahuri,Agriculture,docx,RESTRICTED,2026-06-11T07:37:25+0530,75cb3c19-2dfe-4ccd-bc1c-6a8dafcf59ea
Agriculture & Allied,Crops & agronomy,Maharashtra (MahaAgX),Optimization Of Production Process Technology For Puffed Chickpea,puffed; chickpea; optimization; process; technology,Maharashtra,Vasantrao Naik Marathwada Krishi Vidyapeeth Parbhani,Agriculture,pdf,RESTRICTED,2026-06-05T17:30:24+0530,0f43f145-bfaa-43cf-85b1-9475585ea922
Agriculture & Allied,Crops & agronomy,Maharashtra (MahaAgX),Optimization Of Zeolite Application On Onion For Disease Resistance And Quality Yield Of Kharif Onion,onion; zeolite; disease; yield; purpleblotch; agriculture; horticulture,Maharashtra,Mahatma Phule Krishi Vidyapeeth Rahuri,Agriculture,doc,RESTRICTED,2026-06-11T07:35:27+0530,e5f99304-0a8a-49e0-b265-1651bb698336
Agriculture & Allied,Crops & agronomy,Maharashtra (MahaAgX),Organic Nutrient Management For Rabi Onion,horticulture; vegetable; research; recommendations; study,Maharashtra,Dr. Panjabrao Deshmukh Krishi Vidyapeeth Akola,Agriculture,xlsx,RESTRICTED,2026-06-09T06:41:08+0530,1d6d7fa9-fc1a-4cd5-83cf-3e7ce3a2a0bb
Agriculture & Allied,Crops & agronomy,Maharashtra (MahaAgX),Organic Onion Data,horticulture; vegetable; research; recommendations; study,Maharashtra,Dr. Panjabrao Deshmukh Krishi Vidyapeeth Akola,Agriculture,doc,RESTRICTED,2026-06-09T06:41:37+0530,41ea576a-cfa5-414b-9b0d-43833a8ff9b2
Agriculture & Allied,Crops & agronomy,Maharashtra (MahaAgX),Organic Sources Impact On Chickpea Yield In Dryland Conditions - Research Recommendations 2023,chickpea; organic; soil; yield; dryland,Maharashtra,Mahatma Phule Krishi Vidyapeeth Rahuri,Agriculture,docx,RESTRICTED,2026-06-10T22:36:56+0530,65c78286-705d-47bf-84cc-12dd4700c5c3
Agriculture & Allied,Crops & agronomy,Maharashtra (MahaAgX),Package Of Mechanized Implements For Soybean Developed By Vnmkv,soybean; mechanized; implements; agriculture; technology,Maharashtra,Vasantrao Naik Marathwada Krishi Vidyapeeth Parbhani,Agriculture,pdf,RESTRICTED,2026-06-05T14:57:28+0530,32f38c54-9f45-4dec-a5b5-1b7ccfc45f88
Agriculture & Allied,Crops & agronomy,Maharashtra (MahaAgX),"Papad And Pickle Procurement, Processing, Distribution - Research Recommendations 2006",papad; pickle; procurement; processing; distribution,Maharashtra,Mahatma Phule Krishi Vidyapeeth Rahuri,Agriculture,"doc, pdf",RESTRICTED,2026-06-11T00:36:47+0530,3e19b8d6-818b-4062-98f7-bfa7e15ea54b
Agriculture & Allied,Crops & agronomy,Maharashtra (MahaAgX),Partial Submergence Stress In Sugarcane Leaves - Research Recommendations 2025,sugarcane; submergence; stress; biochemistry; chlorophyll,Maharashtra,Mahatma Phule Krishi Vidyapeeth Rahuri,Agriculture,docx,RESTRICTED,2026-06-11T00:05:32+0530,ee3dd8fa-adf2-473d-bd2a-6b600d09600e
Agriculture & Allied,Crops & agronomy,Maharashtra (MahaAgX),Performance of Crops and Varieties Under Delayed Onset of Monsoon,delayed monsoon; sowing dates; climate resilience; crop performance; dryland agriculture; yield reduction; marathwada; contingent crop planning; vnmkv,Maharashtra,Vasantrao Naik Marathwada Krishi Vidyapeeth Parbhani,Agriculture,pdf,OPEN,2026-02-16T03:47:19+0530,0711618d-3658-4b3f-8bdd-1827d91420cb
Agriculture & Allied,Crops & agronomy,Maharashtra (MahaAgX),Performance Of Turmeric In Intercropping With Different Crops,horticulture; vegetable; research; recommendations; study; analysis; survey,Maharashtra,Dr. Panjabrao Deshmukh Krishi Vidyapeeth Akola,Agriculture,doc,RESTRICTED,2026-06-09T06:49:08+0530,9d794071-15fb-4e2b-ac70-ac7136e2db2c
Agriculture & Allied,Crops & agronomy,Maharashtra (MahaAgX),Phule Improved Onion Storage Structure - Research Recommendations 2022,onion; storage; structure; horticulture; agriculture; postharvest; design,Maharashtra,Mahatma Phule Krishi Vidyapeeth Rahuri,Agriculture,doc,RESTRICTED,2026-06-11T06:50:52+0530,ef3f2ece-4e54-48e3-b8b9-baed0bc31e87
Agriculture & Allied,Crops & agronomy,Maharashtra (MahaAgX),Phule Kolam (Vdn-1832) Recommended For Release In Western Maharashtra,rice; variety; yield; disease; pest; quality; agriculture,Maharashtra,Mahatma Phule Krishi Vidyapeeth Rahuri,Agriculture,doc,RESTRICTED,2026-06-10T22:13:59+0530,64e5cbfe-7f17-45ba-91da-962ceb52d9d1
Agriculture & Allied,Crops & agronomy,Maharashtra (MahaAgX),Phule Maize Dehusker Cum Sheller - Research Recommendations 2024,maize; dehusker; sheller; agriculture; machinery,Maharashtra,Mahatma Phule Krishi Vidyapeeth Rahuri,Agriculture,docx,RESTRICTED,2026-06-10T23:21:35+0530,c6c4676c-2247-4d90-a01b-5c7f00e1c1be
Agriculture & Allied,Crops & agronomy,Maharashtra (MahaAgX),Phule Sugarcane 15006 (Ms 16081) - Research Recommendations 2023,sugarcane; yield; disease; ratoon; maharashtra,Maharashtra,Mahatma Phule Krishi Vidyapeeth Rahuri,Agriculture,docx,RESTRICTED,2026-06-10T22:15:30+0530,53a5389a-aec3-4b1b-a026-c97c1841b4c2
Agriculture & Allied,Crops & agronomy,Maharashtra (MahaAgX),Phule Umed (Qmh 1701) Release Recommendation 2023,maize; hybrid; yield; seed; agriculture,Maharashtra,Mahatma Phule Krishi Vidyapeeth Rahuri,Agriculture,docx,RESTRICTED,2026-06-10T22:17:11+0530,230c0d7f-baee-4ee7-8159-e593fd0d5c35
Agriculture & Allied,Crops & agronomy,Maharashtra (MahaAgX),Pigeon Pea Crop Pest Infestation and Diagnostic Imagery Dataset (PoCRA-MPKV),pigeonpea; pod; damage; pocra; rahuri; mpkv,Maharashtra,Mahatma Phule Krishi Vidyapeeth Rahuri,Agriculture,jpeg,RESTRICTED,2026-05-27T09:36:55+0530,add7f88f-5389-4f05-9a16-bcfc6173f0ad
Agriculture & Allied,Crops & agronomy,Maharashtra (MahaAgX),Pigeon Pea Nipping And Biofertigation Recommendation - 2025,pigeonpea; organic; biofertigation; nipping; yield,Maharashtra,Mahatma Phule Krishi Vidyapeeth Rahuri,Agriculture,docx,RESTRICTED,2026-06-10T23:59:55+0530,12b3f08d-3605-453f-852a-470c41cac1d3
Agriculture & Allied,Crops & agronomy,Maharashtra (MahaAgX),Pigeonpea  Specialty Corn (baby Cornsweet Corn) Intercropping System,pigeonpea; specialty corn; baby corn; sweet corn; intercropping; agronomy; maharashtra; vnmkv,Maharashtra,Vasantrao Naik Marathwada Krishi Vidyapeeth Parbhani,Agriculture,docx,OPEN,2026-02-16T03:20:25+0530,2cbef8b6-b943-495b-a6a7-18dcb5a69d47
Agriculture & Allied,Crops & agronomy,Maharashtra (MahaAgX),Pigeonpea Hyperspectral Reflectance and Water Stress Dataset,Pigeonpea; hyperspectral; waterstress; maharashtra,Maharashtra,Mahatma Phule Krishi Vidyapeeth Rahuri,Agriculture,xlsx,RESTRICTED,2026-05-21T15:48:29+0530,2db0efc4-1ce1-4364-97cf-5139385b9f2e
Agriculture & Allied,Crops & agronomy,Maharashtra (MahaAgX),Pigeonpea Intercropping Systems - Research Recommendations 2023,pigeonpea; intercropping; sunflower; pearlmillet; soybean; groundnut,Maharashtra,Mahatma Phule Krishi Vidyapeeth Rahuri,Agriculture,docx,RESTRICTED,2026-06-10T21:53:09+0530,d530d130-ae4c-4e9c-ae68-9d2d9e1ca347
Agriculture & Allied,Crops & agronomy,Maharashtra (MahaAgX),"Pigeonpea Intercropping With Sunflower, Pearlmillet, Soybean, Groundnut - Research Recommendations 2023",pigeonpea; sunflower; pearlmillet; soybean; groundnut,Maharashtra,Mahatma Phule Krishi Vidyapeeth Rahuri,Agriculture,docx,RESTRICTED,2026-06-10T21:53:57+0530,41a3666c-47e7-4482-beec-4151d10eed0e
Agriculture & Allied,Crops & agronomy,Maharashtra (MahaAgX),Piper Betel Leaves Burfi Optimization - Research Recommendations,piperbetel; burfi; sensory; sugar; storage,Maharashtra,Mahatma Phule Krishi Vidyapeeth Rahuri,Agriculture,docx,RESTRICTED,2026-06-10T22:03:10+0530,59988768-ee3c-4257-86c5-b5daf0a70584
Agriculture & Allied,Crops & agronomy,Maharashtra (MahaAgX),Potato And Chilli - Research Recommendations 2019,potato; chilli; irrigation; evapotranspiration; watermanagement,Maharashtra,Mahatma Phule Krishi Vidyapeeth Rahuri,Agriculture,docx,RESTRICTED,2026-06-11T07:17:15+0530,9632d80f-d2d9-4fd9-88f6-62f1c8aae9a4
Agriculture & Allied,Crops & agronomy,Maharashtra (MahaAgX),Potato Aphid Forewarning Regression Equation - Research Recommendations 2019,potato; aphid; weather; forecasting; regression; agriculture,Maharashtra,Mahatma Phule Krishi Vidyapeeth Rahuri,Agriculture,doc,RESTRICTED,2026-06-10T21:39:53+0530,9e4a2bd8-2b3b-4ec0-85fe-29f91af15dfc
Agriculture & Allied,Crops & agronomy,Maharashtra (MahaAgX),Power Operated Groundnut Decorticator Cum Sorter,groundnut; decorticator; sorter; power; agriculture,Maharashtra,Mahatma Phule Krishi Vidyapeeth Rahuri,Agriculture,docx,RESTRICTED,2026-06-10T22:19:46+0530,94100913-92b2-4910-91e1-db70186b5f96
Agriculture & Allied,Crops & agronomy,Maharashtra (MahaAgX),Power Operated Groundnut Stripper,groundnut; stripper; power; agriculture; machinery,Maharashtra,Mahatma Phule Krishi Vidyapeeth Rahuri,Agriculture,docx,RESTRICTED,2026-06-11T00:21:56+0530,5752e20f-f5f6-455b-83fe-3a7c4d8e6e7c
Agriculture & Allied,Crops & agronomy,Maharashtra (MahaAgX),Pre-Release Proposal Of Cowpea (AKCP-8-2-2),cowpea; legume; breeding; drought; yield,Maharashtra,Dr. Panjabrao Deshmukh Krishi Vidyapeeth Akola,Agriculture,"docx, xlsx",RESTRICTED,2026-06-09T06:40:36+0530,a2812255-9c56-407c-ae43-10d781e07493
Agriculture & Allied,Crops & agronomy,Maharashtra (MahaAgX),Process Standardization and Quality Evaluation of Gluten Free Flat Bread (roti) Made from Different Varieties of Sorghum,sorghum; gluten-free; roti; flat bread; variety evaluation; proximate composition; mineral profile; textural analysis; food technology; nutritional security; vnmkv,Maharashtra,Vasantrao Naik Marathwada Krishi Vidyapeeth Parbhani,Agriculture,pdf,OPEN,2026-02-16T03:37:21+0530,4b05fbf2-5eaf-47dc-8810-fd62e2615682
Agriculture & Allied,Crops & agronomy,Maharashtra (MahaAgX),Process Technology for the Production of Pearl Millet Sticks (indian Savory) Using Convective and Microwave Drying,millet; savory; drying; microwave; convective; snacks; nutrition; vnmkv,Maharashtra,Vasantrao Naik Marathwada Krishi Vidyapeeth Parbhani,Agriculture,pdf,OPEN,2026-02-16T03:35:36+0530,5272ee71-4f17-42d5-b2e0-da403f87691f
Agriculture & Allied,Crops & agronomy,Maharashtra (MahaAgX),Process Technology for the Production of Sorghum Pops,sorghum; popping; snacks; conditioning; parbhani; nutrition; agriculture; vnmkv,Maharashtra,Vasantrao Naik Marathwada Krishi Vidyapeeth Parbhani,Agriculture,pdf,OPEN,2026-02-16T03:35:52+0530,99d76fec-9e3e-46c7-956f-eb29722c9db5
Agriculture & Allied,Crops & agronomy,Maharashtra (MahaAgX),Procurement And Distribution Management Of Shramjivi Mahila Audhyogik Sahakari Sanstha: Case Study,foodprocessing; papad; pickle; procurement; distribution; women,Maharashtra,Mahatma Phule Krishi Vidyapeeth Rahuri,Agriculture,"doc, pdf",RESTRICTED,2026-06-11T00:39:04+0530,c3271167-44ef-4a0e-8457-8e7a747ff80d
Agriculture & Allied,Crops & agronomy,Maharashtra (MahaAgX),Procurement And Distribution Management Of Shramjivi Mahila Audhyogik Sahkari Sanstha Ltd Patan,procurement; processing; distribution; management; casestudy,Maharashtra,Mahatma Phule Krishi Vidyapeeth Rahuri,Agriculture,doc,RESTRICTED,2026-06-11T00:47:50+0530,8155530b-94c2-42f0-9476-721f14d15712
Agriculture & Allied,Crops & agronomy,Maharashtra (MahaAgX),"Procurement And Distribution Management Of Shramjivi Mahila Sahakari Ltd, Patan: A Case Study",procurement; processing; distribution; management; case; study; agriculture,Maharashtra,Mahatma Phule Krishi Vidyapeeth Rahuri,Agriculture,"doc, pdf",RESTRICTED,2026-06-11T00:35:38+0530,c073ccbe-780f-44df-91f4-d478a9adab9a
Agriculture & Allied,Crops & agronomy,Maharashtra (MahaAgX),"Procurement, Processing And Distribution Management Of Shramjivi Sahkari Sanstha Ltd Patan Case Study",procurement; processing; distribution; papad; pickle; management; cost,Maharashtra,Mahatma Phule Krishi Vidyapeeth Rahuri,Agriculture,pdf,RESTRICTED,2026-06-11T00:46:27+0530,49324efb-24c6-4461-b385-47ce42688031
Agriculture & Allied,Crops & agronomy,Maharashtra (MahaAgX),Productivity And Economics Of Bt Cotton Based Profitable Cropping System To Enhance Resource Sustainability,cotton; groundnut; chickpea; yield; economics,Maharashtra,Dr. Panjabrao Deshmukh Krishi Vidyapeeth Akola,Agriculture,"docx, xlsx",RESTRICTED,2026-06-09T05:06:29+0530,0a82d308-5e63-4e07-b32a-b4ea71878fc5
Agriculture & Allied,Crops & agronomy,Maharashtra (MahaAgX),Proposal for Identification of Varietyhybrid: Pa 833 (desi Cotton - Gossypium Arboreum) for South Zone,cotton; arboreum; hybrid; south-zone; fiber; genotype; agriculture; vnmkv,Maharashtra,Vasantrao Naik Marathwada Krishi Vidyapeeth Parbhani,Agriculture,pdf,OPEN,2026-02-16T03:34:23+0530,0aa2d208-76d1-42f3-87c8-1ef7e5b0706b
Agriculture & Allied,Crops & agronomy,Maharashtra (MahaAgX),Proposal for Release and Notification of Gossypium Hirsutum Bt Cotton Variety Nh 1901 Bt,bt cotton; nh 1901 bt; variety release; central zone; rainfed; fiber quality; disease resistance; insect resistance; cry protein; vnmkv,Maharashtra,Vasantrao Naik Marathwada Krishi Vidyapeeth Parbhani,Agriculture,pdf,OPEN,2026-02-16T03:25:24+0530,1ae1ea13-d877-44a6-86f2-a3e367ce5553
Agriculture & Allied,Crops & agronomy,Maharashtra (MahaAgX),Proposal for Release and Notification of Gossypium Hirsutum Bt Cotton Variety Nh 1902 Bt,bt cotton; nh 1902 bt; variety release; central zone; rainfed; fiber quality; disease resistance; insect resistance; cry protein; g. hirsutum; vnmkv,Maharashtra,Vasantrao Naik Marathwada Krishi Vidyapeeth Parbhani,Agriculture,pdf,OPEN,2026-02-16T03:25:37+0530,79e4787d-286b-4e8c-9181-526cbe017f6b
Agriculture & Allied,Crops & agronomy,Maharashtra (MahaAgX),Proposal for Release and Notification of Gossypium Hirsutum Bt Cotton Variety Nh 1904 Bt,bt cotton; nh 1904 bt; variety release; central zone; rainfed; fiber quality; disease resistance; insect resistance; cry protein; g. hirsutum; vnmkv,Maharashtra,Vasantrao Naik Marathwada Krishi Vidyapeeth Parbhani,Agriculture,pdf,OPEN,2026-02-16T03:25:46+0530,19055267-75c0-4939-ae8e-ead73cca63d5
Agriculture & Allied,Crops & agronomy,Maharashtra (MahaAgX),Proposal For Release Of Cashew Variety Vengurla 10 Mb (Rfrs 195),cashew; variety; tender; kernel; release,Maharashtra,Dr. Balasaheb Sawant Konkan Krishi Vidyapeeth Dapoli,Agriculture,pdf,RESTRICTED,2026-06-03T13:15:47+0530,ec805061-c2d5-4120-a38a-a97bf0a8e984
Agriculture & Allied,Crops & agronomy,Maharashtra (MahaAgX),Proposal For Release Of Nutmeg Variety Sanyukta,nutmeg; variety; spices; horticulture; release,Maharashtra,Dr. Balasaheb Sawant Konkan Krishi Vidyapeeth Dapoli,Agriculture,pdf,RESTRICTED,2026-06-03T11:34:29+0530,dfb14519-cb6a-49d0-9fde-d47cf6ee2660
Agriculture & Allied,Crops & agronomy,Maharashtra (MahaAgX),Proposal For Release Of Recommendation 2022-23,sugarcane; agriculture; research; recommendation; station; central; ahmednagar,Maharashtra,Mahatma Phule Krishi Vidyapeeth Rahuri,Agriculture,doc,RESTRICTED,2026-06-10T22:01:45+0530,d885ba6d-6bf5-4929-86e6-0cafdc31e40b
Agriculture & Allied,Crops & agronomy,Maharashtra (MahaAgX),Proposal For Release Of Recommendation In Agronomy (NRM),agronomy; wheat; recommendation; research; agresco,Maharashtra,Mahatma Phule Krishi Vidyapeeth Rahuri,Agriculture,doc,RESTRICTED,2026-06-10T21:55:33+0530,3ca8755c-4573-4f0c-9541-9f293348ecc4
Agriculture & Allied,Crops & agronomy,Maharashtra (MahaAgX),Proposal for Release of Safflower Variety Pbns-184 (parbhani Binakati),safflower; variety; pbns-184; non-spiny; breeding; agriculture; parbhani; vnmkv,Maharashtra,Vasantrao Naik Marathwada Krishi Vidyapeeth Parbhani,Agriculture,docx,OPEN,2026-02-16T03:18:47+0530,b7ff08ec-c74e-4db6-a217-20070e225468
Agriculture & Allied,Crops & agronomy,Maharashtra (MahaAgX),Proposal For Research Finding On Management Of Sucking Pests On Lathyrus Sativus,pests; lathyrus; insecticide; yield; costbenefit,Maharashtra,Dr. Panjabrao Deshmukh Krishi Vidyapeeth Akola,Agriculture,docx,RESTRICTED,2026-06-09T07:07:18+0530,6191ae69-72bb-47bd-b028-5bb2a52ce4b4
Agriculture & Allied,Crops & agronomy,Maharashtra (MahaAgX),Proposal For Research Recommendation On Integrated Management Of Pests Of Paddy On Farmers Field,ipm; rice; paddy; pest; yield; economics; farmers,Maharashtra,Dr. Panjabrao Deshmukh Krishi Vidyapeeth Akola,Agriculture,"docx, xlsx",RESTRICTED,2026-06-09T07:10:22+0530,4f043360-5c9c-46aa-9e13-cc7595154088
Agriculture & Allied,Crops & agronomy,Maharashtra (MahaAgX),Proposal Of American Cotton Variety Suvarnashubhra (Akh-09-5) For Central Zone,cotton; variety; yield; fibre; disease,Maharashtra,Dr. Panjabrao Deshmukh Krishi Vidyapeeth Akola,Agriculture,"docx, xlsx",RESTRICTED,2026-06-09T05:26:38+0530,5b1778a1-1276-4587-82d7-475c98411b28
Agriculture & Allied,Crops & agronomy,Maharashtra (MahaAgX),Proposal Of Release Of G Arboream Cotton Variety Pdkv Dhaval,cotton; variety; yield; disease; agronomy; india; performance,Maharashtra,Dr. Panjabrao Deshmukh Krishi Vidyapeeth Akola,Agriculture,"docx, xlsx",RESTRICTED,2026-06-09T05:28:22+0530,e182eabf-6002-460d-83db-7b939ff17f7d
Agriculture & Allied,Crops & agronomy,Maharashtra (MahaAgX),Proposals for Release of Safflower Variety Pbns 221 (parbhani Sujalam),safflower; variety; pbns-221; sujalam; breeding; irrigated; agriculture; vnmkv,Maharashtra,Vasantrao Naik Marathwada Krishi Vidyapeeth Parbhani,Agriculture,pdf,OPEN,2026-02-16T03:19:07+0530,a24ce94b-abc1-4d5c-b786-13892da7a811
Agriculture & Allied,Crops & agronomy,Maharashtra (MahaAgX),Proposals for Release of Safflower Variety Pbns-222 (parbhani Sufalam),safflower; variety; pbns-222; sufalam; breeding; rainfed; agriculture; vnmkv,Maharashtra,Vasantrao Naik Marathwada Krishi Vidyapeeth Parbhani,Agriculture,pdf,OPEN,2026-02-16T03:19:35+0530,ed7eccf8-d88d-4e6b-9e71-71e087424a51
Agriculture & Allied,Crops & agronomy,Maharashtra (MahaAgX),Proposed Release Proposal Of Pdkv Mandarin 5,lime; acidlime; pickle; variety; agriculture,Maharashtra,Dr. Panjabrao Deshmukh Krishi Vidyapeeth Akola,Agriculture,"doc, docx, xlsx",RESTRICTED,2026-06-09T05:12:10+0530,75b832b3-bdb3-4482-b60a-77b970c3812c
Agriculture & Allied,Crops & agronomy,Maharashtra (MahaAgX),Protocol For Preservation Of Custard Apple Pulp,custardapple; pulp; preservation; ascorbic; potassium; frozen; storage,Maharashtra,Mahatma Phule Krishi Vidyapeeth Rahuri,Agriculture,doc,RESTRICTED,2026-06-10T22:12:28+0530,94791dc5-308f-41c4-b5cf-f6f6cf7b4e94
Agriculture & Allied,Crops & agronomy,Maharashtra (MahaAgX),"Quality Evaluation Of Traditional Dried Clam, Meretrix Casta (Gmelin, 1791) Product Mulyache Kaple",clam; dried; product; evaluation; turmeric,Maharashtra,Dr. Balasaheb Sawant Konkan Krishi Vidyapeeth Dapoli,Agriculture,pdf,RESTRICTED,2026-06-03T10:22:05+0530,14a4a3d1-ef20-4d72-a3ab-eeb1335dbff3
Agriculture & Allied,Crops & agronomy,Maharashtra (MahaAgX),Raw Material Procurement,procurement; rawmaterial; monthly; quantity; agriculture,Maharashtra,Mahatma Phule Krishi Vidyapeeth Rahuri,Agriculture,pdf,RESTRICTED,2026-06-11T00:31:40+0530,6c5cf8f0-3e77-4c82-983b-65e181fb77fc
Agriculture & Allied,Crops & agronomy,Maharashtra (MahaAgX),Recommendation Kharif Sorghum- Chickpea,sorghum; chickpea; nutrient; management; crop,Maharashtra,Dr. Panjabrao Deshmukh Krishi Vidyapeeth Akola,Agriculture,docx,RESTRICTED,2026-06-09T07:17:04+0530,83dfd6e0-d193-4057-9ca5-6a11e4353d99
Agriculture & Allied,Crops & agronomy,Maharashtra (MahaAgX),Recommendation Of Proposed Variety AKTM 1637 (PDKV Ashlesha),pigeonpea; variety; yield; disease; resistance,Maharashtra,Dr. Panjabrao Deshmukh Krishi Vidyapeeth Akola,Agriculture,pdf,RESTRICTED,2026-06-09T07:02:27+0530,ee12de5e-f009-4b8e-ba36-a73937196d8c
Agriculture & Allied,Crops & agronomy,Maharashtra (MahaAgX),Recommendation on Chickpea - Research Recommendations 2023,chickpea; agriculture; agronomy; cultivation; recommendation; yield,Maharashtra,Mahatma Phule Krishi Vidyapeeth Rahuri,Agriculture,docx,RESTRICTED,2026-06-06T18:52:48+0530,7dd80e9a-dae3-4333-895d-79ef59a03fa7
Agriculture & Allied,Crops & agronomy,Maharashtra (MahaAgX),Recommendation Proposal for Management of Seedsoil Borne Diseases of Safflower by Chemical and Biological Agents,safflower; trichoderma; biopriming; pathology; fungicide; fusarium; maharashtra; vnmkv,Maharashtra,Vasantrao Naik Marathwada Krishi Vidyapeeth Parbhani,Agriculture,pdf,OPEN,2026-02-16T03:12:56+0530,84aaf905-5dba-4aac-b2d6-e4e7253a7de6
Agriculture & Allied,Crops & agronomy,Maharashtra (MahaAgX),Recommendation Proposal for Management of Soil Borne Diseases of Safflower Through Biopriming with Trichoderma Harzianum,safflower; biopriming; trichoderma; pathology; diseases; agriculture; marathwada 2222; vnmkv,Maharashtra,Vasantrao Naik Marathwada Krishi Vidyapeeth Parbhani,Agriculture,docx,OPEN,2026-02-16T03:19:49+0530,0ca850b2-0542-4745-8672-a486af91920a
Agriculture & Allied,Crops & agronomy,Maharashtra (MahaAgX),Redesigning of Farm Pond Sizes Based On Rainfall-runoff Relationship Under Climatic Variations for Assured Rainfall Zone,farm pond; rainwater harvesting; rainfall-runoff; scs curve number; supplemental irrigation; climate variation; marathwada; water storage; vnmkv,Maharashtra,Vasantrao Naik Marathwada Krishi Vidyapeeth Parbhani,Agriculture,pdf,OPEN,2026-02-16T03:47:31+0530,afa4bdf7-7292-482f-9270-d88fc86a6ffe
Agriculture & Allied,Crops & agronomy,Maharashtra (MahaAgX),Release Proposal of Chickpea Genotype Parbhani Chana-16 (bdng 2018-16),chickpea; parbhani chana-16; bdng 2018-16; variety release; wilt resistance; marathwada; irrigated; yield; vnmkv,Maharashtra,Vasantrao Naik Marathwada Krishi Vidyapeeth Parbhani,Agriculture,docx,OPEN,2026-02-16T03:23:43+0530,754fa32d-2292-4841-bafb-f7c2d04d89c7
Agriculture & Allied,Crops & agronomy,Maharashtra (MahaAgX),Release Proposal Of Custard Apple Genotype (CA-12-03),custard; apple; genotype; yield; tss,Maharashtra,Dr. Panjabrao Deshmukh Krishi Vidyapeeth Akola,Agriculture,"docx, xlsx",RESTRICTED,2026-06-09T06:36:15+0530,3b84a102-badd-466f-bbdf-f33cc4aee7a4
Agriculture & Allied,Crops & agronomy,Maharashtra (MahaAgX),Release Proposal of Desi Cotton (g Arboreum) Variety Pa 740,cotton; arboreum; variety; rainfed; yield; fiber; parbhani; vnmkv,Maharashtra,Vasantrao Naik Marathwada Krishi Vidyapeeth Parbhani,Agriculture,docx,OPEN,2026-02-16T03:34:44+0530,7b8a2b44-8064-4fea-b231-c6bd28ac93da
Agriculture & Allied,Crops & agronomy,Maharashtra (MahaAgX),Release Proposal Of Finger Millet Dapoli-2 (Scn-6),fingermillet; variety; biofortification; yield; calcium; iron; konkan,Maharashtra,Dr. Balasaheb Sawant Konkan Krishi Vidyapeeth Dapoli,Agriculture,pdf,RESTRICTED,2026-06-02T17:48:32+0530,c7cce6ff-c05f-4e2a-8af6-653ce9ed3454
Agriculture & Allied,Crops & agronomy,Maharashtra (MahaAgX),Release Proposal Of Gladiolus Hybrid PDKV Gold (AK-GL-04-16),pruning; flower; jasmine; time; severity,Maharashtra,Dr. Panjabrao Deshmukh Krishi Vidyapeeth Akola,Agriculture,pdf,RESTRICTED,2026-06-09T05:47:30+0530,a9a666ee-0fa1-477e-83f7-23a01ef75e38
Agriculture & Allied,Crops & agronomy,Maharashtra (MahaAgX),Release Proposal Of Hirsutum Cotton Variety Akh-9916,cotton; variety; yield; pestresistance; rainfed,Maharashtra,Dr. Panjabrao Deshmukh Krishi Vidyapeeth Akola,Agriculture,"docx, xlsx",RESTRICTED,2026-06-09T05:24:14+0530,3d2fd4db-12fb-4dca-9a69-8c901bde459f
Agriculture & Allied,Crops & agronomy,Maharashtra (MahaAgX),Release Proposal of Pigeonpea Genotype Bdn 2013-41 (godawari) for Maharashtra,pigeonpea; bdn 2013-41; godawari; variety release; wilt resistance; sterility mosaic; maharashtra; breeding; vnmkv,Maharashtra,Vasantrao Naik Marathwada Krishi Vidyapeeth Parbhani,Agriculture,pdf,OPEN,2026-02-16T03:23:38+0530,bb9001f7-c224-42dc-abae-329703779163
Agriculture & Allied,Crops & agronomy,Maharashtra (MahaAgX),Release Proposal Of Rice Variety Skl-2-50-56-45-30-60(Sakoli-9),rice; variety; yield; maharashtra; vidarbha,Maharashtra,Dr. Panjabrao Deshmukh Krishi Vidyapeeth Akola,Agriculture,"docx, xlsx",RESTRICTED,2026-06-09T07:06:46+0530,06e7b9f5-caeb-4815-9d6e-e86b1490fbb0
Agriculture & Allied,Crops & agronomy,Maharashtra (MahaAgX),Release Proposal of Safflower (carthamus Tinctorius L) Pbns-154 (parbhani Suvarna),safflower; variety; pbns-154; agronomy; breeding; agriculture; parbhani; vnmkv,Maharashtra,Vasantrao Naik Marathwada Krishi Vidyapeeth Parbhani,Agriculture,pdf,OPEN,2026-02-16T03:18:19+0530,c62082b8-d72a-4947-a0e7-62a2db7a52f5
Agriculture & Allied,Crops & agronomy,Maharashtra (MahaAgX),Release Proposal Of Safflower Variety AKS 351,plant; physiology; research; recommendations; agriculture,Maharashtra,Dr. Panjabrao Deshmukh Krishi Vidyapeeth Akola,Agriculture,doc,RESTRICTED,2026-06-09T06:55:56+0530,5bfacaa3-8e96-448c-b469-34b1451c9f02
Agriculture & Allied,Crops & agronomy,Maharashtra (MahaAgX),Release Proposal Of Safflower Variety Aks 351,safflower; oilseed; variety; trial; release,Maharashtra,Dr. Panjabrao Deshmukh Krishi Vidyapeeth Akola,Agriculture,docx,RESTRICTED,2026-06-09T06:55:30+0530,fd9e95d4-249d-491b-9c19-cb36fef82dc2
Agriculture & Allied,Crops & agronomy,Maharashtra (MahaAgX),Release Proposal Of Sugarcane Variety Phule Sugarcane 15006,sugarcane; variety; research; agriculture; release,Maharashtra,Mahatma Phule Krishi Vidyapeeth Rahuri,Agriculture,docx,RESTRICTED,2026-06-10T23:12:28+0530,b3b10d6a-958d-4dea-a341-edbeaf23c62e
Agriculture & Allied,Crops & agronomy,Maharashtra (MahaAgX),Release Proposal Of Sunflower Hybrid PDKV Suraj (PDKVSH 964),sunflower; hybrid; seed; oil; maharashtra,Maharashtra,Dr. Panjabrao Deshmukh Krishi Vidyapeeth Akola,Agriculture,docx,RESTRICTED,2026-06-09T06:54:33+0530,b19ae3db-f4a2-4a44-9fac-dacf5be90674
Agriculture & Allied,Crops & agronomy,Maharashtra (MahaAgX),Release Proposal Of SYE-503-78-34-2 (PDKV Tilak),rice; breeder; research; recommendations; agriculture,Maharashtra,Dr. Panjabrao Deshmukh Krishi Vidyapeeth Akola,Agriculture,"doc, xlsx",RESTRICTED,2026-06-09T07:14:29+0530,132d5b0d-db63-4e34-baaf-ff19824a9c3f
Agriculture & Allied,Crops & agronomy,Maharashtra (MahaAgX),Release Proposal Of Wheat Variety PDKV Sardar,wheat; research; recommendations; agriculture; unit; study,Maharashtra,Dr. Panjabrao Deshmukh Krishi Vidyapeeth Akola,Agriculture,"doc, xlsx",RESTRICTED,2026-06-09T07:22:00+0530,9381e13c-8ef8-4fd0-8029-9b62b595fbcc
Agriculture & Allied,Crops & agronomy,Maharashtra (MahaAgX),"Released Varieties of Desi Cotton During Last Ten Years at Cotton Research Station, Mahboob Baugh Farm, VNMKV, Parbhani",cotton; arboreum; varieties; yield; parbhani; vnmkv; cultivation; vnmkv,Maharashtra,Vasantrao Naik Marathwada Krishi Vidyapeeth Parbhani,Agriculture,docx,OPEN,2026-02-16T03:34:55+0530,6d808ad7-26ee-4eeb-a0e4-6209ffe0f5c6
Agriculture & Allied,Crops & agronomy,Maharashtra (MahaAgX),Report of the Research Work Done During the Academic Year 2016-17 (agresco),vermicelli; finger millet; foxtail millet; peanut butter; food technology; nutrition; bakery; vnmkv,Maharashtra,Vasantrao Naik Marathwada Krishi Vidyapeeth Parbhani,Agriculture,pdf,OPEN,2026-02-16T03:38:48+0530,82979e66-0ed7-4403-bdc7-9b077cd581f1
Agriculture & Allied,Crops & agronomy,Maharashtra (MahaAgX),Report of the Research Work Done During the Academic Year 2021-22 (agresco),sorghum; roti; gluten-free; complementary food; weaning; malnutrition; legumes; mineral composition; vnmkv,Maharashtra,Vasantrao Naik Marathwada Krishi Vidyapeeth Parbhani,Agriculture,docx,OPEN,2026-02-16T03:42:25+0530,63ba4be0-330b-4eca-bc20-18f91c59523d
Agriculture & Allied,Crops & agronomy,Maharashtra (MahaAgX),Report of the Research Work Done During the Academic Year 2022-23 (agresco),popped sorghum; upma mix; nutribar; jaggery; weaning food; idli; shelf-life; vnmkv,Maharashtra,Vasantrao Naik Marathwada Krishi Vidyapeeth Parbhani,Agriculture,docx,OPEN,2026-02-16T03:42:31+0530,fd5aa39d-2797-4d7a-a1e2-84bbd5328b10
Agriculture & Allied,Crops & agronomy,Maharashtra (MahaAgX),Report of the Research Work Done During the Academic Year 2024-25 (agresco),millet; kharodi; extruded products; karonda; ice candy; nutrition; processing; vnmkv,Maharashtra,Vasantrao Naik Marathwada Krishi Vidyapeeth Parbhani,Agriculture,pdf,OPEN,2026-02-16T03:42:45+0530,a2d78226-82be-4ebb-acef-b82a174b483f
Agriculture & Allied,Crops & agronomy,Maharashtra (MahaAgX),Report of the Research Work Done During the Year 2020-21 (agresco),moth bean; chocolate; horse gram; nutrition; minerals; bar; legumes; vnmkv,Maharashtra,Vasantrao Naik Marathwada Krishi Vidyapeeth Parbhani,Agriculture,pdf,OPEN,2026-02-16T03:42:17+0530,37aab4da-9c2a-4923-8845-86b0320da940
Agriculture & Allied,Crops & agronomy,Maharashtra (MahaAgX),Research Data Rice Sakoli,insecticide; botanical; rice; pest; trial,Maharashtra,Dr. Panjabrao Deshmukh Krishi Vidyapeeth Akola,Agriculture,docx,RESTRICTED,2026-06-09T07:11:11+0530,3b79ecda-23af-46bc-96d5-897c4aa294bb
Agriculture & Allied,Crops & agronomy,Maharashtra (MahaAgX),Research Recommendations for Approval of Research Findings Release Committee Meeting 2014,economics; agriculture; technologies; gram; maharashtra; impact; income; mpkv,Maharashtra,Mahatma Phule Krishi Vidyapeeth Rahuri,Agriculture,docx,RESTRICTED,2026-02-16T01:04:58+0530,30e1dea5-2fed-4390-b785-b89ea4abca03
Agriculture & Allied,Crops & agronomy,Maharashtra (MahaAgX),Research Release Proposal: Compiled Projects of the Department of Agricultural Process Engineering (2014-15 to 2024-25),agricultural; processing; engineering; dehydration; snacks; technology; parbhani; vnmkv,Maharashtra,Vasantrao Naik Marathwada Krishi Vidyapeeth Parbhani,Agriculture,pdf,OPEN,2026-02-16T03:36:43+0530,7e4d65ee-ebc4-4e7b-b343-1f923d71b2f5
Agriculture & Allied,Crops & agronomy,Maharashtra (MahaAgX),Residual And Cumulative Effect Of Phasing And Levels Of Zinc Application On Zinc Fractions And Crop Productivity Under Cotton  Soybean Rotation,shatavari; root; yield; organic; planting; economics,Maharashtra,Dr. Panjabrao Deshmukh Krishi Vidyapeeth Akola,Agriculture,"docx, xlsx",RESTRICTED,2026-06-09T05:36:34+0530,e5d2b59e-51a3-4c4d-8de5-557e2e765bf3
Agriculture & Allied,Crops & agronomy,Maharashtra (MahaAgX),Response Of Baby Corn To Sowing Periods And Crop Geometry,babycorn; sowing; geometry; growth; yield,Maharashtra,Dr. Panjabrao Deshmukh Krishi Vidyapeeth Akola,Agriculture,"docx, xlsx",RESTRICTED,2026-06-09T06:39:24+0530,7ac81c64-7c4a-43e3-95b6-3be8ee885353
Agriculture & Allied,Crops & agronomy,Maharashtra (MahaAgX),Response of Kharif Maize (Zea Mays (L)) to Liquid and Carrier Based Bio-Inoculants,maize; bio-inoculants; kharif; nitrogen; phosphorus; bacteria; growth; vnmkv,Maharashtra,Vasantrao Naik Marathwada Krishi Vidyapeeth Parbhani,Agriculture,pdf,OPEN,2026-02-17T03:35:51+0530,c93ed5fe-3efd-487f-83b6-bceb76a7f355
Agriculture & Allied,Crops & agronomy,Maharashtra (MahaAgX),"Revised Minutes of the 88th Meeting of Central Sub-committee On Crop Standards, Notification and Release of Varieties for Agricultural Crops",notification; varieties; agriculture; seeds; release; cultivars; standards; vnmkv,Maharashtra,Vasantrao Naik Marathwada Krishi Vidyapeeth Parbhani,Agriculture,pdf,OPEN,2026-02-16T03:34:40+0530,69762a2a-2e60-401c-aae1-fb6ab4861a4d
Agriculture & Allied,Crops & agronomy,Maharashtra (MahaAgX),Rice (Sakoli) Research Recommendations,rice; research; recommendations; agriculture; study,Maharashtra,Dr. Panjabrao Deshmukh Krishi Vidyapeeth Akola,Agriculture,xlsx,RESTRICTED,2026-06-09T07:07:44+0530,63a17c53-21de-43ca-ac37-c858701a6d6a
Agriculture & Allied,Crops & agronomy,Maharashtra (MahaAgX),Rice (Sakoli) Research Recommendations 2015-19,rice; research; recommendations; agriculture; study,Maharashtra,Dr. Panjabrao Deshmukh Krishi Vidyapeeth Akola,Agriculture,xlsx,RESTRICTED,2026-06-09T07:03:24+0530,42d82f2d-98dd-4cc0-869f-8dc42a3ce42c
Agriculture & Allied,Crops & agronomy,Maharashtra (MahaAgX),Rice (Sakoli) Research Recommendations 2020-21,rice; research; recommendations; agriculture; study,Maharashtra,Dr. Panjabrao Deshmukh Krishi Vidyapeeth Akola,Agriculture,xlsx,RESTRICTED,2026-06-09T07:09:29+0530,69f62501-921a-44a2-86ef-5ebcf6e84460
Agriculture & Allied,Crops & agronomy,Maharashtra (MahaAgX),Rice Disease Resistance Registration And Donor Parent Identification - Research Recommendations 2016,rice; disease; resistance; genetics; agriculture,Maharashtra,Mahatma Phule Krishi Vidyapeeth Rahuri,Agriculture,docx,RESTRICTED,2026-06-11T07:30:55+0530,dac98b94-797c-4ee1-aa60-35f05da51edd
Agriculture & Allied,Crops & agronomy,Maharashtra (MahaAgX),Rice Genotype Phule Super Pawana (Igp-13-12-19) - Research Recommendations 2022,rice; yield; nutrition; breeding; mutation; maharashtra; agronomy,Maharashtra,Mahatma Phule Krishi Vidyapeeth Rahuri,Agriculture,doc,RESTRICTED,2026-06-10T22:13:19+0530,684710f1-4587-4852-80ff-f90b7b526e62
Agriculture & Allied,Crops & agronomy,Maharashtra (MahaAgX),Rice Research Recommendations,rice; research; recommendations; agriculture; study,Maharashtra,Dr. Panjabrao Deshmukh Krishi Vidyapeeth Akola,Agriculture,xlsx,RESTRICTED,2026-06-09T07:06:11+0530,526e7b25-d888-4147-b0e9-9bce48cfd2c0
Agriculture & Allied,Crops & agronomy,Maharashtra (MahaAgX),Rice Research Recommendations 2015-2019,rice; agriculture; research; recommendations; study,Maharashtra,Dr. Panjabrao Deshmukh Krishi Vidyapeeth Akola,Agriculture,doc,RESTRICTED,2026-06-09T07:04:24+0530,0ea64fb5-ad13-472c-a2d4-94cf1f6aef58
Agriculture & Allied,Crops & agronomy,Maharashtra (MahaAgX),Rice Variety Phule Maval-7 (Vdn-1808) - Research Recommendations 2023,rice; variety; yield; disease; breeding; westernmaharashtra; agronomy,Maharashtra,Mahatma Phule Krishi Vidyapeeth Rahuri,Agriculture,docx,RESTRICTED,2026-06-10T23:10:46+0530,d76007da-a367-4e96-bcab-c769d83d23f2
Agriculture & Allied,Crops & agronomy,Maharashtra (MahaAgX),Rsv 1188 Shootfly Resistance Recommendation 2019,sorghum; shootfly; resistance; morphology; biochemistry,Maharashtra,Mahatma Phule Krishi Vidyapeeth Rahuri,Agriculture,docx,RESTRICTED,2026-06-11T07:45:27+0530,ad98d83b-5914-4e79-9c30-597e368c8ef2
Agriculture & Allied,Crops & agronomy,Maharashtra (MahaAgX),Safflower SSF-18-02 - Research Recommendations 2023,safflower; oilseed; variety; agronomy; disease; pest; yield,Maharashtra,Mahatma Phule Krishi Vidyapeeth Rahuri,Agriculture,doc,RESTRICTED,2026-06-10T23:06:52+0530,b339bdd9-e4d5-4bd8-9baf-37681fba673a
Agriculture & Allied,Crops & agronomy,Maharashtra (MahaAgX),Safflower SSF-18-02 Variety Recommended For Release In Zone-I Safflower Growing Areas,safflower; oilseed; crop; variety; release,Maharashtra,Mahatma Phule Krishi Vidyapeeth Rahuri,Agriculture,doc,RESTRICTED,2026-06-10T23:06:07+0530,03e09e00-bad1-45da-bd33-1e8457fb50c5
Agriculture & Allied,Crops & agronomy,Maharashtra (MahaAgX),Safflower Variety Phule Kardai (Ssf-07) Release Recommendation 2023,safflower; vegetable; leaf; yield; genotype; release,Maharashtra,Mahatma Phule Krishi Vidyapeeth Rahuri,Agriculture,docx,RESTRICTED,2026-06-11T00:16:34+0530,a1ac1fca-8a9f-4c86-a93a-f4b13805025a
Agriculture & Allied,Crops & agronomy,Maharashtra (MahaAgX),Salicylic Acid Induced Physiological And Biochemical Changes In Cotton Under Water Stress Condition,botany; research; recommendations; study; analysis,Maharashtra,Dr. Panjabrao Deshmukh Krishi Vidyapeeth Akola,Agriculture,doc,RESTRICTED,2026-06-09T04:55:02+0530,f9bae638-6fdf-4de4-84cb-f8912b6f2871
Agriculture & Allied,Crops & agronomy,Maharashtra (MahaAgX),Seed Biopriming Of Black Gram With Rhizobium And Psb - Research Recommendations 2022,blackgram; seedbiopriming; rhizobium; psb; soilmicrobiology; agriculture,Maharashtra,Mahatma Phule Krishi Vidyapeeth Rahuri,Agriculture,docx,RESTRICTED,2026-06-10T22:31:20+0530,d5519d7c-5f79-40b6-ab39-ab59af46172d
Agriculture & Allied,Crops & agronomy,Maharashtra (MahaAgX),Seed Biopriming Of Green Gram With Mpkv Liquid Rhizobium And Psb - Research Recommendations 2022,greengram; seedbiopriming; rhizobium; psb; soil,Maharashtra,Mahatma Phule Krishi Vidyapeeth Rahuri,Agriculture,docx,RESTRICTED,2026-06-10T22:29:34+0530,e69a4efe-ad18-4cf9-a111-035c87cd708a
Agriculture & Allied,Crops & agronomy,Maharashtra (MahaAgX),Seed Treatment Of Gram With MPKV Consortium And 75 RDF,gram; chickpea; consortium; bacteria; fertilizer; yield; economics,Maharashtra,Mahatma Phule Krishi Vidyapeeth Rahuri,Agriculture,docx,RESTRICTED,2026-06-10T22:30:10+0530,b49280d1-751d-4b39-b587-b9ef3290a58f
Agriculture & Allied,Crops & agronomy,Maharashtra (MahaAgX),Shramjivi Mahila Audhyogik Sahakari Sanstha - Research Recommendations 2006,foodprocessing; agriculture; procurement; distribution; costanalysis; management; women,Maharashtra,Mahatma Phule Krishi Vidyapeeth Rahuri,Agriculture,"doc, pdf",RESTRICTED,2026-06-11T00:40:37+0530,71213372-2dbd-4a84-a78d-6460d498a21f
Agriculture & Allied,Crops & agronomy,Maharashtra (MahaAgX),Shramjivi Mahila Audhyogik Sahakari Sanstha Profile,women; cooperatives; foodprocessing; papad; pickles; distribution; satara,Maharashtra,Mahatma Phule Krishi Vidyapeeth Rahuri,Agriculture,"doc, pdf",RESTRICTED,2026-06-11T00:42:01+0530,3a6580e8-bfea-4881-939f-339419da8147
Agriculture & Allied,Crops & agronomy,Maharashtra (MahaAgX),SMART - Project Proposal and CBO Grant Lifecycle Registry for Maharashtra,fpo; agriculture; agri-infrastructure; maharashtra; farmer-producer-company; crop-processing; smart,Maharashtra,Department of Agriculture Government of Maharashtra,Agriculture,JSON,RESTRICTED,2026-07-03T15:25:07+0530,8f308861-4ecd-11f1-a531-9c2dcd6fef4c
Agriculture & Allied,Crops & agronomy,Maharashtra (MahaAgX),Sorghum Maida Wheat Muffins - Research Recommendations 2023,sorghum; maida; wheat; muffins; nutrition,Maharashtra,Mahatma Phule Krishi Vidyapeeth Rahuri,Agriculture,"doc, docx",RESTRICTED,2026-06-10T23:22:27+0530,d7ff38eb-c426-4935-b81d-178e84bde86a
Agriculture & Allied,Crops & agronomy,Maharashtra (MahaAgX),Sorghum Research Unit 2019 Research Recommendations,sorghum; agriculture; research; recommendations; unit; department,Maharashtra,Dr. Panjabrao Deshmukh Krishi Vidyapeeth Akola,Agriculture,"doc, docx, xlsx",RESTRICTED,2026-06-09T07:19:51+0530,bf9c55fe-9818-4db4-9cbb-35f5c6be8ae0
Agriculture & Allied,Crops & agronomy,Maharashtra (MahaAgX),Soybean Crop Pest Infestation and Diagnostic Imagery Dataset (PoCRA-MPKV),soybean; defoliators; field; pocra; rahuri; mpkv,Maharashtra,Mahatma Phule Krishi Vidyapeeth Rahuri,Agriculture,jpeg,RESTRICTED,2026-05-27T09:42:35+0530,15426b3f-9c2d-4820-917e-ba1bdbde16be
Agriculture & Allied,Crops & agronomy,Maharashtra (MahaAgX),Soybean Purple Stain Management Recommendation,soybean; fungicide; seed; disease; yield,Maharashtra,Mahatma Phule Krishi Vidyapeeth Rahuri,Agriculture,docx,RESTRICTED,2026-06-10T22:33:31+0530,30c286f1-5253-4331-bb73-9c8d4b79cceb
Agriculture & Allied,Crops & agronomy,Maharashtra (MahaAgX),Soybean Seed Pathology - Research Recommendations 2023,soybean; fungicide; seed; leafspot; podblight,Maharashtra,Mahatma Phule Krishi Vidyapeeth Rahuri,Agriculture,docx,RESTRICTED,2026-06-10T23:38:37+0530,b024706c-daba-44e1-b2fb-bbd6d8e47d70
Agriculture & Allied,Crops & agronomy,Maharashtra (MahaAgX),Soybean Yield Gap Assessment - Research Recommendations,soybean; yield; biofertilizer; moisture; seed,Maharashtra,Mahatma Phule Krishi Vidyapeeth Rahuri,Agriculture,docx,RESTRICTED,2026-06-10T23:16:28+0530,44a24e77-4356-47cc-bc71-6c6f872b03a1
Agriculture & Allied,Crops & agronomy,Maharashtra (MahaAgX),Spacing And Nitrogen Management On Growth And Yield Of Paddy,paddy; yield; transplanting; fertilizer; spacing; agriculture,Maharashtra,Dr. Panjabrao Deshmukh Krishi Vidyapeeth Akola,Agriculture,"docx, xlsx",RESTRICTED,2026-06-09T07:16:21+0530,7b0382b7-ab44-453e-881e-96cf76908bc9
Agriculture & Allied,Crops & agronomy,Maharashtra (MahaAgX),Split Application Of Nitrogen And Potassium For Soybean Crop,soybean; nitrogen; potassium; split; fertilizer; yield,Maharashtra,Mahatma Phule Krishi Vidyapeeth Rahuri,Agriculture,doc,RESTRICTED,2026-06-10T22:41:39+0530,1f6114fb-74de-4e6c-9b2d-825bcbdfcbc1
Agriculture & Allied,Crops & agronomy,Maharashtra (MahaAgX),Spraying Combi-Fungicide Tebuconazole 50  Trifloxystrobin 25 Wg For Stem Rust In Wheat,wheat; stemrust; fungicide; agriculture; crop,Maharashtra,Mahatma Phule Krishi Vidyapeeth Rahuri,Agriculture,docx,RESTRICTED,2026-06-10T23:36:55+0530,8abbad71-95a5-46ac-933d-ea14b8055504
Agriculture & Allied,Crops & agronomy,Maharashtra (MahaAgX),"SSD, Onion Storage, Cotton Productivity, Soymeal Trade, Soybean IO, KVK Impact - Research Recommendations 2022",drainage; onion; cotton; soymeal; soybean; kvk; trade,Maharashtra,Mahatma Phule Krishi Vidyapeeth Rahuri,Agriculture,doc,RESTRICTED,2026-06-10T21:35:01+0530,3dece7e3-f2c7-4b8c-b607-66eab5b4234b
Agriculture & Allied,Crops & agronomy,Maharashtra (MahaAgX),Standardisation of Geometry for Bt Varieties,bt cotton; bg ii; plant geometry; spacing; rainfed condition; nh 615 bt; phule yamuna bt; seed cotton yield; economics; vnmkv,Maharashtra,Vasantrao Naik Marathwada Krishi Vidyapeeth Parbhani,Agriculture,pdf,OPEN,2026-02-16T03:25:10+0530,b781373b-767c-460f-a773-3930e1ff25fc
Agriculture & Allied,Crops & agronomy,Maharashtra (MahaAgX),Standardization Of Dose Of Fungicide Through Drone For Management Of Pod Blight Disease Of Soybean,soybean; podblight; fungicide; drone; yield,Maharashtra,Mahatma Phule Krishi Vidyapeeth Rahuri,Agriculture,docx,RESTRICTED,2026-06-11T07:26:21+0530,6cd2aad7-4f2b-496f-8da2-96924f92c752
Agriculture & Allied,Crops & agronomy,Maharashtra (MahaAgX),Standardization Of Drone Application Of Fungicides For Management Of Pod Blight Disease Of Soybean,soybean; fungicide; drone; podblight; yield,Maharashtra,Mahatma Phule Krishi Vidyapeeth Rahuri,Agriculture,doc,RESTRICTED,2026-06-10T23:34:33+0530,81de24ca-b83a-4de8-a6f8-35ed53847a2c
Agriculture & Allied,Crops & agronomy,Maharashtra (MahaAgX),Standardization of Farm Pond Sizes Based On Rainfall-Runoff Relationship for Moderate to High Rainfall Zone of Marathwada Region,farm pond; rainwater harvesting; moderate rainfall; high rainfall; scs curve number; supplemental irrigation; water storage; marathwada; vnmkv,Maharashtra,Vasantrao Naik Marathwada Krishi Vidyapeeth Parbhani,Agriculture,pdf,OPEN,2026-02-16T03:47:38+0530,04e5f36c-4f0d-4cb2-919e-119abbb03597
Agriculture & Allied,Crops & agronomy,Maharashtra (MahaAgX),Standardization Of Production Technology In Sets Planted Onion For Kharif Season,onion; sets; kharif; production; technology,Maharashtra,Dr. Panjabrao Deshmukh Krishi Vidyapeeth Akola,Agriculture,"docx, xlsx",RESTRICTED,2026-06-09T06:48:37+0530,e699d985-85a7-44cd-aeef-4425ffad746c
Agriculture & Allied,Crops & agronomy,Maharashtra (MahaAgX),Standardization Of Time Of Transplanting And Spacing On Herbage And Oil Yield In Basil (Ocimum Basilicum),basil; transplanting; spacing; herbage; oil,Maharashtra,Mahatma Phule Krishi Vidyapeeth Rahuri,Agriculture,doc,RESTRICTED,2026-06-10T23:24:00+0530,17e55796-116b-4076-9025-e0be91ca3790
Agriculture & Allied,Crops & agronomy,Maharashtra (MahaAgX),Studies On Addition of Popped Sorghum in Wheat Semolina Based Instant Upma Mix,popped sorghum; wheat semolina; instant upma mix; functional food; convenience food; nutritional evaluation; cooking quality; shelf life; gluten-free blend; vnmkv,Maharashtra,Vasantrao Naik Marathwada Krishi Vidyapeeth Parbhani,Agriculture,pdf,OPEN,2026-02-16T03:37:28+0530,f3be40f2-70bb-42c1-bccf-012c26b85e7e
Agriculture & Allied,Crops & agronomy,Maharashtra (MahaAgX),Studies On Biochemical Parameters Involved In Ameliorating Salinity Stress With Endophytic Bacteria,salinity; endophytic; bacteria; sugarcane; biochemistry,Maharashtra,Mahatma Phule Krishi Vidyapeeth Rahuri,Agriculture,doc,RESTRICTED,2026-06-10T23:44:51+0530,fc1c2c95-e473-4f04-92c3-669736c1ee5a
Agriculture & Allied,Crops & agronomy,Maharashtra (MahaAgX),Studies On Effect of Different Packaging Materials On Storage Stability of Weaning Food,weaning; packaging; stability; polyethylene; aluminum; storage; shelf-life; vnmkv,Maharashtra,Vasantrao Naik Marathwada Krishi Vidyapeeth Parbhani,Agriculture,docx,OPEN,2026-02-16T03:38:25+0530,ec583af3-0dcc-4aa1-8e33-6bfdd9d17990
Agriculture & Allied,Crops & agronomy,Maharashtra (MahaAgX),Studies On Efficiency Of Potash Mobilizing Bacteria (Kmb) On Maize,maize; potash; bacteria; fertilizer; yield; soil,Maharashtra,Mahatma Phule Krishi Vidyapeeth Rahuri,Agriculture,doc,RESTRICTED,2026-06-11T07:30:31+0530,ac943959-dfdc-4457-a0fb-5bd0604aa881
Agriculture & Allied,Crops & agronomy,Maharashtra (MahaAgX),Studies On Formulation and Evaluation of Sorghum Based Multigrain Roti,multigrain; roti; sorghum; legumes; fiber; cereals; nutrition; vnmkv,Maharashtra,Vasantrao Naik Marathwada Krishi Vidyapeeth Parbhani,Agriculture,docx,OPEN,2026-02-16T03:38:06+0530,261a8e06-9a7f-46ed-b07a-d2fcac99d42a
Agriculture & Allied,Crops & agronomy,Maharashtra (MahaAgX),Studies On Organic Seed Production Of Indian Spinach,horticulture; vegetable; research; recommendations; study,Maharashtra,Dr. Panjabrao Deshmukh Krishi Vidyapeeth Akola,Agriculture,xlsx,RESTRICTED,2026-06-09T06:51:04+0530,759af22d-576b-4a30-a25b-292102e4bb5f
Agriculture & Allied,Crops & agronomy,Maharashtra (MahaAgX),Studies On Pelletization of Cashew Leaves,cashew leaves; pelletization; renewable energy; biomass; biofuel; agricultural waste; energy density; bskkv,Maharashtra,Dr. Balasaheb Sawant Konkan Krishi Vidyapeeth Dapoli,Agriculture,pdf,OPEN,2026-02-16T04:37:11+0530,e1e5def0-1b1b-469d-b93d-f712fca5b6e1
Agriculture & Allied,Crops & agronomy,Maharashtra (MahaAgX),Studies On Preparation of Cookies Supplemented with Pumpkin Flour,cookies; pumpkin; flour; supplementation; carotene; fiber; baking; vnmkv,Maharashtra,Vasantrao Naik Marathwada Krishi Vidyapeeth Parbhani,Agriculture,docx,OPEN,2026-02-16T03:38:35+0530,9289b461-2e8f-4113-bbd1-9d155a68783b
Agriculture & Allied,Crops & agronomy,Maharashtra (MahaAgX),Studies On Preparation of Halwa Mix from Emmer Wheat (triticum Dicoccum) and Its Quality Evaluation,emmer wheat; triticum dicoccum; khapli wheat; halwa mix; instant mix; nutritional evaluation; sensory quality; techno-economic feasibility; food technology; vnmkv,Maharashtra,Vasantrao Naik Marathwada Krishi Vidyapeeth Parbhani,Agriculture,pdf,OPEN,2026-02-16T03:37:36+0530,c01ffaf9-54ad-4497-a3a2-869b401373b4
Agriculture & Allied,Crops & agronomy,Maharashtra (MahaAgX),Studies On Preparation Of Rose Petal Wine,rose; petal; wine; yeast; tss; fermentation; sensory,Maharashtra,Dr. Panjabrao Deshmukh Krishi Vidyapeeth Akola,Agriculture,docx,RESTRICTED,2026-06-09T06:29:16+0530,8f0e3e3e-9cf4-4346-9490-fc890f34dea2
Agriculture & Allied,Crops & agronomy,Maharashtra (MahaAgX),Studies on Yield and Quality of Kharif Sorghum (Sorghum Bicolor (L) Moench) as Influenced by Gluconacetobacter and PSB,sorghum; bio-inoculants; kharif; gluconacetobacter; psb; yield; quality; vnmkv,Maharashtra,Vasantrao Naik Marathwada Krishi Vidyapeeth Parbhani,Agriculture,pdf,OPEN,2026-02-17T03:41:42+0530,6d5f9759-5fe8-46dd-962b-d9d653af113e
Agriculture & Allied,Crops & agronomy,Maharashtra (MahaAgX),Study On Hot Air Puffing of Black Rice,black rice; puffing; hot air; food processing; post-harvest; value addition; cereals; bskkv,Maharashtra,Dr. Balasaheb Sawant Konkan Krishi Vidyapeeth Dapoli,Agriculture,pdf,OPEN,2026-02-16T04:37:04+0530,ec8af7c0-bdcb-4d74-acb9-a293adcc9c89
Agriculture & Allied,Crops & agronomy,Maharashtra (MahaAgX),Sugarcane Crop Pest Infestation and Diagnostic Imagery Dataset (PoCRA-MPKV),sugarcane; pest; insect; shoot; borers; pocra; rahuri; mpkv,Maharashtra,Mahatma Phule Krishi Vidyapeeth Rahuri,Agriculture,jpeg,RESTRICTED,2026-05-27T09:47:08+0530,bc8654df-4553-4436-8790-080f12885885
Agriculture & Allied,Crops & agronomy,Maharashtra (MahaAgX),Sugarcane Planting Material Supply - Research Recommendations 2023,sugarcane; nursery; plantingmaterial; technology; constraints; suggestions,Maharashtra,Mahatma Phule Krishi Vidyapeeth Rahuri,Agriculture,docx,RESTRICTED,2026-06-10T23:14:24+0530,67958a5f-9aa5-419f-8f50-50d6c0b8eabb
Agriculture & Allied,Crops & agronomy,Maharashtra (MahaAgX),Sugarcane Variety Covsi 18121 Recommendation - Research Recommendations 2024,sugarcane; variety; yield; midlate; nonlodging,Maharashtra,Mahatma Phule Krishi Vidyapeeth Rahuri,Agriculture,doc,RESTRICTED,2026-06-10T23:08:14+0530,04882f47-78b4-43b9-adcf-71d0f2a5f7ae
Agriculture & Allied,Crops & agronomy,Maharashtra (MahaAgX),Sugarcane Variety Phule Sugarcane 15006 (Ms 16081) - Research Recommendations 2024,sugarcane; variety; yield; drought; pest,Maharashtra,Mahatma Phule Krishi Vidyapeeth Rahuri,Agriculture,docx,RESTRICTED,2026-06-10T23:09:09+0530,235bf6bd-110a-4594-af65-9822e01a3809
Agriculture & Allied,Crops & agronomy,Maharashtra (MahaAgX),Sugarcane Wide Row Spacing And Mini Tractor Use - Research Recommendations 2024,sugarcane; rowspacing; minitractor; weedcontrol; intercultivation; production,Maharashtra,Mahatma Phule Krishi Vidyapeeth Rahuri,Agriculture,docx,RESTRICTED,2026-06-11T00:11:51+0530,a0220980-1129-4261-b9ee-6fa8355f3298
Agriculture & Allied,Crops & agronomy,Maharashtra (MahaAgX),Summary of Agricultural Research Recommendations for Pulses and Oilseeds,pigeonpea; chickpea; mungbean; agronomy; irrigation; pest management; productivity; maharashtra; vnmkv,Maharashtra,Vasantrao Naik Marathwada Krishi Vidyapeeth Parbhani,Agriculture,pdf,OPEN,2026-02-16T03:20:35+0530,64c34e5c-2483-4111-8876-9313968a3542
Agriculture & Allied,Crops & agronomy,Maharashtra (MahaAgX),"Sunflower, Chickpea, Linseed - Research Recommendations 2017",sunflower; chickpea; linseed; greenmanuring; biofertilizer; scarcityzone; agriculture,Maharashtra,Mahatma Phule Krishi Vidyapeeth Rahuri,Agriculture,docx,RESTRICTED,2026-06-10T21:28:03+0530,b77f8c3a-ed09-4cb6-87b3-e6078b7be9b1
Agriculture & Allied,Crops & agronomy,Maharashtra (MahaAgX),Sweet Orange Variety Phule Rasika (Selection-7) - Research Recommendations 2025,citrus; orange; fruit; horticulture; variety,Maharashtra,Mahatma Phule Krishi Vidyapeeth Rahuri,Agriculture,doc,RESTRICTED,2026-06-11T00:14:15+0530,ed4e9bc5-2cc2-4dca-8286-3120fde315c7
Agriculture & Allied,Crops & agronomy,Maharashtra (MahaAgX),Tapovan (Niaw 917) - Research Recommendations 2017,wheat; aphid; resistance; trichome; breeding; yield; pest,Maharashtra,Mahatma Phule Krishi Vidyapeeth Rahuri,Agriculture,doc,RESTRICTED,2026-06-11T07:42:37+0530,bb90cc64-90e4-4b6a-91eb-eff0da285612
Agriculture & Allied,Crops & agronomy,Maharashtra (MahaAgX),Technological Gap In Adoption Of Improved Cultivation Practices By The Gram Growers,agriculture; extension; research; recommendations; study,Maharashtra,Dr. Panjabrao Deshmukh Krishi Vidyapeeth Akola,Agriculture,"doc, xlsx",RESTRICTED,2026-06-09T04:56:16+0530,d0ef2dd1-cc32-4c4f-84ee-c09efa2caf5a
Agriculture & Allied,Crops & agronomy,Maharashtra (MahaAgX),Technology for Organic Cotton (Hirsutum Variety),organic cotton; hirsutum variety; manurial requirement; organic farming; fym; vermicompost; green manuring; sunhemp; azotobacter; psb; soil chemical properties; vnmkv,Maharashtra,Vasantrao Naik Marathwada Krishi Vidyapeeth Parbhani,Agriculture,pdf,OPEN,2026-02-16T03:24:29+0530,6c10d9d9-082f-455c-92fd-6c5dfd1c909a
Agriculture & Allied,Crops & agronomy,Maharashtra (MahaAgX),To Study The Efficacy Of Insecticides Against Sucking Pests Of Cotton,cotton; insecticides; pests; bioefficacy; benefitcost,Maharashtra,Mahatma Phule Krishi Vidyapeeth Rahuri,Agriculture,docx,RESTRICTED,2026-06-11T07:42:58+0530,48633f90-244f-452c-a8cd-1581ccd66a27
Agriculture & Allied,Crops & agronomy,Maharashtra (MahaAgX),Tractor Operated Spade Plough With Disc Harrow,agriculture; machinery; tillage; soil; efficiency; cost,Maharashtra,Mahatma Phule Krishi Vidyapeeth Rahuri,Agriculture,docx,RESTRICTED,2026-06-11T00:23:21+0530,fb0ec519-8975-4d02-af69-92df8a77d3d5
Agriculture & Allied,Crops & agronomy,Maharashtra (MahaAgX),Tractor Operated Sugarcane Leaf Detrasher Cum Shredder - Research Recommendation 2023,sugarcane; leaf; detrasher; shredder; tractor,Maharashtra,Mahatma Phule Krishi Vidyapeeth Rahuri,Agriculture,docx,RESTRICTED,2026-06-10T22:21:14+0530,afe42f02-1df8-44a4-8e1e-6dee51e58f01
Agriculture & Allied,Crops & agronomy,Maharashtra (MahaAgX),Transplanting Of Dawana Seedlings In First Fortnight Of December With Spacing 30X15 Cm,dawana; transplanting; spacing; herbage; oil,Maharashtra,Mahatma Phule Krishi Vidyapeeth Rahuri,Agriculture,docx,RESTRICTED,2026-06-10T22:25:49+0530,13ea24bc-9645-4a01-850f-1f7bd934e836
Agriculture & Allied,Crops & agronomy,Maharashtra (MahaAgX),Turmeric Nutrient Management For 300 Q Ha-1 Yield In Western Maharashtra,turmeric; nutrient; fertilizer; biofertilizer; vertisol; agriculture; economics,Maharashtra,Mahatma Phule Krishi Vidyapeeth Rahuri,Agriculture,docx,RESTRICTED,2026-06-11T00:18:00+0530,ed5a2249-cf02-4113-bfe5-5daead43801d
Agriculture & Allied,Crops & agronomy,Maharashtra (MahaAgX),Vertical Farming In Strawberry - Research Recommendations 2024,strawberry; verticalfarming; horticulture; yield; economics,Maharashtra,Mahatma Phule Krishi Vidyapeeth Rahuri,Agriculture,doc,RESTRICTED,2026-06-10T23:25:28+0530,da2a97ec-b0df-448c-a108-0a950b28a883
Agriculture & Allied,Crops & agronomy,Maharashtra (MahaAgX),Weather-Based Forewarning Model For Alternaria Leaf Spot Of Safflower In Maharashtra,weather; forecasting; leafspot; safflower; model,Maharashtra,Mahatma Phule Krishi Vidyapeeth Rahuri,Agriculture,doc,RESTRICTED,2026-06-11T07:28:49+0530,34e999b9-42bd-459a-ab79-8b3defa9c0b9
Agriculture & Allied,Crops & agronomy,Maharashtra (MahaAgX),Weed Management in Bt Cotton (research Recommendation 2012-2015),bt cotton; weed management; pendimethalin; pyrithiobac sodium; quizalofop ethyl; herbicide; cotton research station nanded; vnmkv,Maharashtra,Vasantrao Naik Marathwada Krishi Vidyapeeth Parbhani,Agriculture,pdf,OPEN,2026-02-16T03:24:15+0530,9589cd27-9b46-436e-ac20-639530eaa80f
Agriculture & Allied,Crops & agronomy,Maharashtra (MahaAgX),Weed Management in Cotton  Soybean Intercropping System,cotton; soybean; intercropping; weedicide; herbicide; agronomy; marathwada; vnmkv,Maharashtra,Vasantrao Naik Marathwada Krishi Vidyapeeth Parbhani,Agriculture,pdf,OPEN,2026-02-16T03:34:17+0530,b73e2cbd-eade-4b91-a364-babf5b16b851
Agriculture & Allied,Crops & agronomy,Maharashtra (MahaAgX),Weed Management In Direct Seeded Paddy Sown On Bbfweed Management In Direct Seeded Paddy Sown On Bbf,weed; rice; yield; herbicide; mulch; economics,Maharashtra,Dr. Panjabrao Deshmukh Krishi Vidyapeeth Akola,Agriculture,"docx, xlsx",RESTRICTED,2026-06-09T07:15:34+0530,e7296776-ad70-4dd2-bc97-0f72bc53b3ae
Agriculture & Allied,Crops & agronomy,Maharashtra (MahaAgX),"Weed Management In Drilled Paddy, Low Land Paddy Rabi Systems, Weed Management In Transplanted Paddy - Research Recommendations 2020",weed; paddy; rabi; cropping; herbicide; soil,Maharashtra,Mahatma Phule Krishi Vidyapeeth Rahuri,Agriculture,docx,RESTRICTED,2026-06-10T21:26:32+0530,054eb7ea-0464-42ac-b36a-898a51522b08
Agriculture & Allied,Crops & agronomy,Maharashtra (MahaAgX),Wheat (NIAW-301) Hyperspectral Reflectance and Water Stress Dataset,wheat; trimbak; hyperspectral; waterstress; maharashtra,Maharashtra,Mahatma Phule Krishi Vidyapeeth Rahuri,Agriculture,xlsx,RESTRICTED,2026-05-21T15:44:06+0530,36b290c0-0d0f-4281-b5dc-4493a1700d36
Agriculture & Allied,Crops & agronomy,Maharashtra (MahaAgX),Wheat Aphid Forewarning Regression Equation - Research Recommendations 2019,wheat; aphid; forecast; weather; regression,Maharashtra,Mahatma Phule Krishi Vidyapeeth Rahuri,Agriculture,doc,RESTRICTED,2026-06-10T21:39:21+0530,5ff558b1-e7ed-441b-a8ec-70520b151228
Agriculture & Allied,Crops & agronomy,Maharashtra (MahaAgX),Wheat Crop Disease and Diagnostic Imagery Dataset (PoCRA-MPKV),wheat; rust; leaf; pocra; rahuri; mpkv,Maharashtra,Mahatma Phule Krishi Vidyapeeth Rahuri,Agriculture,jpeg,RESTRICTED,2026-05-27T09:50:22+0530,11f08f62-90ba-4e13-a283-badea3f681ce
Agriculture & Allied,Crops & agronomy,Maharashtra (MahaAgX),Whey-Based Popsicle Optimization - Research Recommendations,whey; popsicle; betelvine; fennel; sugar,Maharashtra,Mahatma Phule Krishi Vidyapeeth Rahuri,Agriculture,docx,RESTRICTED,2026-06-10T22:53:45+0530,a6b8a63b-3d74-478e-9cc7-6af91a0b705f
Agriculture & Allied,Crops & agronomy,Maharashtra (MahaAgX),Wind Operated Bird Scaring Unit For Sorghum Earheads - Research Recommendations 2024,sorghum; bird; scaring; agriculture; mechanical,Maharashtra,Mahatma Phule Krishi Vidyapeeth Rahuri,Agriculture,docx,RESTRICTED,2026-06-10T23:19:36+0530,95262dd0-c2ab-44dc-a9f0-0c145266e946
Agriculture & Allied,Crops & agronomy,Maharashtra (MahaAgX),Winged Bean Pwb 17-18 - Research Recommendations 2023,wingedbean; variety; yield; quality; agronomy,Maharashtra,Mahatma Phule Krishi Vidyapeeth Rahuri,Agriculture,doc,RESTRICTED,2026-06-10T23:07:30+0530,614885b8-7467-4c7d-b909-3c2249a50283
Agriculture & Allied,Crops & agronomy,Maharashtra (MahaAgX),Yield Disease Pest - Research Recommendations 2024,pigeonpea; variety; yield; disease; pest; nutrition; agriculture,Maharashtra,Mahatma Phule Krishi Vidyapeeth Rahuri,Agriculture,doc,RESTRICTED,2026-06-10T23:10:06+0530,e12fd7ea-c8b5-409b-b2ab-0c01862e0d25
Agriculture & Allied,Crops & agronomy,Maharashtra (MahaAgX),Yield Response Of Marigold To Different Colour And Shading Percentage Of Shade Nets,marigold; shade; drip; irrigation; yield,Maharashtra,Mahatma Phule Krishi Vidyapeeth Rahuri,Agriculture,docx,RESTRICTED,2026-06-11T07:04:22+0530,61a99b6d-af23-478e-afe4-fc0d0e4b697e
Agriculture & Allied,Crops & agronomy,Telangana (TGDeX),Adilabad District Mandal-Wise Seasonal Crop Areas (2016-17 to 2018-19),Agriculture; Farming; Crop Area; Mandal; Land Use,Adilabad District,Dept. of Agriculture & Co-operation,Agriculture & Farming,CSV,OPEN,2025-06-22T09:27:05+0530,0cf92a0f-643d-4f6e-8615-d6abf0e16b9b
Agriculture & Allied,Crops & agronomy,Telangana (TGDeX),"Agricultural Loan Waiver Data for Telangana Districts, 2014-2018",Finance; Agricultural Loans; Waivers; Rural Credit; Policy Impact,Telangana,Dept. of Agriculture & Co-operation,Agriculture & Farming,CSV,OPEN,2025-06-22T09:26:52+0530,0d7ec02a-a565-4247-a20b-33b93a743c73
Agriculture & Allied,Crops & agronomy,Telangana (TGDeX),"Annual Cash Crops Area, Production and Yield for 2016-2017",Agriculture; Cash Crops; Production; Yield; Crop Statistics,India,Dept. of Agriculture & Co-operation,Agriculture & Farming,CSV,OPEN,2025-06-22T09:28:39+0530,590f154e-86cf-4094-987d-74c5aa9eb437
Agriculture & Allied,Crops & agronomy,Telangana (TGDeX),Bhadradri Kothagudem District Mandal Wise Crop Areas,Agriculture; Farming; Crop Area; Mandal; Land Use,Bhadradri Kothagudem District,Dept. of Agriculture & Co-operation,Agriculture & Farming,CSV,OPEN,2025-06-22T09:27:55+0530,6a3fdf36-35f4-46e7-beae-11c51ce21185
Agriculture & Allied,Crops & agronomy,Telangana (TGDeX),Cereals and Millets Seasonal Area Production and Yield Statistics,Agriculture; Cereals; Millets; Production; Yield,Telangana,Dept. of Agriculture & Co-operation,Agriculture & Farming,CSV,OPEN,2025-06-22T09:27:37+0530,49b48e7e-f54c-4a21-9d19-075bfa962875
Agriculture & Allied,Crops & agronomy,Telangana (TGDeX),Chilli Quality Sampling Information for Telangana State,Chilli; Market; Price,Telangana,ADeX,Agriculture & Farming,API,RESTRICTED,2025-07-01T08:08:45+0530,15fcdd5f-e220-434c-aec8-13bb23c078b5
Agriculture & Allied,Crops & agronomy,Telangana (TGDeX),Crop and Agricultural Loan Disbursement 2017-2018,Finance; Agricultural Credit; Loans; Rural Banking; Financial Inclusion,Telangana,Dept. of Agriculture & Co-operation,Finance,CSV,OPEN,2025-06-22T09:28:56+0530,414fb1dd-d1b5-45a4-9ffb-b584c50471b2
Agriculture & Allied,Crops & agronomy,Telangana (TGDeX),Daily Agricultural Commodity Prices in Telangana Market Yards,Agriculture; Commodity Prices; Market Yard; Daily; Time Series,Telangana,Dept. of Agriculture & Co-operation,Agriculture & Farming,CSV,OPEN,2025-06-22T09:27:18+0530,e1af1a91-c1d7-475b-b3a0-63550a4e6084
Agriculture & Allied,Crops & agronomy,Telangana (TGDeX),Daily Agricultural Market Yard Prices and Arrivals in Telangana 2019,Agriculture; Commodity Prices; Daily; Market Yards; Price Trends,Telangana,Dept. of Agriculture & Co-operation,Agriculture & Farming,CSV,OPEN,2025-06-22T09:25:52+0530,2c5350d8-7313-44c0-9663-fc479f4bb9d9
Agriculture & Allied,Crops & agronomy,Telangana (TGDeX),"Daily Arrivals and Price Records of Agricultural Commodities at Telangana Market Yards, 2018",Agriculture; Commodity Prices; Daily; Market Yards; Price Trends,Telangana,Dept. of Agriculture & Co-operation,Agriculture & Farming,CSV,OPEN,2025-06-22T09:26:25+0530,4f4efa4f-c139-4daf-ad0e-8331742194e5
Agriculture & Allied,Crops & agronomy,Telangana (TGDeX),District-wise Crop Cultivation Area for 2015-2016,Agriculture; Crop Area; Cultivation; Crop Diversity; Statistical Analysis,Telangana,Dept. of Agriculture & Co-operation,Agriculture & Farming,CSV,OPEN,2025-06-22T09:27:09+0530,604af35b-b1fa-4a4e-a7f8-3084ff923ef6
Agriculture & Allied,Crops & agronomy,Telangana (TGDeX),District-wise Cropping Intensity in Telangana (2016-2017),Agriculture; Cropping Intensity; Land Use; Multiple Cropping; Statistical Analysis,Telangana,Dept. of Agriculture & Co-operation,Agriculture & Farming,CSV,OPEN,2025-06-22T09:28:43+0530,ffe2bd47-fcda-4cd2-8eac-944b02791ced
Agriculture & Allied,Crops & agronomy,Telangana (TGDeX),Jagtial District Mandal-wise Crop Area Statistics (Kharif 2016-17 to Rabi 2018-19),Agriculture; Farming; Crop Area; Mandal; Land Use,Jagtial District,Dept. of Agriculture & Co-operation,Agriculture & Farming,CSV,OPEN,2025-06-22T09:27:13+0530,a5c12a3d-898d-4d43-85b9-a47f9c722ca6
Agriculture & Allied,Crops & agronomy,Telangana (TGDeX),Jangaon District Mandal Level Crop Area by Season (2016-17 to 2018-19),Agriculture; Crop Area; Mandal; Land Use; Seasonal Patterns,Jangaon District,Dept. of Agriculture & Co-operation,Agriculture & Farming,CSV,OPEN,2025-06-22T09:28:46+0530,f1b1b8fc-d8cf-484a-8222-892e0860e846
Agriculture & Allied,Crops & agronomy,Telangana (TGDeX),Jayashankar Bhupalapally District Mandal Wise Crop Area by Season and Year,Agriculture; Crop Areas; Mandal; Land Use; Seasonal Patterns,Jayashankar Bhupalapally District,Dept. of Agriculture & Co-operation,Agriculture & Farming,CSV,OPEN,2025-06-22T09:26:29+0530,dc4f98cb-d318-4d35-82ea-bead4aa9befd
Agriculture & Allied,Crops & agronomy,Telangana (TGDeX),Jogulamba Gadwal District Mandal-wise Crop Area Statistics,Agriculture; Crop Areas; Mandal; Land Use; Seasonal Patterns,Jogulamba Gadwal District,Dept. of Agriculture & Co-operation,Agriculture & Farming,CSV,OPEN,2025-06-22T09:26:12+0530,71b62af2-b195-4f65-aea6-abc22be8a58e
Agriculture & Allied,Crops & agronomy,Telangana (TGDeX),Karimnagar District Mandal Level Crop Areas by Season,Agriculture; Crop Area; Mandal; Seasonal Patterns; Land Use,Karimnagar District,Dept. of Agriculture & Co-operation,Agriculture & Farming,CSV,OPEN,2025-06-22T09:25:35+0530,87f40ed9-945d-4562-bf0d-97eb5aba1778
Agriculture & Allied,Crops & agronomy,Telangana (TGDeX),Mahabubabad District Mandal Wise Crop Areas,Agriculture; Crop Area; Mandal; Land Use; Seasonal Patterns,Mahabubabad District,Dept. of Agriculture & Co-operation,Agriculture & Farming,CSV,OPEN,2025-06-22T09:25:30+0530,de5c1f32-3fe5-4934-9720-cd58ceb49bfa
Agriculture & Allied,Crops & agronomy,Telangana (TGDeX),Mahabubnagar District Mandal Crop Areas by Season 2016-19,Agriculture; Farming; Crop Area; Mandal; Land Use,Mahabubnagar District,Dept. of Agriculture & Co-operation,Agriculture & Farming,CSV,OPEN,2025-06-22T09:26:55+0530,78e0e97f-bb97-460a-a044-7bd09121e592
Agriculture & Allied,Crops & agronomy,Telangana (TGDeX),Mandal Level Crop Sown Areas in Kamareddy District (2016-19),Agriculture; Crop Sown; Mandal; Time Series; Land Use,Kamareddy District,Dept. of Agriculture & Co-operation,Agriculture & Farming,CSV,OPEN,2025-06-22T09:25:26+0530,6c6513c9-856d-4b26-ad74-63b23fa6a5a6
Agriculture & Allied,Crops & agronomy,Telangana (TGDeX),Mandal-level Crop Area Data for Mancherial District (Kharif and Rabi 2016-19),Agriculture; Crop Areas; Mandal; Land Use; Seasonal Patterns,Mancherial District,Dept. of Agriculture & Co-operation,Agriculture & Farming,CSV,OPEN,2025-06-22T09:25:56+0530,340de4f9-2dc4-4361-9d4c-964be0fb858e
Agriculture & Allied,Crops & agronomy,Telangana (TGDeX),"Mandal-level Crop Areas in Khammam District, India (Kharif 2016-17 to Rabi 2018-19)",Agriculture; Farming; Crop Area; Mandal; Land Use,Khammam District,Dept. of Agriculture & Co-operation,Agriculture & Farming,CSV,OPEN,2025-06-22T09:28:07+0530,0807a25d-41aa-4e12-b8ca-8db34f15f0cf
Agriculture & Allied,Crops & agronomy,Telangana (TGDeX),Mandal-Level Crop Sown Area for Sangareddy District,Agriculture; Crop Sown; Mandal; District; Land Use,Sangareddy District,Dept. of Agriculture & Co-operation,Agriculture & Farming,CSV,OPEN,2025-06-22T09:25:21+0530,d48697b5-c336-4a23-b7be-dd66e9c06fb3
Agriculture & Allied,Crops & agronomy,Telangana (TGDeX),Mandal-wise Crop Area Coverage in Warangal Rural District (2016-17 to 2018-19),Agriculture; Crop Areas; Mandal; Land Use; Seasonal Patterns,Warangal Rural District,Dept. of Agriculture & Co-operation,Agriculture & Farming,CSV,OPEN,2025-06-22T09:26:42+0530,cf2c6e96-50c5-4cc4-902c-1137548a94dd
Agriculture & Allied,Crops & agronomy,Telangana (TGDeX),Mandal-wise Seasonal Crop Area in Kumuram Bheem District (2016-17 to 2018-19),Agriculture; Farming; Crop Area; Mandal; Land Use,Kumuram Bheem District,Dept. of Agriculture & Co-operation,Agriculture & Farming,CSV,OPEN,2025-06-22T09:28:25+0530,c287d6bf-18cf-4ef5-9ef7-bfeab9237c5e
Agriculture & Allied,Crops & agronomy,Telangana (TGDeX),Mandal-wise Seasonal Crop Area in Rajanna Siricilla District (2016-2019),Agriculture; Farming; Crop Area; Mandal; Land Use,Rajanna Siricilla District,Dept. of Agriculture & Co-operation,Agriculture & Farming,CSV,OPEN,2025-06-22T09:27:00+0530,c904a0a6-ec51-4793-860f-5836f336502f
Agriculture & Allied,Crops & agronomy,Telangana (TGDeX),Medak District Mandal-Wise Seasonal Crop Areas 2016-2019,Agriculture; Crop Area; Mandal; Land Use; Seasonal Patterns,Medak District,Dept. of Agriculture & Co-operation,Agriculture & Farming,CSV,OPEN,2025-06-22T09:28:34+0530,e7286f22-d5d5-42cc-80d9-70439814eb94
Agriculture & Allied,Crops & agronomy,Telangana (TGDeX),Medchal District Mandal-wise Seasonal Crop Area Statistics,Agriculture; Crop Areas; Mandal; Land Use; Seasonal Patterns,Medchal District,Dept. of Agriculture & Co-operation,Agriculture & Farming,CSV,OPEN,2025-06-22T09:26:34+0530,8dc5d8d1-fef2-4de3-9f91-7484db884aee
Agriculture & Allied,Crops & agronomy,Telangana (TGDeX),Mission Kakatiya Phase Two District Implementation Overview,Irrigation; Water Resources; Mission Kakatiya; Implementation; Program Monitoring,Telangana,Dept. of Irrigation & CAD,Agriculture & Farming,CSV,OPEN,2025-06-22T09:55:59+0530,8293e9bf-26c2-43cb-adda-328f571ccc71
Agriculture & Allied,Crops & agronomy,Telangana (TGDeX),Nagarkurnool District Mandal Wise Crop Areas,Agriculture; Crop Areas; Mandal; District Data; Land Use,Nagarkurnool District,Dept. of Agriculture & Co-operation,Agriculture & Farming,CSV,OPEN,2025-06-22T09:25:16+0530,ab3389c1-3450-4bf9-bcf3-0a61c261db17
Agriculture & Allied,Crops & agronomy,Telangana (TGDeX),Nalgonda District Mandal Wise Seasonal Crop Area Statistics,Agriculture; Crop Area; Mandal; Land Use; Seasonal Patterns,Nalgonda District,Dept. of Agriculture & Co-operation,Agriculture & Farming,CSV,OPEN,2025-06-22T09:28:51+0530,c62f6f6c-ee95-4d99-9b35-847a03b6a709
Agriculture & Allied,Crops & agronomy,Telangana (TGDeX),Nirmal District Mandal-Level Crop Sown Areas,Agriculture; Farming; Crop Area; Mandal; Land Use,Nirmal District,Dept. of Agriculture & Co-operation,Agriculture & Farming,CSV,OPEN,2025-06-22T09:28:20+0530,7829455f-22a1-452f-b07a-86157529814a
Agriculture & Allied,Crops & agronomy,Telangana (TGDeX),Nizamabad District Mandal-Level Seasonal Crop Area Statistics,Agriculture; Crop Area; Mandal; Seasonal Patterns; Land Use,Nizamabad District,Dept. of Agriculture & Co-operation,Agriculture & Farming,CSV,OPEN,2025-06-22T09:25:44+0530,276e50a6-86fd-4a41-83c5-40cdaff08c49
Agriculture & Allied,Crops & agronomy,Telangana (TGDeX),"Oil Seeds Area, Production, and Yield Statistics (2016-2017)",Agriculture; Oilseeds; Production; Yield; Cultivation Area,India,Dept. of Agriculture & Co-operation,Agriculture & Farming,CSV,OPEN,2025-06-22T09:25:40+0530,1b775d19-effd-4121-a0b5-2be15bf4568e
Agriculture & Allied,Crops & agronomy,Telangana (TGDeX),Peddapalli District Mandal-wise Crop Area Statistics,Agriculture; Farming; Crop Area; Mandal; Land Use,Peddapalli District,Dept. of Agriculture & Co-operation,Agriculture & Farming,CSV,OPEN,2025-06-22T09:27:40+0530,29301209-07ed-4b1d-a68c-a87eb4f812ee
Agriculture & Allied,Crops & agronomy,Telangana (TGDeX),Primary Market Yards Geographical Locations in Telangana,Agriculture; Market Yards; Geolocation; Logistics; Supply Chain,Telangana,Dept. of Agriculture & Co-operation,Agriculture & Farming,CSV,OPEN,2025-06-22T09:27:59+0530,7a070daf-933e-41e3-8fc6-878b18f84ea6
Agriculture & Allied,Crops & agronomy,Telangana (TGDeX),"Pulses Cultivation Area, Production, and Yield for Crop Year 2016-17",Agriculture; Pulses; Production; Yield; Cultivation Area,India,Dept. of Agriculture & Co-operation,Agriculture & Farming,CSV,OPEN,2025-06-22T09:25:09+0530,b131b6a1-c330-4165-8ded-e235e0080314
Agriculture & Allied,Crops & agronomy,Telangana (TGDeX),Rangareddy District Mandal Wise Crop Areas,Agriculture; Farming; Crop Area; Mandal; Land Use,Rangareddy District,Dept. of Agriculture & Co-operation,Agriculture & Farming,CSV,OPEN,2025-06-22T09:27:45+0530,2086a551-fc44-4517-935f-9e970cf2eafe
Agriculture & Allied,Crops & agronomy,Telangana (TGDeX),Siddipet District Mandal-Wise Seasonal Crop Areas,Agriculture; Farming; Crop Area; Mandal; Seasonal,Siddipet District,Dept. of Agriculture & Co-operation,Agriculture & Farming,CSV,OPEN,2025-06-22T09:24:55+0530,effb6b4c-d78f-4b76-b831-997518ab0847
Agriculture & Allied,Crops & agronomy,Telangana (TGDeX),Suryapet District Mandal-wise Cultivated Areas by Crop (2016-17 to 2018-19),Agriculture; Farming; Crop Area; Mandal; Land Use,Suryapet District,Dept. of Agriculture & Co-operation,Agriculture & Farming,CSV,OPEN,2025-06-22T09:28:15+0530,76e2d76a-ffe0-4175-b82c-d18a5fbbc90f
Agriculture & Allied,Crops & agronomy,Telangana (TGDeX),Telangana Agricultural Market Yards,Agriculture; Market Yards; Directory; Infrastructure; Supply Chain,Telangana,Dept. of Agriculture & Co-operation,Agriculture & Farming,CSV,OPEN,2025-06-22T09:28:12+0530,5f3a54b7-8610-49fe-8383-ac8f64c1e097
Agriculture & Allied,Crops & agronomy,Telangana (TGDeX),Telangana Crop Intensity Raster Data,Geospatial; Population; Agriculture,Telangana,ADeX,Agriculture & Farming,API,OPEN,2025-07-01T08:08:19+0530,e2ea3132-7c64-4cf1-b2f0-ee8733054355
Agriculture & Allied,Crops & agronomy,Telangana (TGDeX),Telangana District Agricultural Land Holdings by Size Category (2015-2016),Agriculture; Land Holdings; Farm Size; Cadastral; Rural Economy,Telangana,Dept. of Agriculture & Co-operation,Agriculture & Farming,CSV,OPEN,2025-06-22T09:27:51+0530,314c28bd-dcea-4abd-81fa-09f13f012917
Agriculture & Allied,Crops & agronomy,Telangana (TGDeX),Telangana District Agricultural Market Committees and Rythu Bazars (2015-2016),Agriculture; Marketing; Commodity Markets; Price Trends; Supply Chain,Telangana,Dept. of Agriculture & Co-operation,Agriculture & Farming,CSV,OPEN,2025-06-22T09:26:39+0530,85010f7a-3743-4867-904e-bbca40ef0b67
Agriculture & Allied,Crops & agronomy,Telangana (TGDeX),"Telangana District Cropped and Irrigated Area, 2015-2016",Agriculture; Cropped Area; Land Use; Cultivation; Seasonal Patterns,Telangana,Dept. of Agriculture & Co-operation,Agriculture & Farming,CSV,OPEN,2025-06-22T09:28:03+0530,cedf0f6e-fae6-4134-b740-38fe9aad138d
Agriculture & Allied,Crops & agronomy,Telangana (TGDeX),Telangana District-Level Monthly Rice Distribution Under Civil Supplies,Governance; Civil Supplies; Rice Allocation; PDS; Food Security,Telangana,Dept. of Consumer Affairs Food & Civil Supplies,Welfare,CSV,OPEN,2025-07-01T08:57:20+0530,e8ad7d5a-5172-4056-809f-91b3a738bb18
Agriculture & Allied,Crops & agronomy,Telangana (TGDeX),Telangana Leaf Area Index Rasters,Geospatial; LAI; Agriculture,Telangana,ADeX,Agriculture & Farming,API,OPEN,2025-07-01T08:08:34+0530,393168bc-79c1-4a83-81c8-523c52d193e8
Agriculture & Allied,Crops & agronomy,Telangana (TGDeX),Telangana Non-Agriculture Property Registration Metrics,Governance; Property Registration; Non-Agriculture; Urban Planning; Land Records,Telangana,Dept. of Revenue,Finance,CSV,OPEN,2025-06-22T10:25:42+0530,e959f564-99cb-444a-b2a2-91022134782f
Agriculture & Allied,Crops & agronomy,Telangana (TGDeX),Telangana Northern Power Distribution Company Agriculture Consumption Details,Energy; Electricity Consumption; Agriculture Pumps; Power Distribution; Irrigation,Telangana,Dept. of Energy,Agriculture & Farming,CSV,OPEN,2025-06-22T09:47:51+0530,ba406af2-8654-44fc-9c9f-4855ccd6da86
Agriculture & Allied,Crops & agronomy,Telangana (TGDeX),Telangana Southern Power Distribution Company Agricultural Consumption,Energy; Electricity Consumption; Agriculture Pumps; Power Distribution; Utilities,Telangana,Dept. of Energy,Agriculture & Farming,CSV,OPEN,2025-06-22T09:48:33+0530,09dbffa1-a59f-47ff-a458-c6b9d2d8f7fa
Agriculture & Allied,Crops & agronomy,Telangana (TGDeX),Telangana State Agricultural Credit Disbursement Targets and Achievements (2011-2012 to 2017-2018),Finance; Agricultural Credit; Disbursement; Lending Trends; Farm Finance,Telangana,Dept. of Agriculture & Co-operation,Finance,CSV,OPEN,2025-06-22T09:28:59+0530,6fd60ad5-3b24-47f0-a2ca-e7d9c790179a
Agriculture & Allied,Crops & agronomy,Telangana (TGDeX),Telangana State Agricultural Market Committees Listings and Commodity Prices,Market; Crop; Price; District,Telangana,ADeX,Agriculture & Farming,API,RESTRICTED,2025-07-01T08:09:10+0530,90c86df7-e310-476a-9dab-51ae55223ef2
Agriculture & Allied,Crops & agronomy,Telangana (TGDeX),Telangana State Agricultural Meteorology Advisory and Code Reference Data,Advisory; Crop; District,Telangana,ADeX,Agriculture & Farming,API,OPEN,2025-07-01T08:09:03+0530,9aef6c7c-d73e-4f30-a99f-2597f56351cd
Agriculture & Allied,Crops & agronomy,Telangana (TGDeX),Telangana State Crop Stress Raster Data,Geospatial; Crop Stress; Agriculture,Telangana,ADeX,Agriculture & Farming,API,OPEN,2025-07-01T08:08:27+0530,5bd92c4a-136a-441b-944e-399263d27151
Agriculture & Allied,Crops & agronomy,Telangana (TGDeX),Telangana State Crop Types Raster Data,Geospatial; Crop; Irrigation,Telangana,ADeX,Agriculture & Farming,API,OPEN,2025-07-01T08:07:57+0530,598e0aeb-61c0-4a8e-b681-cab0d1ff9ddf
Agriculture & Allied,Crops & agronomy,Telangana (TGDeX),Telangana State Cropland Raster Data,Geospatial; Population; Agriculture,Telangana,ADeX,Agriculture & Farming,API,OPEN,2025-07-01T08:08:05+0530,1e614c20-443b-4a3d-9d5e-6797190ff01e
Agriculture & Allied,Crops & agronomy,Telangana (TGDeX),Telangana State District and Mandal Agricultural Statistics with Administrative Filters,Land; Crop Type; Irrigation,Telangana,ADeX,Agriculture & Farming,API,RESTRICTED,2025-07-01T08:08:49+0530,bb6d61e5-cb52-43e4-8dca-df93be7338d0
Agriculture & Allied,Crops & agronomy,Telangana (TGDeX),Telangana State Farmer Crop and Cropland Data,Land; Crop Type; Irrigation,Telangana,ADeX,Agriculture & Farming,API,RESTRICTED,2025-07-01T08:09:14+0530,e4749044-a2c3-464b-a336-215b7cf1a479
Agriculture & Allied,Crops & agronomy,Telangana (TGDeX),Telangana State Normalized Difference Vegetation Index Data,Geospatial; Agriculture; NDVI,Telangana,ADeX,Agriculture & Farming,API,OPEN,2025-07-01T08:08:38+0530,0e11f96b-54a6-47e9-ba95-a0ca7f60accd
Agriculture & Allied,Crops & agronomy,Telangana (TGDeX),Telangana TS-iPASS Industrial Approvals and Implementation Dataset,Industry; TS-iPASS; Approvals; Policy; Industrial Growth,Telangana,Dept. of Industries & Commerce,Manufacturing,CSV,OPEN,2025-06-22T10:17:45+0530,14f5e993-ec12-4528-9a3d-890f02a62d1f
Agriculture & Allied,Crops & agronomy,Telangana (TGDeX),Vikarabad District Mandal-Level Seasonal Crop Area Statistics,Agriculture; Farming; Crop Statistics; Mandal; Seasonal Patterns,Vikarabad District,Dept. of Agriculture & Co-operation,Agriculture & Farming,CSV,OPEN,2025-06-22T09:25:00+0530,3309904e-0f2a-4351-ac5e-1c7b37218894
Agriculture & Allied,Crops & agronomy,Telangana (TGDeX),Wanaparthy District Mandal Level Seasonal Crop Area Statistics,Agriculture; Crop Area; Mandal; Land Use; Seasonal Patterns,Wanaparthy District,Dept. of Agriculture & Co-operation,Agriculture & Farming,CSV,OPEN,2025-06-22T09:28:30+0530,a50df225-ac99-4a09-afb8-5ff28407dab7
Agriculture & Allied,Crops & agronomy,Telangana (TGDeX),Warangal Urban District Mandal Crop Area Statistics,Agriculture; Crop Areas; Mandal; Land Use; Seasonal Patterns,Warangal Urban District,Dept. of Agriculture & Co-operation,Agriculture & Farming,CSV,OPEN,2025-06-22T09:26:20+0530,96da2670-ed26-48f2-9762-7b04bf6fdae7
Agriculture & Allied,Crops & agronomy,Telangana (TGDeX),Yadadri Bhuvanagiri District Mandal-wise Crop Areas,Agriculture; Crop Areas; Mandal; Land Use; Seasonal Patterns,Yadadri Bhuvanagiri District,Dept. of Agriculture & Co-operation,Agriculture & Farming,CSV,OPEN,2025-06-22T09:26:47+0530,63df82d9-ac08-48e9-ad19-ea312433dcce
Agriculture & Allied,Crops & agronomy,Telangana (TGDeX),Year Wise Trend of Area Under Crops,Agriculture; Crop Area; Trend Analysis; Yearly Data; Time Series,Jurisdiction of the Commissioner of Agriculture,Dept. of Agriculture & Co-operation,Agriculture & Farming,CSV,OPEN,2025-06-22T09:26:01+0530,9733b8d9-3dd8-4ea7-87a5-d8cd07dfd35e
Agriculture & Allied,Fisheries & aquaculture,Maharashtra (MahaAgX),"Assessment of Supplementation of Dietary Black Soldier Fly Larvae Meal On Growth and Survival of Arowana, Osteoglossum Bicirrhosum (cuvier, 1829)",arowana; aquaculture; larvae; nutrition; growth; survival; feed; bskkv,Maharashtra,Dr. Balasaheb Sawant Konkan Krishi Vidyapeeth Dapoli,Agriculture,pdf,OPEN,2026-02-16T04:36:23+0530,3432e834-ef1f-4a85-af80-5b98e201edb2
Agriculture & Allied,Fisheries & aquaculture,Maharashtra (MahaAgX),"Comparative Biological Studies On Bivalves Of Mirya And Aare-Ware Rocky Shores Of Ratnagiri, Maharashtra, India",bivalves; comparative; rockyshore; biodiversity; fisheries,Maharashtra,Dr. Balasaheb Sawant Konkan Krishi Vidyapeeth Dapoli,Agriculture,pdf,RESTRICTED,2026-06-03T13:21:01+0530,df92a10b-da64-43df-bca1-fb7c2e9a94ab
Agriculture & Allied,Fisheries & aquaculture,Maharashtra (MahaAgX),Development Of Fish Descaler Cum Knife,fish; scaler; knife; descaling; tool; safety; efficiency,Maharashtra,Dr. Balasaheb Sawant Konkan Krishi Vidyapeeth Dapoli,Agriculture,pdf,RESTRICTED,2026-06-03T10:19:23+0530,c670955d-6576-4a6c-afdc-e75622ead8de
Agriculture & Allied,Fisheries & aquaculture,Maharashtra (MahaAgX),Development Of Live Crab Holder,crab; holder; live; handling; safety; fisheries; marine,Maharashtra,Dr. Balasaheb Sawant Konkan Krishi Vidyapeeth Dapoli,Agriculture,pdf,RESTRICTED,2026-06-03T10:21:10+0530,90706cfc-a442-46b5-a7d2-3fefa2c3ab26
Agriculture & Allied,Fisheries & aquaculture,Maharashtra (MahaAgX),Development Of Low Cost Feed Formulation For Enhance Higher Economic Efficiency Of Rabbit Fish (Siganus Spp) Culture,rabbitfish; feed; growth; survival; formulation; lowcost; siganus,Maharashtra,Dr. Balasaheb Sawant Konkan Krishi Vidyapeeth Dapoli,Agriculture,pdf,RESTRICTED,2026-06-03T10:08:59+0530,175585e1-0b15-4b71-b00c-a494e88148dc
Agriculture & Allied,Fisheries & aquaculture,Maharashtra (MahaAgX),Development of Low Cost Feed Formulation for Enhanced Economic Efficiency of Rabbit Fish Culture,rabbit; fish; feed; formulation; growth; fisheries; aquaculture,Maharashtra,Dr. Balasaheb Sawant Konkan Krishi Vidyapeeth Dapoli,Agriculture,xlsx,RESTRICTED,2026-06-03T11:05:16+0530,928581d4-124e-4ffa-888c-6bca2335911b
Agriculture & Allied,Fisheries & aquaculture,Maharashtra (MahaAgX),Development Of Ready-To-Eat Fish Spread,fish; spread; dhoma; nutrition; processing,Maharashtra,Dr. Balasaheb Sawant Konkan Krishi Vidyapeeth Dapoli,Agriculture,pdf,RESTRICTED,2026-06-03T10:20:01+0530,9de8f144-aefa-449f-aa89-c7e17088b1dd
Agriculture & Allied,Fisheries & aquaculture,Maharashtra (MahaAgX),Development Of Value Added Product Fish Frankie From Freshwater Fishes,fish; frankie; product; standardization; storage,Maharashtra,Dr. Balasaheb Sawant Konkan Krishi Vidyapeeth Dapoli,Agriculture,pdf,RESTRICTED,2026-06-03T10:23:12+0530,050f9033-6026-41c9-9dc5-a730bdcf665f
Agriculture & Allied,Fisheries & aquaculture,Maharashtra (MahaAgX),"Effect of Astaxanthin Extracted from Shrimp Shell Waste On Growth and Skin Colour of Blue Gourami, Trichopodus Trichopterus (pallas, 1770)",astaxanthin; gourami; shrimp; pigmentation; aquaculture; growth; waste; bskkv,Maharashtra,Dr. Balasaheb Sawant Konkan Krishi Vidyapeeth Dapoli,Agriculture,pdf,OPEN,2026-02-16T04:36:29+0530,17809327-e705-4efc-8cf1-33ba244aea32
Agriculture & Allied,Fisheries & aquaculture,Maharashtra (MahaAgX),"Effect of Dietary Protein Levels and Carbonnitrogen Ratio On Growth Performance and Survival of Striped Catfish, Pangasianodon Hypophthalmus (sauvage, 1878) Fingerlings Reared in Biofloc System",catfish; biofloc; protein; nitrogen; aquaculture; growth; survival; bskkv,Maharashtra,Dr. Balasaheb Sawant Konkan Krishi Vidyapeeth Dapoli,Agriculture,pdf,OPEN,2026-02-16T04:36:35+0530,afaab435-5d33-4b80-beae-755333d99d69
Agriculture & Allied,Fisheries & aquaculture,Maharashtra (MahaAgX),Effect of Different Batters on Oil Absorption in Pangasius Fish Fingers,fish; fingers; batter; coating; processing; fisheries,Maharashtra,Dr. Balasaheb Sawant Konkan Krishi Vidyapeeth Dapoli,Agriculture,xlsx,RESTRICTED,2026-06-03T11:04:53+0530,ac4a7b81-1cd6-4e6d-9f77-3a97ea44b42d
Agriculture & Allied,Fisheries & aquaculture,Maharashtra (MahaAgX),"Effect Of Different Batters On Oil Absorption In Pangasius, Pangasianodon Hypophthalmus (Sauvage, 1878) Fish Fingers",fish; batters; oilabsorption; pangasius; fingers,Maharashtra,Dr. Balasaheb Sawant Konkan Krishi Vidyapeeth Dapoli,Agriculture,pdf,RESTRICTED,2026-06-03T10:12:32+0530,941c9b46-aaf6-4678-b253-094947367a8e
Agriculture & Allied,Fisheries & aquaculture,Maharashtra (MahaAgX),Effects Of Salinity On Maturity And Reproductive Performance Of Tilapia (Oreochromis Mossambicus),tilapia; salinity; maturity; reproduction; fish; aquaculture,Maharashtra,Dr. Balasaheb Sawant Konkan Krishi Vidyapeeth Dapoli,Agriculture,pdf,RESTRICTED,2026-06-02T17:56:14+0530,78782a99-f04e-45a4-b66c-8d1ae62d4b9c
Agriculture & Allied,Fisheries & aquaculture,Maharashtra (MahaAgX),Ergonomical studies on work practices and health hazards in fish processing industries,ergonomics; fishprocessing; womenworkers; healthhazards; handprotection; safety; productivity,Maharashtra,Dr. Balasaheb Sawant Konkan Krishi Vidyapeeth Dapoli,Agriculture,pdf,RESTRICTED,2026-06-02T12:57:51+0530,240b835d-0a30-48b7-ad61-475a11e1203d
Agriculture & Allied,Fisheries & aquaculture,Maharashtra (MahaAgX),Proximate Composition And Fatty Acid Profiling Of Three Species Of Siganus (Rabbit Fish) Found Along Ratnagiri Coast,fish; proximity; fattyacid; nutrition; ratnagiri,Maharashtra,Dr. Balasaheb Sawant Konkan Krishi Vidyapeeth Dapoli,Agriculture,pdf,RESTRICTED,2026-06-03T10:23:51+0530,1ddbb8be-b509-4926-b135-41b27c4cf720
Agriculture & Allied,Fisheries & aquaculture,Maharashtra (MahaAgX),Studies On Workspace Layout And Development Of Fish Dressing Platform,fish; dressing; platform; ergonomics; optimization; women,Maharashtra,Dr. Balasaheb Sawant Konkan Krishi Vidyapeeth Dapoli,Agriculture,pdf,RESTRICTED,2026-06-02T15:03:04+0530,834dcf1a-8a1c-445e-a385-e1ce4acc2440
Agriculture & Allied,Fisheries & aquaculture,Maharashtra (MahaAgX),"Study On Food And Feeding Habit And Reproductive Biology Of Vermiculated Spinefoot, Siganus Vermiculatus (Valenciennes, 1835) Along Ratnagiri Coast",fish; spinefoot; feeding; reproduction; maturity; ratnagiri; study,Maharashtra,Dr. Balasaheb Sawant Konkan Krishi Vidyapeeth Dapoli,Agriculture,pdf,RESTRICTED,2026-06-03T10:18:46+0530,338a9a1a-9615-4394-8882-8ff5e30cd3f1
Agriculture & Allied,Fisheries & aquaculture,Telangana (TGDeX),District-wise Fish Stocking Statistics for Telangana 2020-2021,Aquaculture; Fish Stocking; Seed Release; Fisheries Management; Production Planning,Telangana,Dept. of Animal Husbandry & Fisheries,Agriculture & Farming,CSV,OPEN,2025-06-22T09:57:43+0530,5abfeb90-9815-48da-8b20-23dcf358e915
Agriculture & Allied,Fisheries & aquaculture,Telangana (TGDeX),District-wise Fisheries Infrastructure and Production for 2016-17,Aquaculture; Fisheries Infrastructure; Production; Water Bodies; Food Production,Telangana,Dept. of Animal Husbandry & Fisheries,Agriculture & Farming,CSV,OPEN,2025-06-22T09:58:02+0530,3b99a461-46f8-4084-98d4-01fd6cee1ff4
Agriculture & Allied,Fisheries & aquaculture,Telangana (TGDeX),Fish Stocking Details by Mandal in Telangana for Financial Year 2019-2020,Aquaculture; Fish Stocking; Seed Release; Fisheries Management; Production Planning,Telangana,Dept. of Animal Husbandry & Fisheries,Agriculture & Farming,CSV,OPEN,2025-06-22T09:57:47+0530,f2441a43-189b-444a-ad6a-aa5a79e02e18
Agriculture & Allied,Fisheries & aquaculture,Telangana (TGDeX),Integrated Fisheries Development Scheme Component Applications and Implementation Metrics,Aquaculture; Fisheries Scheme; Development; Government Program; Resource Allocation,Telangana,Dept. of Animal Husbandry & Fisheries,Agriculture & Farming,CSV,OPEN,2025-06-22T09:58:05+0530,e425c451-b095-4d50-89dc-a03e624b372d
Agriculture & Allied,Fisheries & aquaculture,Telangana (TGDeX),Telangana District-wise Fisheries Water Bodies Indenting and Stocking 2018-2019,Aquaculture; Fisheries; Water Bodies; Stocking; Resource Management,Telangana,Dept. of Animal Husbandry & Fisheries,Agriculture & Farming,CSV,OPEN,2025-06-22T09:58:16+0530,4c3ca986-9502-42be-88aa-17b046746e59
Agriculture & Allied,Fisheries & aquaculture,Telangana (TGDeX),Telangana District-wise Prawn Stocking 2020-2021,Aquaculture; Prawn Stocking; Seed Release; Fisheries Management; Resource Allocation,Telangana,Dept. of Animal Husbandry & Fisheries,Agriculture & Farming,CSV,OPEN,2025-06-22T09:57:50+0530,41ce77d6-c5ed-4792-a2b4-b3077e7eb6aa
Agriculture & Allied,Fisheries & aquaculture,Telangana (TGDeX),Telangana District-wise Prawn Stocking Data for 2021-2022,Aquaculture; Prawn Stocking; District; Time Series,Telangana,Dept. of Animal Husbandry & Fisheries,Agriculture & Farming,CSV,OPEN,2025-06-22T09:57:39+0530,835279dd-12c0-4f5a-8db5-8afa42a95d01
Agriculture & Allied,Fisheries & aquaculture,Telangana (TGDeX),Telangana Fish Seed Production Targets and Achievements,Aquaculture; Fish Seed; Production; Fisheries Development; Resource Management,Telangana,Dept. of Animal Husbandry & Fisheries,Agriculture & Farming,CSV,OPEN,2025-06-22T09:57:58+0530,ffb15cb9-1540-421d-948a-a00e571d77ef
Agriculture & Allied,Fisheries & aquaculture,Telangana (TGDeX),Telangana Fish Stocking by District for 2021-2022,Aquaculture; Fish Stocking; Seed Release; Fisheries Management; Production Planning,Telangana,Dept. of Animal Husbandry & Fisheries,Agriculture & Farming,CSV,OPEN,2025-07-01T06:47:55+0530,f4c28dea-35c7-40d9-9653-ea65e1c1d5bc
Agriculture & Allied,Food processing & post-harvest,Maharashtra (MahaAgX),Biochemical Studies On Browning Of The Sugarcane Juice In Relation To Beverage (Rasvanti),sugarcane; juice; browning; beverage; genotype,Maharashtra,Mahatma Phule Krishi Vidyapeeth Rahuri,Agriculture,doc,RESTRICTED,2026-06-10T21:44:18+0530,f96b113e-366e-4920-a8f5-d88132246f4a
Agriculture & Allied,Food processing & post-harvest,Maharashtra (MahaAgX),Design And Performance Evaluation Of Table Top Juice Extractor - Research Recommendations 2023,juice; extractor; fruit; vegetable; hydraulic,Maharashtra,Mahatma Phule Krishi Vidyapeeth Rahuri,Agriculture,doc,RESTRICTED,2026-06-10T22:21:58+0530,9e2f5a48-67b6-484d-ba58-373f0630753a
Agriculture & Allied,Food processing & post-harvest,Maharashtra (MahaAgX),"Design, Development and Optimization of Multi Nuts Dehulling (mndh) Machine",dehulling; multi-nuts; post-harvest technology; vertical cut plane; cad/fea optimization; marking-nut; cashew-nut; marathwada; vnmkv,Maharashtra,Vasantrao Naik Marathwada Krishi Vidyapeeth Parbhani,Agriculture,pdf,OPEN,2026-02-16T03:52:53+0530,57ec2e62-11a0-43aa-a6cd-29dbd65f31aa
Agriculture & Allied,Food processing & post-harvest,Maharashtra (MahaAgX),"Design, Development And Performance Evaluation Of Juice Extractor",juice; extractor; fruit; vegetable; hydraulic,Maharashtra,Mahatma Phule Krishi Vidyapeeth Rahuri,Agriculture,docx,RESTRICTED,2026-06-10T23:00:12+0530,0f402b4d-53f6-45eb-95ee-edb7d7f3c396
Agriculture & Allied,Food processing & post-harvest,Maharashtra (MahaAgX),"Design, Development And Performance Evaluation Of Table Top Juice Extractor",juice; extractor; fruit; vegetable; engineering,Maharashtra,Mahatma Phule Krishi Vidyapeeth Rahuri,Agriculture,doc,RESTRICTED,2026-06-10T22:09:04+0530,dfc7619f-3803-4cdd-baf3-e0508330cd3e
Agriculture & Allied,Food processing & post-harvest,Maharashtra (MahaAgX),Development and Evaluation of Feeder for Continuous Hot Air Puffing of Fryums,fryums; food processing; puffing; feeder; hot air; post-harvest; engineering; bskkv,Maharashtra,Dr. Balasaheb Sawant Konkan Krishi Vidyapeeth Dapoli,Agriculture,pdf,OPEN,2026-02-16T04:36:49+0530,4ba48f3a-64d1-4336-9201-f4c40cdae9e0
Agriculture & Allied,Food processing & post-harvest,Maharashtra (MahaAgX),Development and Quality Evaluation of Sesame Flaxseed Nutra Chikki,sesame seed; flaxseed; nutra chikki; functional food; omega-3 fatty acids; polyunsaturated fatty acids; nutritional security; shelf life; snack food; vnmkv,Maharashtra,Vasantrao Naik Marathwada Krishi Vidyapeeth Parbhani,Agriculture,pdf,OPEN,2026-02-16T03:26:50+0530,e1ac2910-dcc6-4300-8831-7f484451c425
Agriculture & Allied,Food processing & post-harvest,Maharashtra (MahaAgX),Development of Process Technology for Dehydrated Rte Garlic Slices,garlic; dehydration; puffed; freezing; thawing; snacks; technology; vnmkv,Maharashtra,Vasantrao Naik Marathwada Krishi Vidyapeeth Parbhani,Agriculture,pdf,OPEN,2026-02-16T03:35:57+0530,a2970356-212e-423f-becb-ce4124ea3681
Agriculture & Allied,Food processing & post-harvest,Maharashtra (MahaAgX),Development of Process Technology for Osmo-convective Dried Orange Slices,orange; dehydration; osmotic; convective; mandarin; shelf-life; processing; vnmkv,Maharashtra,Vasantrao Naik Marathwada Krishi Vidyapeeth Parbhani,Agriculture,pdf,OPEN,2026-02-16T03:35:30+0530,6ccd3763-b1f6-420e-88ac-66d0c09b2cb7
Agriculture & Allied,Food processing & post-harvest,Maharashtra (MahaAgX),Development of Process Technology for Ready to Eat (rte) Carrot Shreds,carrot; dehydration; osmotic; antioxidant; shreds; nutrition; snacks; vnmkv,Maharashtra,Vasantrao Naik Marathwada Krishi Vidyapeeth Parbhani,Agriculture,pdf,OPEN,2026-02-16T03:36:13+0530,830ed193-d1e5-4710-842c-9c617dde931d
Agriculture & Allied,Food processing & post-harvest,Maharashtra (MahaAgX),Development of Process Technology for Redimix of Gajar Halwa Carrot Dessert,carrot; redimix; dessert; dehydration; antioxidants; convenience; processing; vnmkv,Maharashtra,Vasantrao Naik Marathwada Krishi Vidyapeeth Parbhani,Agriculture,pdf,OPEN,2026-02-16T03:36:19+0530,2b0976ff-9da2-4c95-9b99-39e28b84a525
Agriculture & Allied,Food processing & post-harvest,Maharashtra (MahaAgX),Development of Process Technology for the Production of E Axillare (nay) Powder,enicostema; powder; dehydration; microwave; medicinal; herbal; processing; vnmkv,Maharashtra,Vasantrao Naik Marathwada Krishi Vidyapeeth Parbhani,Agriculture,pdf,OPEN,2026-02-16T03:35:47+0530,e8063545-99a1-4dfe-84ab-d2d3cf797cd9
Agriculture & Allied,Food processing & post-harvest,Maharashtra (MahaAgX),Effect of Different Pre-treatments and Drying Methods On Beetroot Powder,beetroot; powder; post-harvest; drying-methods; blanching; food-processing; akola; pdkv,Maharashtra,Dr. Panjabrao Deshmukh Krishi Vidyapeeth Akola,Agriculture,docx,RESTRICTED,2026-02-16T04:32:50+0530,bce8de24-9bd7-4ff9-a303-d4cbb97939d8
Agriculture & Allied,Food processing & post-harvest,Maharashtra (MahaAgX),"Effect of Different Treatments (roasting, Malting and Puffing) of Grain Flours On the Physico-chemical and Sensorial Quality Characteristics of Multigrain Bar",multigrain bar; snack food; food processing; roasting; malting; puffing; nutritional quality; sensorial characteristics; grain flours; vnmkv,Maharashtra,Vasantrao Naik Marathwada Krishi Vidyapeeth Parbhani,Agriculture,docx,OPEN,2026-02-16T03:37:51+0530,8f2e5a35-3909-47c6-bc40-3d2fd330c8d1
Agriculture & Allied,Food processing & post-harvest,Maharashtra (MahaAgX),Food Processing Industry - Research Recommendations 2007,foodprocessing; agriculture; procurement; distribution; employment,Maharashtra,Mahatma Phule Krishi Vidyapeeth Rahuri,Agriculture,"doc, pdf",RESTRICTED,2026-06-11T00:45:06+0530,5eb4ac45-5886-49ed-8e16-ebb6da7f2d8f
Agriculture & Allied,Food processing & post-harvest,Maharashtra (MahaAgX),Food Science and Technology - Research Recommendations 2021,cookies; biscuits; millet; baking; nutrition; processing,Maharashtra,Mahatma Phule Krishi Vidyapeeth Rahuri,Agriculture,docx,RESTRICTED,2026-06-08T11:57:06+0530,bb48ba54-9549-4911-a223-ffb44853678c
Agriculture & Allied,Food processing & post-harvest,Maharashtra (MahaAgX),Management Performance Evaluation Of Shramjivi Food Processing Unit,foodprocessing; procurement; distribution; management; cost; efficiency; breakeven,Maharashtra,Mahatma Phule Krishi Vidyapeeth Rahuri,Agriculture,"doc, pdf",RESTRICTED,2026-06-11T00:43:12+0530,12cd40a3-ae7f-40b2-bab8-3865548de2e8
Agriculture & Allied,Food processing & post-harvest,Maharashtra (MahaAgX),Medicinal Cookies And Kodo Millet Cookies And Biscuits - Research Recommendations 2020,medicinal; cookies; millet; biscuits; food; nutrition,Maharashtra,Mahatma Phule Krishi Vidyapeeth Rahuri,Agriculture,doc,RESTRICTED,2026-06-10T21:41:17+0530,46b38a50-1f70-4754-b16c-0feb5f5e71cc
Agriculture & Allied,Food processing & post-harvest,Maharashtra (MahaAgX),Studies On Functional Properties and Nutritional Profile of Pumpkin Flour,pumpkin; flour; nutrition; functional; dehydration; minerals; antioxidants; vnmkv,Maharashtra,Vasantrao Naik Marathwada Krishi Vidyapeeth Parbhani,Agriculture,docx,OPEN,2026-02-16T03:38:11+0530,a927f5f4-f31d-4c2a-8e1f-8384496b1b5d
Agriculture & Allied,Food processing & post-harvest,Maharashtra (MahaAgX),Studies On Physico Chemical Characteristics of Paneer Doda (withina Coagulans) and Its Utilization in Carbonated Beverage,paneer doda; carbonated beverage; phytochemicals; functional food; antidiabetic; food engineering; extracts; vnmkv,Maharashtra,Vasantrao Naik Marathwada Krishi Vidyapeeth Parbhani,Agriculture,docx,OPEN,2026-02-16T03:37:56+0530,f1306362-71df-40aa-b1fe-445da08d68e1
Agriculture & Allied,Food processing & post-harvest,Maharashtra (MahaAgX),Studies On Physico-Chemical Properties Of Little Millet And Its Exploration In Biscuits,millet; biscuits; nutrition; storage; flour; wheat,Maharashtra,Mahatma Phule Krishi Vidyapeeth Rahuri,Agriculture,docx,RESTRICTED,2026-06-10T22:52:46+0530,411be82f-b029-450e-99b3-7b409cbcef92
Agriculture & Allied,Food processing & post-harvest,Maharashtra (MahaAgX),Studies On Preparation and Quality Characteristics of Multimillet Nutri Kharodi,multimillet; kharodi; pearl millet; finger millet; foxtail millet; nutritional security; traditional food; textural quality; shelf life; food process technology; vnmkv,Maharashtra,Vasantrao Naik Marathwada Krishi Vidyapeeth Parbhani,Agriculture,pdf,OPEN,2026-02-16T03:37:46+0530,08b66cfa-0e54-4e2d-b7e0-effe2a823021
Agriculture & Allied,Food processing & post-harvest,Maharashtra (MahaAgX),Studies On the Effect of Syruping Treatments to Improve Nutritional Profile of Aonla Candy,aonla candy; indian gooseberry; syruping treatment; nutritional profile; vitamin c; organoleptic quality; shelf life; osmotic dehydration; vnmkv,Maharashtra,Vasantrao Naik Marathwada Krishi Vidyapeeth Parbhani,Agriculture,pdf,OPEN,2026-02-16T03:26:21+0530,01a0089e-93d2-4449-ba13-05246ca7fd18
Agriculture & Allied,Food processing & post-harvest,Maharashtra (MahaAgX),Study On Drying of Moth Bean (sudhagad Matki) Sprouts,moth bean; sprouts; drying; post-harvest; sudhagad matki; food processing; nutrition; bskkv,Maharashtra,Dr. Balasaheb Sawant Konkan Krishi Vidyapeeth Dapoli,Agriculture,pdf,OPEN,2026-02-16T04:36:55+0530,66a60ba6-dc50-4243-9850-17f14a71305e
Agriculture & Allied,Food processing & post-harvest,Maharashtra (MahaAgX),Tribal Millet Value Addition And Extension - Research Recommendations 2023,millet; tribal; processing; extension; skilldevelopment,Maharashtra,Mahatma Phule Krishi Vidyapeeth Rahuri,Agriculture,docx,RESTRICTED,2026-06-11T00:11:18+0530,65541b53-ab94-4fc8-80c4-e7b0bb2f76b9
Agriculture & Allied,Food processing & post-harvest,Maharashtra (MahaAgX),Utilization of Okara (soymilk Residue) for the Production of Biscuits,soybean; okara; biscuits; fiber; nutrition; processing; residue; vnmkv,Maharashtra,Vasantrao Naik Marathwada Krishi Vidyapeeth Parbhani,Agriculture,pdf,OPEN,2026-02-16T03:35:10+0530,7b3444b6-ffc7-4bdf-ba80-79daa8d82e25
Agriculture & Allied,Food processing & post-harvest,Maharashtra (MahaAgX),Utilization of Okara (soymilk Residue) for the Production of Rte Extruded Snack,soybean; okara; extrusion; snacks; protein; fiber; processing; vnmkv,Maharashtra,Vasantrao Naik Marathwada Krishi Vidyapeeth Parbhani,Agriculture,pdf,OPEN,2026-02-16T03:35:16+0530,721e08a5-9c21-49bc-9937-23516907db1c
Agriculture & Allied,Food processing & post-harvest,Telangana (TGDeX),Telangana State Beverages Corporation Liquor Price List,Commerce; Liquor Prices; Beverages Corporation; Alcohol Policy; Consumer Info,Telangana,Dept. of Revenue,Finance,CSV,OPEN,2025-07-01T06:34:54+0530,40c1c257-cec4-46a6-98f3-78890c8292a5
Agriculture & Allied,Horticulture,Maharashtra (MahaAgX),Acid Lime  Citrus Aurantifolia,acidlime; irrigation; waterrequirement; citrus; horticulture,Maharashtra,Dr. Panjabrao Deshmukh Krishi Vidyapeeth Akola,Agriculture,"docx, xlsx",RESTRICTED,2026-06-09T05:09:42+0530,bef70449-e49f-47fb-92f0-9a62d7a73db3
Agriculture & Allied,Horticulture,Maharashtra (MahaAgX),"Action Taken Report and Research Progress of Custard Apple Research Centre, Ambajogai",custard; apple; horticulture; grafting; biochemistry; chili; processing; vnmkv,Maharashtra,Vasantrao Naik Marathwada Krishi Vidyapeeth Parbhani,Agriculture,docx,OPEN,2026-02-16T03:34:59+0530,c8a3eabc-757c-47c4-8e48-84af4fb8400c
Agriculture & Allied,Horticulture,Maharashtra (MahaAgX),Aicrp Fruits Data,fruits; agriculture; data; research; recommendations,Maharashtra,Dr. Panjabrao Deshmukh Krishi Vidyapeeth Akola,Agriculture,doc,RESTRICTED,2026-06-09T05:11:04+0530,164ab52b-1005-4b65-9979-8d55db115ba6
Agriculture & Allied,Horticulture,Maharashtra (MahaAgX),Alleviation Of Soil Moisture Deficit Stress In Banana - Research Recommendations 2023,banana; soilmoisture; acetylsalicylicacid; priming; irrigation; stress,Maharashtra,Mahatma Phule Krishi Vidyapeeth Rahuri,Agriculture,doc,RESTRICTED,2026-06-10T22:38:21+0530,a11ab2c3-08a7-4776-a0b5-40c709d93fdb
Agriculture & Allied,Horticulture,Maharashtra (MahaAgX),Annual Chrysanthemum (PDKV Bijli Super),chrysanthemum; horticulture; yield; variety; pest,Maharashtra,Dr. Panjabrao Deshmukh Krishi Vidyapeeth Akola,Agriculture,"docx, xlsx",RESTRICTED,2026-06-09T05:38:07+0530,b49a84a7-23f9-45cf-9d85-2cc4cb8af001
Agriculture & Allied,Horticulture,Maharashtra (MahaAgX),Assessment of Water Requirement and Irrigation Efficiency for Cabbage Cultivation in Maharashtra,cabbage; water; irrigation; efficiency; maharashtra; crop; drip,Maharashtra,Mahatma Phule Krishi Vidyapeeth Rahuri,Agriculture,xlsx,RESTRICTED,2026-05-22T09:41:13+0530,2efd4142-00f0-4e68-ae3b-d5dfd863c2d8
Agriculture & Allied,Horticulture,Maharashtra (MahaAgX),Banana Phenotyping and Canopy Imagery Dataset (PoCRA-MPKV),banana; phenotyping; pocra; rahuri; mpkv,Maharashtra,Mahatma Phule Krishi Vidyapeeth Rahuri,Agriculture,jpeg,RESTRICTED,2026-05-26T13:29:53+0530,e4f812cb-2f19-4b62-bc10-38de04c321fa
Agriculture & Allied,Horticulture,Maharashtra (MahaAgX),Beheading Of Old Senile High-Density Mango Orchard Cv Kesar At 15 M Height,mango; orchard; beheading; yield; horticulture,Maharashtra,Mahatma Phule Krishi Vidyapeeth Rahuri,Agriculture,docx,RESTRICTED,2026-06-06T18:09:02+0530,564b900f-4df8-4539-9fa7-b8db685aeeee
Agriculture & Allied,Horticulture,Maharashtra (MahaAgX),Beheading Of Old Senile High-Density Mango Orchard CV Kesar At 15M Height,mango; orchard; beheading; yield; horticulture,Maharashtra,Mahatma Phule Krishi Vidyapeeth Rahuri,Agriculture,docx,RESTRICTED,2026-06-10T21:45:35+0530,6788b5c3-ca08-4bdb-844d-58ad8bc2530c
Agriculture & Allied,Horticulture,Maharashtra (MahaAgX),Bio Management Of Thrips On Pomegranate - Research Recommendations 2019,pomegranate; thrips; biofungi; neem; karanj; pesticide; yield,Maharashtra,Mahatma Phule Krishi Vidyapeeth Rahuri,Agriculture,doc,RESTRICTED,2026-06-11T07:45:58+0530,5c9a931c-7004-48ef-bf8c-5413c6a9ab54
Agriculture & Allied,Horticulture,Maharashtra (MahaAgX),Bioefficacy Of Insecticide Molecule Cyantraniliprole 1026 Od Against Fruit Borer On Pomegranate,pomegranate; insecticide; cyantraniliprole; fruitbore; horticulture,Maharashtra,Mahatma Phule Krishi Vidyapeeth Rahuri,Agriculture,doc,RESTRICTED,2026-06-10T22:18:02+0530,d73bb7bd-085c-4f94-9074-f207b0b9d108
Agriculture & Allied,Horticulture,Maharashtra (MahaAgX),Bioefficacy Of New Insecticide Molecule Cyantraniliprole 1026 Od Against Aphids And Thrips On Pomegranate,pomegranate; insecticide; cyantraniliprole; aphids; thrips,Maharashtra,Mahatma Phule Krishi Vidyapeeth Rahuri,Agriculture,doc,RESTRICTED,2026-06-11T07:51:47+0530,77a877f6-4c21-494e-9bef-fdd2417dd073
Agriculture & Allied,Horticulture,Maharashtra (MahaAgX),"Biological Suppression Of Shoot And Fruit Borer, Earias Vittella Fab In Okra",okra; biocontrol; entomology; pest; bt,Maharashtra,Mahatma Phule Krishi Vidyapeeth Rahuri,Agriculture,doc,RESTRICTED,2026-06-11T07:46:30+0530,8dcdc353-0d41-4665-9b9b-ef1f673526ab
Agriculture & Allied,Horticulture,Maharashtra (MahaAgX),"Biomanagement Of Root-Knot Nematode, Meloidogyne Incognita In Brinjal",brinjal; rootknot; nematode; biopesticide; entomology,Maharashtra,Mahatma Phule Krishi Vidyapeeth Rahuri,Agriculture,docx,RESTRICTED,2026-06-11T00:09:52+0530,475f5f91-4655-459d-9b91-51817fe0eaa1
Agriculture & Allied,Horticulture,Maharashtra (MahaAgX),Bunch Improvement By De-Handing And Spraying Of Chemicals In Banana,banana; horticulture; dehanding; spraying; economics,Maharashtra,Mahatma Phule Krishi Vidyapeeth Rahuri,Agriculture,doc,RESTRICTED,2026-06-11T07:40:12+0530,d5c5a2f1-af1d-4976-a066-229fd2752f9d
Agriculture & Allied,Horticulture,Maharashtra (MahaAgX),Cabbage And Green Pea Weekly Etc Estimation For Irrigation Scheduling - Research Recommendations 2020,cabbage; greenpea; evapotranspiration; irrigation; crop,Maharashtra,Mahatma Phule Krishi Vidyapeeth Rahuri,Agriculture,doc,RESTRICTED,2026-06-11T07:23:25+0530,c400fd06-bfe2-4e64-ba18-f18df306f71b
Agriculture & Allied,Horticulture,Maharashtra (MahaAgX),Capsicum All Data,horticulture; vegetable; research; recommendations; agriculture; study; analysis,Maharashtra,Dr. Panjabrao Deshmukh Krishi Vidyapeeth Akola,Agriculture,doc,RESTRICTED,2026-06-09T06:40:01+0530,08a8b215-b8fa-49c4-89a7-b73637c91c56
Agriculture & Allied,Horticulture,Maharashtra (MahaAgX),Chakradhar Seedless PDKV Chakradhar,fruits; data; research; recommendations; aicrp,Maharashtra,Dr. Panjabrao Deshmukh Krishi Vidyapeeth Akola,Agriculture,"doc, xlsx",RESTRICTED,2026-06-09T05:08:14+0530,fb2ad90a-d4f7-46e9-844d-d1833d5c003d
Agriculture & Allied,Horticulture,Maharashtra (MahaAgX),Cheese Spread Optimization With Guava Pulp - 2023,cheese; guava; spread; cheddar; goatmilk,Maharashtra,Mahatma Phule Krishi Vidyapeeth Rahuri,Agriculture,docx,RESTRICTED,2026-06-10T22:02:26+0530,f990e249-3e29-460c-ab26-d8dbf09e1a16
Agriculture & Allied,Horticulture,Maharashtra (MahaAgX),Citrus Greening Disease Integrated Management,citrus; greening; disease-management; huanglongbing; tetracycline; horticulture; akola; pdkv,Maharashtra,Dr. Panjabrao Deshmukh Krishi Vidyapeeth Akola,Agriculture,docx,RESTRICTED,2026-02-18T05:12:29+0530,a1f43b03-cb30-4211-a0de-e5aad56ce2b1
Agriculture & Allied,Horticulture,Maharashtra (MahaAgX),Citrus Leaf Miner Forecasting - Research Recommendations 2019,citrus; leafminer; forecasting; weather; regression; agrometeorology,Maharashtra,Mahatma Phule Krishi Vidyapeeth Rahuri,Agriculture,doc,RESTRICTED,2026-06-10T21:40:24+0530,534a210e-3637-4638-81b9-9abf8976e3e6
Agriculture & Allied,Horticulture,Maharashtra (MahaAgX),Coriander Data 2016,coriander; variety; yield; horticulture; agriculture; plant,Maharashtra,Dr. Panjabrao Deshmukh Krishi Vidyapeeth Akola,Agriculture,"docx, xlsx",RESTRICTED,2026-06-09T06:37:55+0530,09836b67-c809-4c43-a4ab-1439e4a8227a
Agriculture & Allied,Horticulture,Maharashtra (MahaAgX),Cover Bagging For Control Of Fruit Sucking Moth On Pomegranate - Research Recommendations 2023,pomegranate; coverbag; moth; fruit; horticulture; entomology,Maharashtra,Mahatma Phule Krishi Vidyapeeth Rahuri,Agriculture,doc,RESTRICTED,2026-06-10T22:18:44+0530,1b27856f-77d7-446c-b9c4-aac5215480cb
Agriculture & Allied,Horticulture,Maharashtra (MahaAgX),"Crop Evapotranspiration Irrigation Scheduling Safflower, Sweet Corn, Cotton, Tomato In Mpkv Rahuri",evapotranspiration; irrigation; cropwater; agriculture; mpkv,Maharashtra,Mahatma Phule Krishi Vidyapeeth Rahuri,Agriculture,docx,RESTRICTED,2026-06-11T07:13:55+0530,0c344223-2741-4dce-ad73-19a86a21a55e
Agriculture & Allied,Horticulture,Maharashtra (MahaAgX),Deficit Irrigation For Tomato Production Under Semi-Arid Condition,tomato; irrigation; deficit; water; agriculture,Maharashtra,Mahatma Phule Krishi Vidyapeeth Rahuri,Agriculture,docx,RESTRICTED,2026-06-11T07:22:33+0530,49a87a02-b43c-46be-8eb2-5b352c4a6472
Agriculture & Allied,Horticulture,Maharashtra (MahaAgX),Design and Development of Cost Effective Automatic Domestic Hydroponic Unit for Cultivation of Selected Vegetables and Its Performance Evaluation,hydroponics; vegetables; domestic; costeffective; automation; performance; design,Maharashtra,Dr. Balasaheb Sawant Konkan Krishi Vidyapeeth Dapoli,Agriculture,pdf,RESTRICTED,2026-06-02T12:45:02+0530,c68d4655-777b-466d-97b8-8dc99d9f7d5e
Agriculture & Allied,Horticulture,Maharashtra (MahaAgX),Design And Development Of Manually Operated Nursery Vegetable Planter,planter; nursery; vegetable; seed; mechanism; ergonomics; design,Maharashtra,Vasantrao Naik Marathwada Krishi Vidyapeeth Parbhani,Agriculture,pdf,RESTRICTED,2026-06-05T16:40:08+0530,aaaf75d8-4c65-475c-889e-8bcd69cb9432
Agriculture & Allied,Horticulture,Maharashtra (MahaAgX),Design and Development of Manually Operated Vegetable Transplanter,manual transplanter; vegetable mechanization; tomato; brinjal; chilli; plug type seedlings; farm machinery; marathwada; vnmkv,Maharashtra,Vasantrao Naik Marathwada Krishi Vidyapeeth Parbhani,Agriculture,pdf,OPEN,2026-02-16T03:54:16+0530,5f50e1af-441f-482e-98c5-f90b78bbc551
Agriculture & Allied,Horticulture,Maharashtra (MahaAgX),Determination of Crop Coefficient for Summer Okra using Lysimeter,okra; lysimeter; evapotranspiration; irrigation; engineering; coefficients,Maharashtra,Vasantrao Naik Marathwada Krishi Vidyapeeth Parbhani,Agriculture,pdf,RESTRICTED,2026-07-01T09:00:30+0530,9d335dca-3fb8-4708-801a-0cae15e12b48
Agriculture & Allied,Horticulture,Maharashtra (MahaAgX),Development And Evaluation Of Cost-Effective Bamboo Greenhouse For High-Rise Wired Vegetable Production,bamboo; polyhouse; calculator; design; greenhouse,Maharashtra,Dr. Balasaheb Sawant Konkan Krishi Vidyapeeth Dapoli,Agriculture,pdf,RESTRICTED,2026-06-02T15:19:06+0530,57228c1d-d4ad-47b0-8ea1-97711625055f
Agriculture & Allied,Horticulture,Maharashtra (MahaAgX),Development And Evaluation Of Cost-Effective Bamboo Greenhouse For High-Rise Wired Vegetable Production - Development Of Gi Wire Joints For Bamboo Polyhouses,bamboo; polyhouse; joints; greenhouse; construction,Maharashtra,Dr. Balasaheb Sawant Konkan Krishi Vidyapeeth Dapoli,Agriculture,pdf,RESTRICTED,2026-06-02T17:27:30+0530,4298ef2f-f1fb-4b82-9d48-65d022e6e982
Agriculture & Allied,Horticulture,Maharashtra (MahaAgX),Development Of An Automatic Healing Chamber For Round-The-Year Vegetable Graft Production,automation; grafting; healing; vegetable; chamber,Maharashtra,Dr. Balasaheb Sawant Konkan Krishi Vidyapeeth Dapoli,Agriculture,pdf,RESTRICTED,2026-06-02T15:28:46+0530,4f2d0359-dec7-428c-ae8f-89f42dd59af4
Agriculture & Allied,Horticulture,Maharashtra (MahaAgX),Development Of Crop Coefficient For Tomato Under Semi-Arid Condition,tomato; cropcoefficient; irrigation; evapotranspiration; semiarid,Maharashtra,Mahatma Phule Krishi Vidyapeeth Rahuri,Agriculture,docx,RESTRICTED,2026-06-11T07:22:09+0530,88c7575b-285b-4de3-b437-7c1720bc49df
Agriculture & Allied,Horticulture,Maharashtra (MahaAgX),Development of Process for Production of Kesar Mango Leather Using Foam Mat Drying Technique,mango; leather; drying; foaming; kesar; processing; shelf-life; vnmkv,Maharashtra,Vasantrao Naik Marathwada Krishi Vidyapeeth Parbhani,Agriculture,pdf,OPEN,2026-02-16T03:35:21+0530,614df5d0-afa4-445e-a48d-60501edbf7d7
Agriculture & Allied,Horticulture,Maharashtra (MahaAgX),Development Of Yield Response Factors For Tomato Under Semi-Arid Condition,tomato; yield; irrigation; semiarid; response,Maharashtra,Mahatma Phule Krishi Vidyapeeth Rahuri,Agriculture,docx,RESTRICTED,2026-06-11T07:19:38+0530,f8748071-9f3f-4aa6-af8b-189e6204f0f8
Agriculture & Allied,Horticulture,Maharashtra (MahaAgX),Economic Analysis of Nursery Enterprise in Thane and Palghar Districts of Konkan Region (ms),nursery; economics; konkan; plants; enterprise; profitability; agriculture; bskkv,Maharashtra,Dr. Balasaheb Sawant Konkan Krishi Vidyapeeth Dapoli,Agriculture,pdf,OPEN,2026-02-16T04:35:43+0530,b4beb3ee-1583-4e25-87e6-4fa727db6874
Agriculture & Allied,Horticulture,Maharashtra (MahaAgX),Economic Analysis of Nursery Enterprises in Raigad District of Konkan Region (ms),nursery; economics; raigad; profitability; konkan; horticulture; agriculture; bskkv,Maharashtra,Dr. Balasaheb Sawant Konkan Krishi Vidyapeeth Dapoli,Agriculture,pdf,OPEN,2026-02-16T04:36:13+0530,07049069-7665-44d3-b7d9-ebfbc0bbefa4
Agriculture & Allied,Horticulture,Maharashtra (MahaAgX),Effect Of Agro Techniques On Pollen Viability And Fruit Setting In Custard Apple,custardapple; covercrop; pollenviability; fruitsetting; aridzone; horticulture; agritech,Maharashtra,Mahatma Phule Krishi Vidyapeeth Rahuri,Agriculture,doc,RESTRICTED,2026-06-11T00:27:45+0530,5bc78677-0c2f-40cf-a012-9f75e2311411
Agriculture & Allied,Horticulture,Maharashtra (MahaAgX),"Effect Of Different Growth Regulators On Fruit Retention, Yield And Quality Of Mandarin",fruits; data; research; recommendations; aicrp,Maharashtra,Dr. Panjabrao Deshmukh Krishi Vidyapeeth Akola,Agriculture,"doc, xlsx",RESTRICTED,2026-06-09T05:14:51+0530,baa5a3b7-cbb8-4106-aef2-652247be3551
Agriculture & Allied,Horticulture,Maharashtra (MahaAgX),"Effect of Different Growth Stimulating Substances On Fruit Retention, Yield and Quality of Mandarin",mandarin; fruit-retention; n-atca; growth-regulators; horticulture; citrus; akola; pdkv,Maharashtra,Dr. Panjabrao Deshmukh Krishi Vidyapeeth Akola,Agriculture,docx,RESTRICTED,2026-02-16T04:32:23+0530,7bfe88b6-2560-4c39-a788-6f9feec0e712
Agriculture & Allied,Horticulture,Maharashtra (MahaAgX),Effect Of Different Organic Sources And Biofertilizers On Growth Joint Agresco,horticulture; vegetable; research; recommendations; 2022; study,Maharashtra,Dr. Panjabrao Deshmukh Krishi Vidyapeeth Akola,Agriculture,xlsx,RESTRICTED,2026-06-09T06:44:42+0530,81bbf4c4-f287-45d7-a574-6e5b566ed04a
Agriculture & Allied,Horticulture,Maharashtra (MahaAgX),"Effect Of Different Organic Sources On Growth, Yield And Soil Properties Of Okra",okra; organic; farming; soil; yield,Maharashtra,Mahatma Phule Krishi Vidyapeeth Rahuri,Agriculture,docx,RESTRICTED,2026-06-11T00:00:58+0530,f9914142-8cb4-46ae-b62f-621b2aae8690
Agriculture & Allied,Horticulture,Maharashtra (MahaAgX),"Effect of different pulses through drip, irrigation and fertigation levels coupled with mulch on growth and yield of muskmelon (Cucumis melo L)",muskmelon; drip; irrigation; fertigation; mulch; pulse; yield,Maharashtra,Dr. Balasaheb Sawant Konkan Krishi Vidyapeeth Dapoli,Agriculture,pdf,RESTRICTED,2026-06-02T12:48:55+0530,8dfe6311-8345-42b6-ac9b-7914bdb11bfe
Agriculture & Allied,Horticulture,Maharashtra (MahaAgX),Effect of Drip Irrigation and Mulches On Watermelon,watermelon; irrigation; mulch; yield; water; drip; maharashtra; vnmkv,Maharashtra,Vasantrao Naik Marathwada Krishi Vidyapeeth Parbhani,Agriculture,pdf,OPEN,2026-02-16T03:28:00+0530,088d8d1b-1797-46b1-979e-0a9953a101ea
Agriculture & Allied,Horticulture,Maharashtra (MahaAgX),Effect Of Growth Regulators On Sprouting And Rooting Of Bougainvillea Hardwood Cuttings,horticulture; floriculture; research; recommendations; 2024; 2025,Maharashtra,Dr. Panjabrao Deshmukh Krishi Vidyapeeth Akola,Agriculture,doc,RESTRICTED,2026-06-09T06:31:05+0530,8dc5c284-2c4e-404d-a1fc-cad8f69d27cc
Agriculture & Allied,Horticulture,Maharashtra (MahaAgX),Effect Of Iba  Types Of Cuttings On Rooting In Ixora,iba; cuttings; rooting; ixora; horticulture; propagation,Maharashtra,Dr. Panjabrao Deshmukh Krishi Vidyapeeth Akola,Agriculture,pdf,RESTRICTED,2026-06-09T06:03:53+0530,922f15e3-1300-4752-88fc-a5ce58a1f87a
Agriculture & Allied,Horticulture,Maharashtra (MahaAgX),Effect Of Phule Liquid Micronutrients Grade II On Yield And Quality Of Okra Grown On An Inceptisol,okra; micronutrients; yield; quality; soil,Maharashtra,Mahatma Phule Krishi Vidyapeeth Rahuri,Agriculture,docx,RESTRICTED,2026-06-10T22:44:03+0530,2e7bb566-8ff0-4e4a-a306-3c840c15ea32
Agriculture & Allied,Horticulture,Maharashtra (MahaAgX),"Effect Of Plant Spacing And Date Of Transplanting On Growth, Yield And Quality Of Watermelon",watermelon; spacing; transplanting; yield; growth,Maharashtra,Dr. Panjabrao Deshmukh Krishi Vidyapeeth Akola,Agriculture,"docx, xlsx",RESTRICTED,2026-06-09T06:42:15+0530,83d4bcb8-cd94-4c69-afd3-ae204f3bf651
Agriculture & Allied,Horticulture,Maharashtra (MahaAgX),Effect Of Pruning Dates On Grape Diseases And Climate Impact - Research Recommendations 2015,grapes; pruning; disease; horticulture; agriculture,Maharashtra,Mahatma Phule Krishi Vidyapeeth Rahuri,Agriculture,doc,RESTRICTED,2026-06-11T07:29:15+0530,21df48ed-2b1d-4840-837b-05a3899e0573
Agriculture & Allied,Horticulture,Maharashtra (MahaAgX),"Effect Of Sulphur On Soil Properties, Nutrient Uptake, Growth And Yield Of Banana",banana; sulphur; soil; fertilizer; yield,Maharashtra,Mahatma Phule Krishi Vidyapeeth Rahuri,Agriculture,doc,RESTRICTED,2026-06-10T22:40:12+0530,c884e7d6-17f3-4e2a-bbb4-963dbcb6e989
Agriculture & Allied,Horticulture,Maharashtra (MahaAgX),"Effect of Water Colour On Survival and Growth Performance of Koi Carp, Cyprinus Carpio (linnaeus, 1758) Early Fry During Nursery Rearing",koi carp; aquaculture; water colour; nursery rearing; survival; growth; fry; bskkv,Maharashtra,Dr. Balasaheb Sawant Konkan Krishi Vidyapeeth Dapoli,Agriculture,pdf,OPEN,2026-02-16T04:36:42+0530,aeb67fa9-2603-4ec0-8bc3-8fe4a6db210c
Agriculture & Allied,Horticulture,Maharashtra (MahaAgX),Evaluation of Different Varieties of Fenugreek,fenugreek; horticulture; yield; variety; agronomy; maharashtra; methi; mpkv,Maharashtra,Dr. Panjabrao Deshmukh Krishi Vidyapeeth Akola,Agriculture,docx,RESTRICTED,2026-04-07T18:52:06+0530,65c1e059-e595-47c3-aba7-ab2cb52e2f8a
Agriculture & Allied,Horticulture,Maharashtra (MahaAgX),Evaluation Of Plant Growing Media For Sugarcane Setts In Phule Supercane Nursery,sugarcane; media; germination; nursery; economics,Maharashtra,Mahatma Phule Krishi Vidyapeeth Rahuri,Agriculture,doc,RESTRICTED,2026-06-10T22:00:55+0530,140f76a1-3094-4643-8fe4-ed20bb03fbcf
Agriculture & Allied,Horticulture,Maharashtra (MahaAgX),Fertigation And Irrigation Scheduling Studies In Brinjal - Research Recommendations 2016,brinjal; fertigation; irrigation; scheduling; yield,Maharashtra,Mahatma Phule Krishi Vidyapeeth Rahuri,Agriculture,docx,RESTRICTED,2026-06-11T07:06:22+0530,dd0f8cd9-cfab-4dec-8566-d08557fe2f45
Agriculture & Allied,Horticulture,Maharashtra (MahaAgX),Flupyradifurone 200 Sl - Research Recommendations 2019,okra; insecticide; flupyradifurone; suckingpests; evaluation; horticulture,Maharashtra,Mahatma Phule Krishi Vidyapeeth Rahuri,Agriculture,doc,RESTRICTED,2026-06-11T07:46:53+0530,b6bd26a4-82c1-4721-a189-d754e6370940
Agriculture & Allied,Horticulture,Maharashtra (MahaAgX),Food Science and Technology - Research Recommendations 2020,banana; millet; chakli; dehydration; snack; processing,Maharashtra,Mahatma Phule Krishi Vidyapeeth Rahuri,Agriculture,docx,RESTRICTED,2026-06-08T11:54:34+0530,c8e7664e-62c5-4a99-ba71-a485f6e50032
Agriculture & Allied,Horticulture,Maharashtra (MahaAgX),Fruit Borer Control On Shatavari - Research Recommendations 2020,shatavari; fruitbore; biopesticide; beauveria; bacillus,Maharashtra,Mahatma Phule Krishi Vidyapeeth Rahuri,Agriculture,docx,RESTRICTED,2026-06-11T07:58:56+0530,dac4e467-9bd0-4dfb-b649-70d54275ec05
Agriculture & Allied,Horticulture,Maharashtra (MahaAgX),Fungicidal Management For Downy Mildew Of Bitter Gourd,bittergourd; downymildew; fungicide; vegetable; horticulture,Maharashtra,Mahatma Phule Krishi Vidyapeeth Rahuri,Agriculture,docx,RESTRICTED,2026-06-11T07:31:25+0530,94bd1ad6-b05d-4b59-a8e0-b82600e6f288
Agriculture & Allied,Horticulture,Maharashtra (MahaAgX),"Fungicidal Management For Ripe Fruit Rot Of Chilli (Colletotrichum Capsici Syd) (Kharif 2014, 2015 And 2016)",chilli; fungicide; fruitrot; horticulture; agriculture,Maharashtra,Mahatma Phule Krishi Vidyapeeth Rahuri,Agriculture,docx,RESTRICTED,2026-06-11T07:32:21+0530,33f31350-5b13-44f1-b5da-0132af62790d
Agriculture & Allied,Horticulture,Maharashtra (MahaAgX),Grafting Brinjal On Solanum Torvum - Research Recommendations 2023,brinjal; grafting; solanum; torvum; horticulture; yield; disease,Maharashtra,Mahatma Phule Krishi Vidyapeeth Rahuri,Agriculture,doc,RESTRICTED,2026-06-10T22:27:29+0530,e0735e9b-85ef-4317-a808-6061fd94fd42
Agriculture & Allied,Horticulture,Maharashtra (MahaAgX),"Gram Production, Grapes Economics, And Farm Ponds Impact - Research Recommendations 2014",gram; grapes; raisins; farmponds; agriculture; economics,Maharashtra,Mahatma Phule Krishi Vidyapeeth Rahuri,Agriculture,doc,RESTRICTED,2026-06-10T21:38:46+0530,5e763375-0294-40ef-aacc-917407da6bf3
Agriculture & Allied,Horticulture,Maharashtra (MahaAgX),"Gram Technologies, Grapes  Raisin Economics, Farm Pond Impact - Research Recommendations 2014",gram; grapes; raisins; farmponds; agriculture; economics,Maharashtra,Mahatma Phule Krishi Vidyapeeth Rahuri,Agriculture,doc,RESTRICTED,2026-06-10T23:59:12+0530,eb2a37c5-0b97-4b5d-896e-47850f19b195
Agriculture & Allied,Horticulture,Maharashtra (MahaAgX),Grape Growers Pre-Harvest Pesticide Awareness Recommendation 2024,grape; pesticide; bio; awareness; preharvest,Maharashtra,Mahatma Phule Krishi Vidyapeeth Rahuri,Agriculture,docx,RESTRICTED,2026-06-10T23:15:45+0530,48fc53aa-c1d5-46ba-9279-21f16a144774
Agriculture & Allied,Horticulture,Maharashtra (MahaAgX),"Green Gram, Gram Varieties, Oilseed Msp, Grapes, Red Gram, Pacs - Research Recommendations 2019",greengram; gramvarieties; oilseed; grapes; redgram; pacs,Maharashtra,Mahatma Phule Krishi Vidyapeeth Rahuri,Agriculture,docx,RESTRICTED,2026-06-10T21:33:18+0530,30c0d4b5-4ca8-4f8f-92bf-9b495c318962
Agriculture & Allied,Horticulture,Maharashtra (MahaAgX),Horticultural Implements Package - Research Recommendations 2023,horticulture; mechanization; orchard; banana; manure,Maharashtra,Mahatma Phule Krishi Vidyapeeth Rahuri,Agriculture,docx,RESTRICTED,2026-06-10T22:20:23+0530,8d7a2902-0eed-4a02-87c9-7f097ba1d3b0
Agriculture & Allied,Horticulture,Maharashtra (MahaAgX),Integrated Management of Citrus Greening Disease - Research Recommendations 2022,citrus; greening; pathology; antibacterial; horticulture; disease,Maharashtra,Mahatma Phule Krishi Vidyapeeth Rahuri,Agriculture,docx,RESTRICTED,2026-06-08T12:05:30+0530,44a71343-293a-4efb-82af-3f86af891f31
Agriculture & Allied,Horticulture,Maharashtra (MahaAgX),Integrated Management of Greasy Spot Disease of Nagpur Mandarin,nagpur-mandarin; greasy-spot; disease-management; citrus; hexaconazole; zineb; akola; pdkv,Maharashtra,Dr. Panjabrao Deshmukh Krishi Vidyapeeth Akola,Agriculture,docx,RESTRICTED,2026-02-16T04:29:24+0530,dc5e0a49-0bc9-47cb-ab74-ce7c7a890f50
Agriculture & Allied,Horticulture,Maharashtra (MahaAgX),Integrated Management Of Pre-Harvest Pathological Fruit Drop In Nagpur Mandarin,mandarin; fruitdrop; yield; regulators; ga; cppu,Maharashtra,Dr. Panjabrao Deshmukh Krishi Vidyapeeth Akola,Agriculture,"docx, xlsx",RESTRICTED,2026-06-09T05:14:22+0530,f6bfa140-a3a1-4bcd-8f71-3cd89e9ee0ff
Agriculture & Allied,Horticulture,Maharashtra (MahaAgX),Integrated Nutrient Management in Nagpur Mandarin,citrus; mandarin; fertilization; yield; horticulture; management; nutrients; pdkv,Maharashtra,Dr. Panjabrao Deshmukh Krishi Vidyapeeth Akola,Agriculture,docx,RESTRICTED,2026-02-16T04:29:05+0530,c08fab53-2e97-40c0-b6c3-e2f48da6f978
Agriculture & Allied,Horticulture,Maharashtra (MahaAgX),Integrated Nutrient Management Of Pomegranate Cv Bhagwa - Research Recommendations 2015,pomegranate; fertilizer; organic; horticulture; agriculture; management,Maharashtra,Mahatma Phule Krishi Vidyapeeth Rahuri,Agriculture,doc,RESTRICTED,2026-06-11T00:25:49+0530,ca64c166-6069-4c72-b7c9-514803485dd4
Agriculture & Allied,Horticulture,Maharashtra (MahaAgX),Irrigation And Fertigation Studies In Watermelon,irrigation; fertigation; watermelon; growth; parameters; agriculture,Maharashtra,Dr. Panjabrao Deshmukh Krishi Vidyapeeth Akola,Agriculture,docx,RESTRICTED,2026-06-09T06:47:41+0530,554cb0aa-75ad-4cbb-8fb6-d30f05144d43
Agriculture & Allied,Horticulture,Maharashtra (MahaAgX),Management Of Citrus Canker (Xanthomonas Campestris F Sp Citri) In Acid Lime,citrus; lime; canker; disease; management,Maharashtra,Mahatma Phule Krishi Vidyapeeth Rahuri,Agriculture,doc,RESTRICTED,2026-06-11T07:28:25+0530,9224dba2-e484-4a84-8c39-c4b751ab64cf
Agriculture & Allied,Horticulture,Maharashtra (MahaAgX),Management Of Downy Mildew Disease Of Grapes - Research Recommendations 2025,grapes; downy; mildew; fungicide; biocontrol; residue; viticulture,Maharashtra,Mahatma Phule Krishi Vidyapeeth Rahuri,Agriculture,docx,RESTRICTED,2026-06-11T07:27:12+0530,94129dee-d25d-4fdc-924e-65b896ed47df
Agriculture & Allied,Horticulture,Maharashtra (MahaAgX),Management Of Shot Hole Borer Euwallacea Similis Infesting Pomegranate (Punica Granatum L),pomegranate; shothole; borer; entomology; pestcontrol,Maharashtra,Mahatma Phule Krishi Vidyapeeth Rahuri,Agriculture,docx,RESTRICTED,2026-06-11T00:06:07+0530,03d17520-94c6-4821-9f69-3e6fe32aab8e
Agriculture & Allied,Horticulture,Maharashtra (MahaAgX),Management of Sooty Mould of Acid Lime,acid-lime; sooty-mould; disease-management; plant-pathology; mineral-oil; horticulture; akola; pdkv,Maharashtra,Dr. Panjabrao Deshmukh Krishi Vidyapeeth Akola,Agriculture,docx,RESTRICTED,2026-02-16T04:29:19+0530,1a3702f3-18a4-4819-ada3-3a62a50d6bf1
Agriculture & Allied,Horticulture,Maharashtra (MahaAgX),Management of Stem End Rot of Sweet Orange - Research Recommendations 2022,orange; fungicide; pathology; horticulture; disease; citrus,Maharashtra,Mahatma Phule Krishi Vidyapeeth Rahuri,Agriculture,docx,RESTRICTED,2026-06-08T12:10:21+0530,87a18582-718c-4763-b122-752d3fe31876
Agriculture & Allied,Horticulture,Maharashtra (MahaAgX),Manually Operated Bhendi (Okra) Cutter Holder - Research Recommendations 2024,okra; cutter; holder; ergonomics; harvesting,Maharashtra,Mahatma Phule Krishi Vidyapeeth Rahuri,Agriculture,doc,RESTRICTED,2026-06-10T23:17:52+0530,249d871c-8f37-4450-a99b-e2652e939d67
Agriculture & Allied,Horticulture,Maharashtra (MahaAgX),"Modified Crop Coefficients For Cauliflower, Garlic, Watermelon And Cucumber - Research Recommendations 2020",cropcoefficient; irrigation; waterrequirement; cauliflower; garlic; watermelon,Maharashtra,Mahatma Phule Krishi Vidyapeeth Rahuri,Agriculture,docx,RESTRICTED,2026-06-11T07:23:57+0530,ce1dc9c2-fb8f-4b03-b8d9-1f421025f939
Agriculture & Allied,Horticulture,Maharashtra (MahaAgX),Okra Crop Pest Infestation and Diagnostic Imagery Dataset (PoCRA-MPKV),okra; pocra; rahuri; mpkv,Maharashtra,Mahatma Phule Krishi Vidyapeeth Rahuri,Agriculture,jpeg,RESTRICTED,2026-05-26T15:29:21+0530,44c8002c-2112-4de7-b197-f5acb7bb7362
Agriculture & Allied,Horticulture,Maharashtra (MahaAgX),Okra Hybrid Phule Gayatri (Rhrokh-01) - Research Recommendations 2024,okra; hybrid; yield; vegetable; maharashtra,Maharashtra,Mahatma Phule Krishi Vidyapeeth Rahuri,Agriculture,docx,RESTRICTED,2026-06-11T00:15:37+0530,754575c1-5007-4be0-a7cf-2ba53e403e59
Agriculture & Allied,Horticulture,Maharashtra (MahaAgX),Onion Purple Blotch And Tomato Early Blight - Research Recommendations 2021,onion; tomato; fungicide; seed; yield,Maharashtra,Mahatma Phule Krishi Vidyapeeth Rahuri,Agriculture,docx,RESTRICTED,2026-06-11T07:35:06+0530,b50b1ecc-c3d8-42a0-a26c-5a6572e5b1fb
Agriculture & Allied,Horticulture,Maharashtra (MahaAgX),"Onion, Black Gram, Drip Irrigation, Banana Export - Research Recommendations 2020",onion; blackgram; dripirrigation; banana; export,Maharashtra,Mahatma Phule Krishi Vidyapeeth Rahuri,Agriculture,docx,RESTRICTED,2026-06-10T07:04:32+0530,cef1b9ec-fba0-4a84-a7a9-7f99125b22d9
Agriculture & Allied,Horticulture,Maharashtra (MahaAgX),Optimization Of In Vitro Sterilization Technique In Variety Konkan Safed Velchi Of Banana (Musa Paradisica L),banana; sterilization; invitro; propagation; tissueculture,Maharashtra,Dr. Balasaheb Sawant Konkan Krishi Vidyapeeth Dapoli,Agriculture,pdf,RESTRICTED,2026-06-02T17:47:41+0530,12465017-41a0-4a83-943f-c088dae1e871
Agriculture & Allied,Horticulture,Maharashtra (MahaAgX),Optimum N And K Dose For Banana Cv Phule Pride Fertigation - Research Recommendations 2022,banana; fertilizer; fertigation; nitrogen; potassium,Maharashtra,Mahatma Phule Krishi Vidyapeeth Rahuri,Agriculture,doc,RESTRICTED,2026-06-11T07:39:24+0530,3c76047c-c512-4ea0-8da0-bfad0d2c6f90
Agriculture & Allied,Horticulture,Maharashtra (MahaAgX),Papaya Crop Pest Infestation and Diagnostic Imagery Dataset (PoCRA-MPKV),papaya; pocra; mosaic; rahuri; mpkv,Maharashtra,Mahatma Phule Krishi Vidyapeeth Rahuri,Agriculture,jpeg,RESTRICTED,2026-05-27T09:32:07+0530,a9beebb2-9823-45a7-abb8-2397418b7a21
Agriculture & Allied,Horticulture,Maharashtra (MahaAgX),Performance Of Mango Grafts In Soil Less Media Recommendation Proposal,mango; grafts; soilless; media; horticulture,Maharashtra,Dr. Balasaheb Sawant Konkan Krishi Vidyapeeth Dapoli,Agriculture,pdf,RESTRICTED,2026-06-03T12:55:06+0530,520ea3ee-ab71-4bcc-a3ad-0c9ab90a0557
Agriculture & Allied,Horticulture,Maharashtra (MahaAgX),Phule Janaki Custard Apple Hybrid Release,custardapple; hybrid; pulp; breeding; horticulture; yield,Maharashtra,Mahatma Phule Krishi Vidyapeeth Rahuri,Agriculture,docx,RESTRICTED,2026-06-11T00:28:40+0530,771b7309-b86c-4a51-b8ee-dd528257e85d
Agriculture & Allied,Horticulture,Maharashtra (MahaAgX),Phule Pride - Research Recommendations 2017,banana; phulepride; clonalselection; yield; disease,Maharashtra,Mahatma Phule Krishi Vidyapeeth Rahuri,Agriculture,docx,RESTRICTED,2026-06-11T07:40:54+0530,feb0a2a3-2fd0-4dde-bdf5-d7e54c1e5145
Agriculture & Allied,Horticulture,Maharashtra (MahaAgX),Pomegranate Adaptation Strategies - Research Recommendations,pomegranate; adaptation; climatechange; agriculture; extension,Maharashtra,Mahatma Phule Krishi Vidyapeeth Rahuri,Agriculture,docx,RESTRICTED,2026-06-10T23:15:03+0530,99416b47-8138-401d-8a6c-8c8886298ed3
Agriculture & Allied,Horticulture,Maharashtra (MahaAgX),"Pomegranate Fusarium Wilt Management (T7,T8) - Research Recommendations 2023",pomegranate; fusarium; wilt; management; bioagents; fungicide; agriculture,Maharashtra,Mahatma Phule Krishi Vidyapeeth Rahuri,Agriculture,docx,RESTRICTED,2026-06-10T22:32:57+0530,17a71a32-ddd6-49a5-8e2c-b1be92f234ce
Agriculture & Allied,Horticulture,Maharashtra (MahaAgX),Pomegranate Paddy Wheat Rabi Jowar Bajra Pulses - Research Recommendations 2018,pomegranate; paddy; wheat; jowar; bajra; pulses; agriculture,Maharashtra,Mahatma Phule Krishi Vidyapeeth Rahuri,Agriculture,doc,RESTRICTED,2026-06-10T22:50:14+0530,d76e771e-b0a7-4c3c-a4dc-9d1dbc1ed9fe
Agriculture & Allied,Horticulture,Maharashtra (MahaAgX),"Pomegranate, Paddy, Wheat, Rabi Jowar, Bajra, Pulses Impact Studies - Research Recommendations 2018",pomegranate; paddy; wheat; jowar; bajra; pulses; agriculture,Maharashtra,Mahatma Phule Krishi Vidyapeeth Rahuri,Agriculture,doc,RESTRICTED,2026-06-10T23:57:17+0530,ee40b5f8-bdbd-47f5-b740-0aa1e2f6449e
Agriculture & Allied,Horticulture,Maharashtra (MahaAgX),Precision Irrigation and Fertigation Management in Cabbage,cabbage; irrigation; fertigation; precision; yield; water; maharashtra; vnmkv,Maharashtra,Vasantrao Naik Marathwada Krishi Vidyapeeth Parbhani,Agriculture,pdf,OPEN,2026-02-16T03:28:12+0530,5eed8704-6ca8-4616-9bd1-67c9dc23554e
Agriculture & Allied,Horticulture,Maharashtra (MahaAgX),Process Development Of Betel Vine Extract And Guava Pulp Added Instant Ice Cream,betel; guava; icecream; dairy; process,Maharashtra,Mahatma Phule Krishi Vidyapeeth Rahuri,Agriculture,doc,RESTRICTED,2026-06-10T22:57:50+0530,95f11e54-a818-412f-b40a-5bf1c8763529
Agriculture & Allied,Horticulture,Maharashtra (MahaAgX),"Process Development Of Mango, Banana, Jackfruit, Sapota And Custard Apple Pulp Added Instant Ice Cream",mango; banana; jackfruit; sapota; custardapple; icecream; dairy,Maharashtra,Mahatma Phule Krishi Vidyapeeth Rahuri,Agriculture,doc,RESTRICTED,2026-06-10T22:58:32+0530,38b4f740-e87a-456f-90bd-206366b750bc
Agriculture & Allied,Horticulture,Maharashtra (MahaAgX),"Production And Marketing Management Of Hi-Tech Floriculture - Chintamani Project, Pune",floriculture; cutflowers; polyhouse; production; marketing,Maharashtra,Mahatma Phule Krishi Vidyapeeth Rahuri,Agriculture,doc,RESTRICTED,2026-06-11T00:51:21+0530,67cf0b3a-365b-45b0-8a94-ae8ef4f64f56
Agriculture & Allied,Horticulture,Maharashtra (MahaAgX),Production and Marketing Management of Hi-tech Floriculture-a Case Study of Chintamani Floriculture Project in Pune District,floriculture; marketing; management; economics; hitech; flowers; greenhouse; mpkv,Maharashtra,Mahatma Phule Krishi Vidyapeeth Rahuri,Agriculture,docx,OPEN,2026-02-16T01:04:51+0530,5caae120-98ce-4fe2-9ef5-5cd5ea109788
Agriculture & Allied,Horticulture,Maharashtra (MahaAgX),"Raw Material Availability, Cost Reduction, Product Popularization - Research Recommendations 2007",foodprocessing; fruits; vegetables; procurement; distribution; cost; management,Maharashtra,Mahatma Phule Krishi Vidyapeeth Rahuri,Agriculture,pdf,RESTRICTED,2026-06-11T00:49:55+0530,5184f705-d559-4f5f-8272-8411c76359a4
Agriculture & Allied,Horticulture,Maharashtra (MahaAgX),Recommendations on Muskmelon - Research Recommendations 2023,muskmelon; horticulture; agriculture; cultivation; agronomy; yield,Maharashtra,Mahatma Phule Krishi Vidyapeeth Rahuri,Horticulture,docx,RESTRICTED,2026-06-06T18:53:19+0530,c66632ac-c135-4d14-a1a3-51f5ea8ab4f7
Agriculture & Allied,Horticulture,Maharashtra (MahaAgX),Red Cabbage Cultivation Under 35 Shade With 90 Etc Irrigation And 100 Rdf Fertigation,cabbage; shading; irrigation; fertigation; drip; yield; economics,Maharashtra,Mahatma Phule Krishi Vidyapeeth Rahuri,Agriculture,docx,RESTRICTED,2026-06-11T07:18:28+0530,2cc0608b-733c-47fb-a16e-df48c4c952dc
Agriculture & Allied,Horticulture,Maharashtra (MahaAgX),Regularization of Mrug Bahar in Mandarin,mandarin; mrug-bahar; ethephon; naa; citrus; flowering; akola; pdkv,Maharashtra,Dr. Panjabrao Deshmukh Krishi Vidyapeeth Akola,Agriculture,docx,RESTRICTED,2026-02-16T04:29:10+0530,bbc2bd1d-0409-4680-9c05-bf55d74de8f8
Agriculture & Allied,Horticulture,Maharashtra (MahaAgX),Release Proposal For Okra Dpl Ok-11,okra; variety; yield; yvmv; konkan; horticulture; breeding,Maharashtra,Dr. Balasaheb Sawant Konkan Krishi Vidyapeeth Dapoli,Agriculture,pdf,RESTRICTED,2026-06-03T11:30:24+0530,db5832fe-92bd-4ad5-af8d-81713bf5262f
Agriculture & Allied,Horticulture,Maharashtra (MahaAgX),Release Proposal of Akola Lime 3pdkv Trupti,acid-lime; pdkv-trupti; variety-release; pickle-type; horticulture; citrus; vidarbha; pdkv,Maharashtra,Dr. Panjabrao Deshmukh Krishi Vidyapeeth Akola,Agriculture,docx,RESTRICTED,2026-02-16T04:32:34+0530,dc2140b6-4128-406c-966c-b921ac18715c
Agriculture & Allied,Horticulture,Maharashtra (MahaAgX),Release Proposal Of Annual Chrysanthemum (Pdkv Bijli Super),chrysanthemum; horticulture; yield; variety; pest,Maharashtra,Dr. Panjabrao Deshmukh Krishi Vidyapeeth Akola,Agriculture,"docx, xlsx",RESTRICTED,2026-06-09T06:34:29+0530,778203eb-df7c-4a94-b70f-1d252660363e
Agriculture & Allied,Horticulture,Maharashtra (MahaAgX),Release Proposal of Cowpea Genotype Cpb 2201,cowpea; cpb 2201; variety release; maharashtra; pulse productivity; high protein; vegetable crop; vnmkv,Maharashtra,Vasantrao Naik Marathwada Krishi Vidyapeeth Parbhani,Agriculture,docx,OPEN,2026-02-16T03:23:49+0530,554a3cb3-81ed-45da-978d-f87809cf950b
Agriculture & Allied,Horticulture,Maharashtra (MahaAgX),Release Proposal Of Gladiolus Genotype Ng-6,gladiolus; cutflower; horticulture; breeding; genotype; yield; export,Maharashtra,Dr. Panjabrao Deshmukh Krishi Vidyapeeth Akola,Agriculture,pdf,RESTRICTED,2026-06-09T06:27:35+0530,a03d440e-32bc-4053-bbd4-cb9aacc503b8
Agriculture & Allied,Horticulture,Maharashtra (MahaAgX),Release Proposal of Pdkv Bahar (clone 2) Acid Lime,acid-lime; pdkv-bahar; variety-release; horticulture; citrus; yield; akola; pdkv,Maharashtra,Dr. Panjabrao Deshmukh Krishi Vidyapeeth Akola,Agriculture,docx,RESTRICTED,2026-02-18T05:03:58+0530,d5a61882-2d5c-44a0-97c7-65567451dbe0
Agriculture & Allied,Horticulture,Maharashtra (MahaAgX),Release Proposal of Pdkv Mandarin 5,nagpur-mandarin; pdkv-mandarin-5; variety-release; horticulture; citrus; yield; vidarbha; pdkv,Maharashtra,Dr. Panjabrao Deshmukh Krishi Vidyapeeth Akola,Agriculture,docx,RESTRICTED,2026-02-16T04:32:28+0530,eac59d66-fcd9-4950-b58e-3cb1a8ace80c
Agriculture & Allied,Horticulture,Maharashtra (MahaAgX),Report of the Research Work Done During the Academic Year 2017-18 (agresco),pectin; soybean; date-mango; leather; rabri; basundi; food technology; vnmkv,Maharashtra,Vasantrao Naik Marathwada Krishi Vidyapeeth Parbhani,Agriculture,pdf,OPEN,2026-02-16T03:38:58+0530,29dd6bcf-5b3b-45da-95d8-27017e92464c
Agriculture & Allied,Horticulture,Maharashtra (MahaAgX),Report of the Research Work Done During the Academic Year 2018-19 (agresco),noodles; fenugreek; watermelon; jamun; bar; processing; standardization; vnmkv,Maharashtra,Vasantrao Naik Marathwada Krishi Vidyapeeth Parbhani,Agriculture,pdf,OPEN,2026-02-16T03:39:06+0530,3675b750-db4b-46ee-9f60-16572dacfe26
Agriculture & Allied,Horticulture,Maharashtra (MahaAgX),Report of the Research Work Done During the Academic Year 2019-20 (agresco),sesame; flaxseed; chikki; tomato powder; drying methods; nutra-snack; shelf-life; vnmkv,Maharashtra,Vasantrao Naik Marathwada Krishi Vidyapeeth Parbhani,Agriculture,docx,OPEN,2026-02-16T03:42:11+0530,6c21ff23-2800-4979-b4e8-6c8b5c820b4a
Agriculture & Allied,Horticulture,Maharashtra (MahaAgX),Report of the Research Work Done During the Academic Year 2023-24 (agresco),mahua flower; fruit bar; wheat varieties; karonda; rts beverage; value addition; squash; vnmkv,Maharashtra,Vasantrao Naik Marathwada Krishi Vidyapeeth Parbhani,Agriculture,pdf,OPEN,2026-02-16T03:42:37+0530,db4e6948-92d4-477c-add6-5182278a12ca
Agriculture & Allied,Horticulture,Maharashtra (MahaAgX),Response of Brinjal to Different Irrigation and Fertigation Levels,brinjal; irrigation; fertigation; yield; solstice; water; maharashtra; vnmkv,Maharashtra,Vasantrao Naik Marathwada Krishi Vidyapeeth Parbhani,Agriculture,pdf,OPEN,2026-02-16T03:27:18+0530,7be3bb4d-c15e-4ff7-b61d-cf690a6c0c0e
Agriculture & Allied,Horticulture,Maharashtra (MahaAgX),Response Of Different Iba Concentrations On Sprouting And Rooting Of Croton Cuttings,horticulture; floriculture; research; recommendations; agriculture,Maharashtra,Dr. Panjabrao Deshmukh Krishi Vidyapeeth Akola,Agriculture,doc,RESTRICTED,2026-06-09T06:33:01+0530,e1ccf48d-8a6f-48ac-9465-fc2e29948f48
Agriculture & Allied,Horticulture,Maharashtra (MahaAgX),Response of Drip Irrigated Tomato to Different Levels of Irrigation and Mulches,tomato; irrigation; mulch; yield; water; drip; maharashtra; vnmkv,Maharashtra,Vasantrao Naik Marathwada Krishi Vidyapeeth Parbhani,Agriculture,pdf,OPEN,2026-02-16T03:28:23+0530,16e17278-a420-4179-8101-b97883b9e74d
Agriculture & Allied,Horticulture,Maharashtra (MahaAgX),Response of Irrigation Levels and Mulches to Summer Okra,okra; irrigation; mulch; yield; summer; drip; maharashtra; vnmkv,Maharashtra,Vasantrao Naik Marathwada Krishi Vidyapeeth Parbhani,Agriculture,pdf,OPEN,2026-02-16T03:28:17+0530,33729539-dd07-4deb-a457-cecbb9acf57b
Agriculture & Allied,Horticulture,Maharashtra (MahaAgX),Response Of Red Cabbage To Different Irrigation And Fertigation Levels Under Polyhouse,cabbage; polyhouse; irrigation; fertigation; yield,Maharashtra,Mahatma Phule Krishi Vidyapeeth Rahuri,Agriculture,docx,RESTRICTED,2026-06-11T07:18:52+0530,9946f9e3-963c-408f-af36-3c0c8639d9ff
Agriculture & Allied,Horticulture,Maharashtra (MahaAgX),Response Of Tomato Solanum Lycopersicum L Grafted On Tomato Rootstock For Growth Yield And Quality,tomato; grafting; rootstock; yield; quality,Maharashtra,Mahatma Phule Krishi Vidyapeeth Rahuri,Agriculture,docx,RESTRICTED,2026-06-10T23:26:08+0530,d8d06c0f-873a-4553-b2b9-8b6840ecf502
Agriculture & Allied,Horticulture,Maharashtra (MahaAgX),Response of Tomato to Different Irrigation and Fertigation Levels under Polyhouse,tomato; irrigation; fertigation; polyhouse; horticulture; engineering,Maharashtra,Mahatma Phule Krishi Vidyapeeth Rahuri,Agriculture,docx,RESTRICTED,2026-06-08T12:14:05+0530,b0da11b9-0277-4440-94d6-907dea862698
Agriculture & Allied,Horticulture,Maharashtra (MahaAgX),Response Of Tomato To Different Shading Percentages And Irrigation Levels Under Shade House Condition,tomato; shading; irrigation; yield; economics,Maharashtra,Mahatma Phule Krishi Vidyapeeth Rahuri,Agriculture,docx,RESTRICTED,2026-06-11T07:07:29+0530,275f9d83-6534-4067-89ad-8645f0ab894a
Agriculture & Allied,Horticulture,Maharashtra (MahaAgX),Response Of Tomato To Synthetic Colour Mulches In Conjunction With Drip Irrigation Levels,tomato; mulches; irrigation; yield; water,Maharashtra,Mahatma Phule Krishi Vidyapeeth Rahuri,Agriculture,docx,RESTRICTED,2026-06-11T07:06:50+0530,9da3831b-977f-4c13-8ab9-be800f55f3bb
Agriculture & Allied,Horticulture,Maharashtra (MahaAgX),Response of Watermelon Grafted on Various Rootstocks - Research Recommendations 2024,watermelon; grafting; rootstock; horticulture; agriculture; yield,Maharashtra,Mahatma Phule Krishi Vidyapeeth Rahuri,Agriculture,docx,RESTRICTED,2026-06-08T12:20:40+0530,c8764389-075d-4818-b686-a347f9b39f0d
Agriculture & Allied,Horticulture,Maharashtra (MahaAgX),Screening of Promising Rootstocks Against Phytophthora Root Rot in Citrus,citrus; rootstock; phytophthora; disease-resistance; alemow; plant-pathology; akola; pdkv,Maharashtra,Dr. Panjabrao Deshmukh Krishi Vidyapeeth Akola,Agriculture,docx,RESTRICTED,2026-02-16T04:29:15+0530,dfd618a3-9654-40b2-806a-c6608f640d4b
Agriculture & Allied,Horticulture,Maharashtra (MahaAgX),Selection-22324 Anardana - Research Recommendations 2015,pomegranate; anardana; acidic; variety; selection; yield; fruit,Maharashtra,Mahatma Phule Krishi Vidyapeeth Rahuri,Agriculture,doc,RESTRICTED,2026-06-11T00:26:50+0530,e6bcd47d-fab9-44f5-ab67-1f8afa61d98b
Agriculture & Allied,Horticulture,Maharashtra (MahaAgX),"Sex Detection Of Kokum (Garcinia Indica Choisy, Dupetit-Thouars) At Seedling Stage Through Molecular Marker",sex; kokum; garcinia; marker; rapd; horticulture,Maharashtra,Dr. Balasaheb Sawant Konkan Krishi Vidyapeeth Dapoli,Agriculture,pdf,RESTRICTED,2026-06-02T17:12:00+0530,18eaf1b9-59d1-42b6-ac4d-11a40932a1af
Agriculture & Allied,Horticulture,Maharashtra (MahaAgX),Solapur Anardana Release Recommendation,pomegranate; anardana; variety; yield; nutrition; agriculture,Maharashtra,Mahatma Phule Krishi Vidyapeeth Rahuri,Agriculture,docx,RESTRICTED,2026-06-10T22:24:05+0530,4efc452a-4df7-478a-9e17-4955ab0742ed
Agriculture & Allied,Horticulture,Maharashtra (MahaAgX),Sowing Rabi Okra In 42 Mw (1521 Oct) With 20 Tha Fym For Higher Yield And Returns,okra; rabi; sowing; potassium; yield,Maharashtra,Mahatma Phule Krishi Vidyapeeth Rahuri,Agriculture,docx,RESTRICTED,2026-06-11T00:01:39+0530,61663da2-5019-4258-ab85-b0bbdb3d480e
Agriculture & Allied,Horticulture,Maharashtra (MahaAgX),"Standadization Of N,P,K Doses For Spider Lily",horticulture; floriculture; research; recommendations; 2025,Maharashtra,Dr. Panjabrao Deshmukh Krishi Vidyapeeth Akola,Agriculture,doc,RESTRICTED,2026-06-09T06:32:25+0530,799f9389-1b9c-4ef4-96e7-72a85b5f6baf
Agriculture & Allied,Horticulture,Maharashtra (MahaAgX),Standardization Of Cost Effective Ripening Technology For Banana,banana; ripening; ethylene; costeffective; horticulture,Maharashtra,Mahatma Phule Krishi Vidyapeeth Rahuri,Agriculture,doc,RESTRICTED,2026-06-11T07:40:32+0530,9726050b-ac2e-44b9-a245-9eb63bb45bb3
Agriculture & Allied,Horticulture,Maharashtra (MahaAgX),Standardization Of In-Vitro Regeneration Protocol On Local Cultivar Red Banana (Musa Acuminata),banana; tissueculture; micropropagation; regeneration; invitro; protocol,Maharashtra,Dr. Balasaheb Sawant Konkan Krishi Vidyapeeth Dapoli,Agriculture,pdf,RESTRICTED,2026-06-02T17:49:05+0530,b73e81b0-1979-48e1-83d9-c7d6bf233212
Agriculture & Allied,Horticulture,Maharashtra (MahaAgX),Standardization of Nursery Raising Techniques of Acid Lime,acid-lime; nursery; seedling; horticulture; germination; propagation; akola; pdkv,Maharashtra,Dr. Panjabrao Deshmukh Krishi Vidyapeeth Akola,Agriculture,docx,RESTRICTED,2026-02-16T04:32:38+0530,75bbdc93-3b1e-4653-b6de-083a1b78fb79
Agriculture & Allied,Horticulture,Maharashtra (MahaAgX),Standardization Of Stage Of Harvesting Of Tender Jackfruit (Artocarpus Heterophyllus L) For Vegetable Purpose,jackfruit; harvest; vegetable; physiochemical; standardization,Maharashtra,Dr. Balasaheb Sawant Konkan Krishi Vidyapeeth Dapoli,Agriculture,pdf,RESTRICTED,2026-06-03T13:20:34+0530,2d8e0f69-eb00-4690-836c-45317e1c9738
Agriculture & Allied,Horticulture,Maharashtra (MahaAgX),Studies On Banana Bunch Improvement Through Supplementation Of Foliar Spray Of Potassium,banana; potassium; foliar; spray; yield; economics,Maharashtra,Mahatma Phule Krishi Vidyapeeth Rahuri,Agriculture,doc,RESTRICTED,2026-06-11T07:38:58+0530,65ef851a-a338-4827-960a-6baef89e5c84
Agriculture & Allied,Horticulture,Maharashtra (MahaAgX),Studies On Development of Fenugreek Puree Noodles,fenugreek puree; noodles; functional food; fortification; cooking quality; nutritional profile; dietary fiber; food technology; vegetable incorporation; vnmkv,Maharashtra,Vasantrao Naik Marathwada Krishi Vidyapeeth Parbhani,Agriculture,pdf,OPEN,2026-02-16T03:26:38+0530,ee2817c6-1847-46a5-81b1-dab058dc8929
Agriculture & Allied,Horticulture,Maharashtra (MahaAgX),Studies On Effect Of Fruit Bagging On Quality Of Mango CV Kesar,mango; bagging; fruit; quality; horticulture,Maharashtra,Mahatma Phule Krishi Vidyapeeth Rahuri,Agriculture,docx,RESTRICTED,2026-06-10T22:26:53+0530,efe4b7d2-d151-473f-8de0-a518e334008a
Agriculture & Allied,Horticulture,Maharashtra (MahaAgX),Studies On Effect of Irrigation and Fertigation Levels On Yield and Economics of Drip-irrigated Banana,banana; irrigation; fertigation; yield; economics; drip; maharashtra; vnmkv,Maharashtra,Vasantrao Naik Marathwada Krishi Vidyapeeth Parbhani,Agriculture,pdf,OPEN,2026-02-16T03:29:24+0530,7cd465b0-59e8-49a9-8a77-f4081ffa7659
Agriculture & Allied,Horticulture,Maharashtra (MahaAgX),Studies On Effective Supply Chain Of Coriander (Coriandrum Sativum L),coriander; supplychain; packaging; shelflife; storage; postharvest; horticulture,Maharashtra,Mahatma Phule Krishi Vidyapeeth Rahuri,Agriculture,doc,RESTRICTED,2026-06-10T22:11:56+0530,b79eeb1d-103b-4022-90cf-14838e0fc929
Agriculture & Allied,Horticulture,Maharashtra (MahaAgX),Studies On Effective Supply Chain Of Okra - Research Recommendations 2014,okra; supplychain; packaging; storage; shelflife,Maharashtra,Mahatma Phule Krishi Vidyapeeth Rahuri,Agriculture,doc,RESTRICTED,2026-06-10T22:11:04+0530,d25436e5-db0a-4fb2-93a8-e360b2d3387b
Agriculture & Allied,Horticulture,Maharashtra (MahaAgX),Studies On Improvement Of Shelf Life Of Custard Apple (Annona Squamosa L) Fruits,custardapple; shelflife; coating; packaging; ethylene; postharvest; fruit,Maharashtra,Mahatma Phule Krishi Vidyapeeth Rahuri,Agriculture,doc,RESTRICTED,2026-06-10T22:10:26+0530,680949a2-a6c5-4c5a-8e0c-29c923a96f03
Agriculture & Allied,Horticulture,Maharashtra (MahaAgX),Studies On Processing Technology of Fruit Leather,fruit leather; fruit pulp; dehydration; snack food; physicochemical properties; sensory characteristics; shelf life; processing technology; vnmkv,Maharashtra,Vasantrao Naik Marathwada Krishi Vidyapeeth Parbhani,Agriculture,pdf,OPEN,2026-02-16T03:26:12+0530,1ab228b0-f84b-40ed-95c1-5caecb02ecdf
Agriculture & Allied,Horticulture,Maharashtra (MahaAgX),Studies On Utilization of Paneer Doda (withania Coagulans) Fruit Extract as Anti-diabetic in Carbonated Beverage,paneer doda; withania coagulans; carbonated beverage; anti-diabetic; functional food; fruit extract; hypoglycemic effect; beverage technology; vnmkv,Maharashtra,Vasantrao Naik Marathwada Krishi Vidyapeeth Parbhani,Agriculture,pdf,OPEN,2026-02-16T03:26:31+0530,884fc7ca-a040-4193-965e-a8731da156f4
Agriculture & Allied,Horticulture,Maharashtra (MahaAgX),Studies On Utilization of Paneer Doda (withania Coagulans) Fruit Extract as Antidiabetic in Carbonated Beverage,withania; antidiabetic; beverage; sweetener; functional; extraction; alkaloid; vnmkv,Maharashtra,Vasantrao Naik Marathwada Krishi Vidyapeeth Parbhani,Agriculture,docx,OPEN,2026-02-16T03:38:21+0530,701d7dbf-eac0-4896-b4ea-36bcf04e0611
Agriculture & Allied,Horticulture,Maharashtra (MahaAgX),Study Of Different Tree Cover On Pomegranate Crop - Research Recommendations 2024,pomegranate; shade; polymer; yield; pest,Maharashtra,Mahatma Phule Krishi Vidyapeeth Rahuri,Agriculture,docx,RESTRICTED,2026-06-10T23:23:26+0530,e7e65f58-3dcb-4549-a035-0fb6c28a8a88
Agriculture & Allied,Horticulture,Maharashtra (MahaAgX),Study Of Planting Systems In Banana - Research Recommendations 2020,banana; planting; spacing; yield; economics; horticulture,Maharashtra,Mahatma Phule Krishi Vidyapeeth Rahuri,Agriculture,doc,RESTRICTED,2026-06-11T07:39:50+0530,84acf896-9285-41ef-98e5-6c89c43634e5
Agriculture & Allied,Horticulture,Maharashtra (MahaAgX),Summer Muskmelon Planting Under Red Shade Net House - Research Recommendations 2017,muskmelon; shadingnet; dripirrigation; mulch; wateruseefficiency,Maharashtra,Mahatma Phule Krishi Vidyapeeth Rahuri,Agriculture,docx,RESTRICTED,2026-06-11T07:12:32+0530,ebcb253d-315c-4876-8c3b-24a283e8ff4d
Agriculture & Allied,Horticulture,Maharashtra (MahaAgX),Tomato Grafted On Brinjal Rootstock For Growth And Yield,tomato; brinjal; grafting; yield; disease,Maharashtra,Mahatma Phule Krishi Vidyapeeth Rahuri,Agriculture,docx,RESTRICTED,2026-06-10T22:25:13+0530,15079d61-5f1f-4967-bca8-b2450af1b508
Agriculture & Allied,Horticulture,Maharashtra (MahaAgX),Total Beetroot Data,horticulture; vegetable; research; recommendations; 2022,Maharashtra,Dr. Panjabrao Deshmukh Krishi Vidyapeeth Akola,Agriculture,"doc, pdf",RESTRICTED,2026-06-09T06:47:06+0530,8a93c854-2f4e-475d-9ca9-3bf7abac0481
Agriculture & Allied,Horticulture,Maharashtra (MahaAgX),Tractor Operated Orchard Grass Cutter,orchard; grass; cutter; tractor; agriculture,Maharashtra,Mahatma Phule Krishi Vidyapeeth Rahuri,Agriculture,docx,RESTRICTED,2026-06-11T00:22:36+0530,3930a891-04d9-40f8-b0af-1fff18370a2d
Agriculture & Allied,Horticulture,Maharashtra (MahaAgX),Turmeric Intercrop Data,horticulture; vegetable; research; recommendations; 2023; 2024,Maharashtra,Dr. Panjabrao Deshmukh Krishi Vidyapeeth Akola,Agriculture,xlsx,RESTRICTED,2026-06-09T06:48:10+0530,24dee080-4a18-4c58-aecc-b8b3a8232c95
Agriculture & Allied,Horticulture,Maharashtra (MahaAgX),Ultra High Density Planting Of Mango Cv Kesar - Research Recommendations 2024,mango; density; planting; paclobutrazol; yield,Maharashtra,Mahatma Phule Krishi Vidyapeeth Rahuri,Agriculture,docx,RESTRICTED,2026-06-10T23:24:50+0530,744793f5-7280-4c19-9a6d-ab79a85dade5
Agriculture & Allied,Horticulture,Maharashtra (MahaAgX),"Value Added Products, Polyhouse Capsicum, Gerbera, Salad Vegetables - Research Recommendations 2018",valueadded; polyhouse; capsicum; gerbera; salad,Maharashtra,Mahatma Phule Krishi Vidyapeeth Rahuri,Agriculture,doc,RESTRICTED,2026-06-10T21:36:34+0530,c4bd3504-bbb7-4203-b528-312056a423b8
Agriculture & Allied,Horticulture,Maharashtra (MahaAgX),Vnmkv Bbtv-array Molecular Detection Kit for Banana Bunchy Top Virus,banana; banana bunchy top virus; bbtv; molecular detection; fluorescent probe; tissue culture; diagnostics; biotechnology; vnmkv,Maharashtra,Vasantrao Naik Marathwada Krishi Vidyapeeth Parbhani,Agriculture,docx,OPEN,2026-02-16T03:24:00+0530,3219c2d0-83a3-4174-af35-1abbf817edc9
Agriculture & Allied,Horticulture,Maharashtra (MahaAgX),Vnmkv Xap-detect Kit for Molecular Detection of Oily Spot Pathogen in Pomegranate,pomegranate; oily spot disease; xanthomonas axonopodis pv. punicae; molecular detection; fluorescence-based kit; diagnostics; biotechnology; vnmkv,Maharashtra,Vasantrao Naik Marathwada Krishi Vidyapeeth Parbhani,Agriculture,docx,OPEN,2026-02-16T03:23:54+0530,cdcc83a8-ef7f-4b12-8bc4-583f7e4a350a
Agriculture & Allied,Horticulture,Maharashtra (MahaAgX),Vnmkv-bsv-detect Assay for Banana Streak Virus,banana; banana streak virus; bsv; real-time pcr; molecular detection; tissue culture; diagnostics; biotechnology; vnmkv,Maharashtra,Vasantrao Naik Marathwada Krishi Vidyapeeth Parbhani,Agriculture,docx,OPEN,2026-02-16T03:24:05+0530,922943c9-9551-49f4-8ced-8b46777cad00
Agriculture & Allied,Horticulture,Maharashtra (MahaAgX),"Water Requirement and Irrigation Efficiency Analysis for Tomato Cultivation in Ahilyanagar and Akole Talukas, Maharashtra",tomato; water; irrigation; efficiency; maharashtra; crop; cf,Maharashtra,Mahatma Phule Krishi Vidyapeeth Rahuri,Agriculture,xlsx,RESTRICTED,2026-05-22T09:07:29+0530,a730fba6-0aab-4998-b8eb-1e38323ced49
Agriculture & Allied,Horticulture,Maharashtra (MahaAgX),"Weekly Crop Evapotranspiration And Irrigation Scheduling For Groundnut And Brinjal At Mpkv, Rahuri",groundnut; brinjal; evapotranspiration; irrigation; gis,Maharashtra,Mahatma Phule Krishi Vidyapeeth Rahuri,Agriculture,docx,RESTRICTED,2026-06-11T07:25:16+0530,6a6d3822-4c7d-49a1-9e20-7c610815ccb3
Agriculture & Allied,Horticulture,Maharashtra (MahaAgX),"Weekly Crop Evapotranspiration Estimation For Tomato Irrigation Scheduling In Mpkv, Rahuri",tomato; evapotranspiration; irrigation; watermanagement; agriculture,Maharashtra,Mahatma Phule Krishi Vidyapeeth Rahuri,Agriculture,docx,RESTRICTED,2026-06-11T07:12:58+0530,2c7c2aa1-24e4-45d7-aa3c-448823a1e0e2
Agriculture & Allied,Horticulture,Telangana (TGDeX),"Telangana Horticulture Cultivation, Crop Yield, and District Information",Land; Crop Type; Horticulture,Telangana,ADeX,Agriculture & Farming,API,RESTRICTED,2025-07-01T08:08:01+0530,cdddc9fb-c663-4eeb-9df0-6839b5cfee28
Agriculture & Allied,Irrigation & water management,Geospatial (DX GeoSpatial),Irrigation Data of Andhra Pradesh,agriculture; geospatial; hydrography; physical infrastructure; lake; conservation; river; pond; dronagiri; land cover and land use; irrigation; water; vizianagaram; andhra pradesh; nwic; dam; reservoir; canal; command area; barrages,"Andhra Pradesh, India",,,,,2024-11-12T07:45:08+0530,b5154eb7-458c-4505-9f50-47ae6f45e5f6
Agriculture & Allied,Irrigation & water management,Geospatial (DX GeoSpatial),Irrigation Data of Haryana,geospatial; nwic; sonipat; gurgaon; gurugram; haryana; irrigation; agriculture; land cover and land use; water; dronagiri; physical infrastructure,"Sonipat, Haryana, India",,,,,2024-11-12T07:10:19+0530,d1fee8d1-6328-4b5f-903d-a6a8feb2241d
Agriculture & Allied,Irrigation & water management,Geospatial (DX GeoSpatial),Irrigation Data of Maharashtra,agriculture; geospatial; hydrography; physical infrastructure; conservation; river; dronagiri; land cover and land use; water; irrigation; nwic; washim; maharashtra,"Maharashtra, India",,,,,2024-11-12T06:01:39+0530,b9d3c261-6eb0-432f-8951-dc4af413018b
Agriculture & Allied,Irrigation & water management,Geospatial (DX GeoSpatial),Irrigation Data of Sonipat,canal; waterway; hydrology; infrastructure; irrigation; transportation; geography; sonipat; spatial; dronagiri; physical infrastructure; water; geospatial; agriculture; livelihoods and financial inclusion,"Sonipat, Haryana, India",,,,,2025-01-15T09:53:58+0530,83499d3c-81a9-41ec-9a7f-122ce2a8e032
Agriculture & Allied,Irrigation & water management,Geospatial (DX GeoSpatial),Irrigation Data of Uttar Pradesh,agriculture; geospatial; uttar pradesh; up; dronagiri; water.; land cover and land use; physical infrastructure; nwic; irrigation; varanasi,"Varanasi, Uttar Pradesh, India",,,,,2024-11-12T07:27:38+0530,0a9d3210-c427-44fa-801e-655fd31a596f
Agriculture & Allied,Irrigation & water management,Geospatial (DX GeoSpatial),Irrigation Data of Varanasi,canal; waterway; hydrology; infrastructure; irrigation; transportation; geography; varanasi; spatial; dronagiri; physical infrastructure; water; geospatial; agriculture; livelihoods and skilling,"Varanasi, Uttar Pradesh, India",,,,,2024-11-12T12:19:04+0530,2c816f7a-63e5-45dc-991f-f805d4c1ee57
Agriculture & Allied,Irrigation & water management,Geospatial (DX GeoSpatial),"Mandal Wise Seasonal Crop Irrigation Source, Vizianagaram, Andhra Pradesh",geospatial; dronagiri; vizianagaram; andhra Pradesh; crop; kharif; rabi; irrigation; crop irrigation; source area; well; pumpset; project; project irrigation; agriculture; livelihoods & skilling; environment; tank; land parcels; tube well; maldal; ground water; mandalwise; mandal wise; large; small; medium; lift irrigation; minor projects; major projects; dig wells; other surface irrigation; agriculture; livelihoods & skilling,"Vizianagaram, Andhra Pradesh",,,,,2025-08-07T01:18:49+0530,ff91b81f-0190-4107-b7d8-d84720f7c8d5
Agriculture & Allied,Irrigation & water management,Geospatial (DX GeoSpatial),"Polygon features at 50K scale, Varanasi, Uttar Pradesh",survey of india; geographic information; varanasi; hydrology; survey; physical infrastructure; water tank; water storage; water; geospatial; irrigation; agriculture; dronagiri,"Varanasi, Uttar Pradesh, India",,,,,2025-07-29T01:44:06+0530,0af4db5a-e5c0-443f-b284-441364d5e533
Agriculture & Allied,Irrigation & water management,Maharashtra (MahaAgX),Agristack National Registry of Irrigation Methods,irrigation-methods; flooding; surface-irrigation; maharashtra; lgd-codes; vernacular-names; classification-master; national-registry,Maharashtra,"Agristack Ministry of Agriculture and Farmer Welfare, Government of India",Agriculture,JSON,RESTRICTED,2026-02-15T04:02:56+0530,a943f18e-4763-4a82-8fc6-079782e14279
Agriculture & Allied,Irrigation & water management,Maharashtra (MahaAgX),Agristack National Registry of Irrigation Sources,irrigation; water-resources; canal; maharashtra; lgd-codes; vernacular-data; classification-master; national-registry,Maharashtra,"Agristack Ministry of Agriculture and Farmer Welfare, Government of India",Agriculture,JSON,RESTRICTED,2026-02-15T03:58:55+0530,11313daf-3cf8-42c2-8c68-6be962e90349
Agriculture & Allied,Irrigation & water management,Maharashtra (MahaAgX),Assessment of Integrated Management Technologies in Bt-cotton Under Drip Irrigation,cotton; irrigation; fertilizer; agronomy; productivity; mulch; economics; vnmkv,Maharashtra,Vasantrao Naik Marathwada Krishi Vidyapeeth Parbhani,Agriculture,pdf,OPEN,2026-02-16T03:34:11+0530,4643154b-2c1e-42c4-aa5f-3f12fe2b377c
Agriculture & Allied,Irrigation & water management,Maharashtra (MahaAgX),Assessment of Irrigation Water Requirements for Cotton in Maharashtra across Crop Phases and Drip Efficiency Levels,cotton; irrigation; water; efficiency; agriculture; maharashtra; data,Maharashtra,Mahatma Phule Krishi Vidyapeeth Rahuri,Agriculture,xlsx,RESTRICTED,2026-05-22T09:30:25+0530,0c498255-4072-4754-b8d4-72ce0d7c2ea7
Agriculture & Allied,Irrigation & water management,Maharashtra (MahaAgX),"Assessment of Safflower Irrigation Water Requirements in Ahilyanagar District, Maharashtra under Varying Drip Efficiency Levels",safflower; irrigation; water; drip; efficiency; agriculture; maharashtra,Maharashtra,Mahatma Phule Krishi Vidyapeeth Rahuri,Agriculture,xlsx,RESTRICTED,2026-05-22T09:54:32+0530,edb90260-2831-4dab-8e24-7b42a45a37d2
Agriculture & Allied,Irrigation & water management,Maharashtra (MahaAgX),"Assessment of Water Requirement and Irrigation Efficiency for Gram Cultivation in Ahilyanagar and Akole Districts, Maharashtra",water; irrigation; crop; efficiency; drip; maharashtra; gram,Maharashtra,Mahatma Phule Krishi Vidyapeeth Rahuri,Agriculture,xlsx,RESTRICTED,2026-05-22T09:45:40+0530,212b7815-2f5b-40a0-bae6-968597979fab
Agriculture & Allied,Irrigation & water management,Maharashtra (MahaAgX),Assessment of Water Requirement and Irrigation Efficiency for Soybean Cultivation in Maharashtra Districts,soybean; water; irrigation; efficiency; maharashtra; agriculture; crop,Maharashtra,Mahatma Phule Krishi Vidyapeeth Rahuri,Agriculture,xlsx,RESTRICTED,2026-05-22T10:28:47+0530,d523e159-746b-44bd-a701-acbed155344e
Agriculture & Allied,Irrigation & water management,Maharashtra (MahaAgX),"Broccoli Response To Colour Shadenets, Irrigation And Fertigation Regimes In Rabi Season",broccoli; shade; irrigation; fertigation; rabi,Maharashtra,Mahatma Phule Krishi Vidyapeeth Rahuri,Agriculture,doc,RESTRICTED,2026-06-11T07:14:44+0530,d8bee663-0dc4-44e5-bdbc-e7ed3d94a9fe
Agriculture & Allied,Irrigation & water management,Maharashtra (MahaAgX),Canal Irrigation Schedule For Rabi Crops In Maharashtra,irrigation; canal; rabi; crops; maharashtra,Maharashtra,Mahatma Phule Krishi Vidyapeeth Rahuri,Agriculture,docx,RESTRICTED,2026-06-10T21:54:48+0530,3bdb3794-6536-459e-9abc-c7192cc82acf
Agriculture & Allied,Irrigation & water management,Maharashtra (MahaAgX),Chilli Hyperspectral Reflectance and Evapotranspiration Dataset,chilli; hyperspectral; evapotranspiration; crop stress; maharashtra,Maharashtra,Mahatma Phule Krishi Vidyapeeth Rahuri,Agriculture,xlsx,RESTRICTED,2026-05-21T15:45:56+0530,fc36b5fb-07aa-4544-9d54-895c0a880fb2
Agriculture & Allied,Irrigation & water management,Maharashtra (MahaAgX),Cotton Crop Evapotranspiration Estimation For Irrigation Scheduling In Mpkv Rahuri,cotton; evapotranspiration; irrigation; water; mapping,Maharashtra,Mahatma Phule Krishi Vidyapeeth Rahuri,Agriculture,docx,RESTRICTED,2026-06-11T07:13:25+0530,15b4a096-006e-443e-a9c5-1667964d4369
Agriculture & Allied,Irrigation & water management,Maharashtra (MahaAgX),"Crop Production Technology, Sugarcane Research, Drip Irrigation, And Cereals Input-Output Prices - Research Recommendations 2019",pulses; sugarcane; cotton; cereals; irrigation; economics,Maharashtra,Mahatma Phule Krishi Vidyapeeth Rahuri,Agriculture,doc,RESTRICTED,2026-06-10T21:32:21+0530,72bddb76-fce7-4078-8686-b9f1ae02883c
Agriculture & Allied,Irrigation & water management,Maharashtra (MahaAgX),Deficit Irrigation For Cotton (Bt) Crop Under Semi-Arid Condition,cotton; irrigation; deficit; water; yield,Maharashtra,Mahatma Phule Krishi Vidyapeeth Rahuri,Agriculture,docx,RESTRICTED,2026-06-11T07:21:48+0530,96264d8c-408a-4bef-ac36-735f96cf3d47
Agriculture & Allied,Irrigation & water management,Maharashtra (MahaAgX),Deficit Irrigation For Onion (Allium Cepa L) By Drip Method,onion; drip; irrigation; horticulture; economics,Maharashtra,Mahatma Phule Krishi Vidyapeeth Rahuri,Agriculture,docx,RESTRICTED,2026-06-11T07:03:32+0530,04a149e4-11b0-4c92-bc9f-6e33b17c67ba
Agriculture & Allied,Irrigation & water management,Maharashtra (MahaAgX),Deficit Irrigation For Rabi Potato Production Under Semi-Arid Conditions,potato; irrigation; deficit; yield; efficiency,Maharashtra,Mahatma Phule Krishi Vidyapeeth Rahuri,Agriculture,docx,RESTRICTED,2026-06-11T07:16:45+0530,6a8b6a10-97fb-40cd-abf8-f2564048733c
Agriculture & Allied,Irrigation & water management,Maharashtra (MahaAgX),Deficit Irrigation For Sugarcane Under Semi-Arid Conditions,sugarcane; irrigation; deficit; semiarid; yield,Maharashtra,Mahatma Phule Krishi Vidyapeeth Rahuri,Agriculture,docx,RESTRICTED,2026-06-11T07:15:35+0530,50acbc55-b738-48bb-a333-adfdf8c21106
Agriculture & Allied,Irrigation & water management,Maharashtra (MahaAgX),Deficit Irrigation For Wheat Production Under Semi-Arid Condition - Research Recommendations 2019,wheat; irrigation; deficit; semiarid; wateruse; crop,Maharashtra,Mahatma Phule Krishi Vidyapeeth Rahuri,Agriculture,docx,RESTRICTED,2026-06-11T07:20:44+0530,b8490383-db98-401a-9263-1bf7c8a80c2c
Agriculture & Allied,Irrigation & water management,Maharashtra (MahaAgX),Design and Develop Cost Effective Real Time Soil Moisture Based Automatic Irrigation System with GSM,irrigation; soilmoisture; automation; gsm; cabbage; costeffective,Maharashtra,Dr. Balasaheb Sawant Konkan Krishi Vidyapeeth Dapoli,Agriculture,pdf,RESTRICTED,2026-06-02T12:43:13+0530,8645c873-16a8-4af4-b193-bb7095a75cc4
Agriculture & Allied,Irrigation & water management,Maharashtra (MahaAgX),Development Of An Automatic Control System For The Fertigation Of Soilless Media Under Protected Cultivation,automation; fertigation; soilless; media; cultivation,Maharashtra,Dr. Balasaheb Sawant Konkan Krishi Vidyapeeth Dapoli,Agriculture,pdf,RESTRICTED,2026-06-02T15:27:50+0530,be4920d5-dcef-46cc-ad43-de433bae4244
Agriculture & Allied,Irrigation & water management,Maharashtra (MahaAgX),Development Of Mobile Application Phule Fertigation Scheduler For Scheduling Of Fertigation Of Different Crops,mobile; application; fertigation; scheduling; agriculture; irrigation; crop,Maharashtra,Mahatma Phule Krishi Vidyapeeth Rahuri,Agriculture,docx,RESTRICTED,2026-06-08T12:13:07+0530,4329b4f9-ce26-4cbd-b6e2-82fccd67d5fe
Agriculture & Allied,Irrigation & water management,Maharashtra (MahaAgX),Development Of Mobile Application Phule Jal For Estimation Of Reference Evapotranspiration,mobile; evapotranspiration; irrigation; agriculture; android,Maharashtra,Mahatma Phule Krishi Vidyapeeth Rahuri,Agriculture,docx,RESTRICTED,2026-06-11T06:59:32+0530,9b390b24-cb1c-4fef-acee-418cebb52ea7
Agriculture & Allied,Irrigation & water management,Maharashtra (MahaAgX),Development Of Web Based Application Phule Jal For Estimation Of Reference Evapotranspiration,evapotranspiration; irrigation; webapp; agriculture; climate,Maharashtra,Mahatma Phule Krishi Vidyapeeth Rahuri,Agriculture,docx,RESTRICTED,2026-06-11T07:11:33+0530,75a1616a-2264-43bd-800d-6b3de5f1ac8f
Agriculture & Allied,Irrigation & water management,Maharashtra (MahaAgX),Drip Irrigation with Raised Beds for Turmeric Production,turmeric; irrigation; drip; beds; yield; rhizome; water; vnmkv,Maharashtra,Vasantrao Naik Marathwada Krishi Vidyapeeth Parbhani,Agriculture,pdf,OPEN,2026-02-16T03:26:56+0530,219b6434-e2b1-435b-b041-9450da42a7b3
Agriculture & Allied,Irrigation & water management,Maharashtra (MahaAgX),Effect Different Mulches And Fertigation Scheduling On Yield And Quality Of Turmeric,horticulture; vegetable; research; recommendations; agriculture; study,Maharashtra,Dr. Panjabrao Deshmukh Krishi Vidyapeeth Akola,Agriculture,xlsx,RESTRICTED,2026-06-09T06:49:31+0530,d61ee477-8699-4e7a-bc08-710203a669b2
Agriculture & Allied,Irrigation & water management,Maharashtra (MahaAgX),Effect of Date of Sowing and Irrigation Methods On Pre-seasonal Bt Cotton,cotton; sowing; irrigation; bt-cotton; agronomy; parbhani; maharashtra; vnmkv,Maharashtra,Vasantrao Naik Marathwada Krishi Vidyapeeth Parbhani,Agriculture,pdf,OPEN,2026-02-16T03:33:54+0530,128a7324-9ddd-4984-821e-a02555f12f39
Agriculture & Allied,Irrigation & water management,Maharashtra (MahaAgX),Effect Of Different Irrigation And Fertigation Levels Through Drip Irrigation Coupled With Mulch On Growth And Yield Of Broccoli (Brassica Oleracea),irrigation; fertigation; drip; mulch; broccoli,Maharashtra,Dr. Balasaheb Sawant Konkan Krishi Vidyapeeth Dapoli,Agriculture,pdf,RESTRICTED,2026-06-02T13:09:32+0530,76bbd20f-57c0-4e85-9840-6ed03f32112b
Agriculture & Allied,Irrigation & water management,Maharashtra (MahaAgX),Effect of Drip Irrigation and Fertigation On Yield and Economics of Drip-irrigated Cluster Bean,clusterbean; irrigation; fertigation; yield; economics; drip; maharashtra; vnmkv,Maharashtra,Vasantrao Naik Marathwada Krishi Vidyapeeth Parbhani,Agriculture,pdf,OPEN,2026-02-16T03:33:14+0530,2c8b51c9-2278-45c1-96ef-61c6b1c1c63d
Agriculture & Allied,Irrigation & water management,Maharashtra (MahaAgX),"Effect Of Fertigation Levels And Schedules On Growth, Yield And Quality Of Broccoli (Brassica Oleracea Var Italica)",fertigation; broccoli; growth; yield; quality; horticulture; agriculture,Maharashtra,Dr. Panjabrao Deshmukh Krishi Vidyapeeth Akola,Agriculture,"docx, xlsx",RESTRICTED,2026-06-09T06:45:22+0530,ac77d73b-f84a-47ef-99f1-b73e6737eb21
Agriculture & Allied,Irrigation & water management,Maharashtra (MahaAgX),Effect Of Mulching And Irrigation Regimes On Potato Yield Water Productivity Under Drip Irrigation,potato; irrigation; mulching; drip; waterproductivity,Maharashtra,Mahatma Phule Krishi Vidyapeeth Rahuri,Agriculture,doc,RESTRICTED,2026-06-10T23:30:01+0530,906ba004-7d58-4f60-95d6-a394ca3ad37c
Agriculture & Allied,Irrigation & water management,Maharashtra (MahaAgX),Effect of Planting Systems and De-topping On Yield of Bt Cotton Under Protective Irrigations,cotton; irrigation; agronomy; yield; marathwada; detopping; agriculture; vnmkv,Maharashtra,Vasantrao Naik Marathwada Krishi Vidyapeeth Parbhani,Agriculture,pdf,OPEN,2026-02-16T03:34:05+0530,9d413141-7a8b-42f2-bcf0-00fc493b6139
Agriculture & Allied,Irrigation & water management,Maharashtra (MahaAgX),Effect of various mulches and irrigation levels on growth and yield of Marigold (Tagetes erecta L) crop under inline drip irrigation system,marigold; mulching; irrigation; drip; yield,Maharashtra,Dr. Balasaheb Sawant Konkan Krishi Vidyapeeth Dapoli,Agriculture,pdf,RESTRICTED,2026-06-02T12:47:20+0530,17d44f39-e385-4945-a244-243b0f42d10d
Agriculture & Allied,Irrigation & water management,Maharashtra (MahaAgX),Energy-Water-Food-Environment Nexus Through Solar Powered Irrigation Systems (Spis) In Hilly Regions Of Konkan,energy; water; food; nexus; solar; irrigation,Maharashtra,Dr. Balasaheb Sawant Konkan Krishi Vidyapeeth Dapoli,Agriculture,pdf,RESTRICTED,2026-06-02T15:47:54+0530,be6fa426-c93a-4be0-8397-d611bddec025
Agriculture & Allied,Irrigation & water management,Maharashtra (MahaAgX),Estimation Of Crop And Irrigation Water Requirement And Development Of Spatial Distribution Maps For Irrigation Scheduling Of Crops In Marathwada,irrigation; cropwater; gis; marathwada; rabi,Maharashtra,Vasantrao Naik Marathwada Krishi Vidyapeeth Parbhani,Agriculture,pdf,RESTRICTED,2026-06-05T16:34:26+0530,e908d2a5-1e8a-4609-b24c-def48254023b
Agriculture & Allied,Irrigation & water management,Maharashtra (MahaAgX),"Estimation Of Evapotranspiration (Etc) For Irrigation Scheduling Of Rabi Sorghum In Mpkv, Rahuri",sorghum; evapotranspiration; irrigation; water; mapping,Maharashtra,Mahatma Phule Krishi Vidyapeeth Rahuri,Agriculture,docx,RESTRICTED,2026-06-11T07:09:39+0530,613771cc-105a-4ab3-b972-fee361957342
Agriculture & Allied,Irrigation & water management,Maharashtra (MahaAgX),Estimation of Reference Crop Evapotranspiration (et_o) for Parbhani,evapotranspiration; penman-monteith; irrigation scheduling; climate data; parbhani; water management; fao-56; vnmkv,Maharashtra,Vasantrao Naik Marathwada Krishi Vidyapeeth Parbhani,Agriculture,pdf,OPEN,2026-02-16T03:43:54+0530,9d3b730a-adfc-4144-80eb-ad15c247bd29
Agriculture & Allied,Irrigation & water management,Maharashtra (MahaAgX),Estimation Of Reference Crop Evapotranspiration For Parbhani,evapotranspiration; referencecrop; parbhani; irrigation; estimation,Maharashtra,Vasantrao Naik Marathwada Krishi Vidyapeeth Parbhani,Agriculture,pdf,RESTRICTED,2026-06-05T12:33:55+0530,6cdb20bf-629c-4b4e-84f2-87b5639b0b28
Agriculture & Allied,Irrigation & water management,Maharashtra (MahaAgX),Estimation of Reference Evapotranspiration and Development of Spatial Distribution Maps Using Gis for Marathwada,evapotranspiration; gis maps; spatial distribution; penman-monteith; irrigation scheduling; marathwada; water management; vnmkv,Maharashtra,Vasantrao Naik Marathwada Krishi Vidyapeeth Parbhani,Agriculture,pdf,OPEN,2026-02-16T03:43:59+0530,3f33abfc-14c4-430b-8d92-eaae7036ecf9
Agriculture & Allied,Irrigation & water management,Maharashtra (MahaAgX),Estimation Of Reference Evapotranspiration And Development Of Spatial Distribution Maps Using Gis Techniques For Effective Irrigation Scheduling For Marathwada Region,evapotranspiration; irrigation; gis; mapping; marathwada,Maharashtra,Vasantrao Naik Marathwada Krishi Vidyapeeth Parbhani,Agriculture,pdf,RESTRICTED,2026-06-05T14:22:03+0530,63f7c642-57fc-4ab9-b5b8-546fc828fe67
Agriculture & Allied,Irrigation & water management,Maharashtra (MahaAgX),Estimation of Weekly Crop and Irrigation Water Requirement and Development of Spatial Distribution Maps for Major Rabi Crops,crop water requirement; irrigation scheduling; spatial distribution; gis maps; rabi crops; marathwada; safflower; chickpea; wheat; vnmkv,Maharashtra,Vasantrao Naik Marathwada Krishi Vidyapeeth Parbhani,Agriculture,pdf,OPEN,2026-02-16T03:44:09+0530,6637c884-f807-4f28-86af-4ee040c7b53c
Agriculture & Allied,Irrigation & water management,Maharashtra (MahaAgX),Estimation Of Weekly Crop Evapotranspiration For Gram Irrigation Scheduling In Mpkv Rahuri,gram; evapotranspiration; irrigation; water; scheduling,Maharashtra,Mahatma Phule Krishi Vidyapeeth Rahuri,Agriculture,docx,RESTRICTED,2026-06-11T07:11:08+0530,8e7d945b-4147-401d-b90d-dbd2c92e87f0
Agriculture & Allied,Irrigation & water management,Maharashtra (MahaAgX),"Estimation Of Weekly Crop Evapotranspiration For Rabi Onion Irrigation Scheduling In Mpkv, Rahuri",onion; irrigation; evapotranspiration; water; management,Maharashtra,Mahatma Phule Krishi Vidyapeeth Rahuri,Agriculture,docx,RESTRICTED,2026-06-11T07:10:09+0530,36d84f50-cbc9-41ef-a46e-78e7657a9810
Agriculture & Allied,Irrigation & water management,Maharashtra (MahaAgX),"Estimation Of Weekly Crop Evapotranspiration For Sweet Corn Irrigation Scheduling In Mpkv, Rahuri",sweetcorn; evapotranspiration; irrigation; water; mapping,Maharashtra,Mahatma Phule Krishi Vidyapeeth Rahuri,Agriculture,docx,RESTRICTED,2026-06-11T07:12:10+0530,6b2f2379-e294-4860-a83e-5b4ac1a17ad8
Agriculture & Allied,Irrigation & water management,Maharashtra (MahaAgX),"Estimation of Weekly Crop Water Requirement, Irrigation Water Requirement and Development of Spatial Distribution Maps for Major Kharif Crops",crop water requirement; irrigation scheduling; spatial distribution; gis maps; kharif crops; marathwada; water management; bt cotton; soybean; pigeon pea; vnmkv,Maharashtra,Vasantrao Naik Marathwada Krishi Vidyapeeth Parbhani,Agriculture,pdf,OPEN,2026-02-16T03:44:04+0530,a20eeb48-01ca-4000-ad3c-a0d59e4fd447
Agriculture & Allied,Irrigation & water management,Maharashtra (MahaAgX),Evaluation Of Fertigation At Varying Irrigation Levels For Preseason Sugarcane Under Drip Irrigation,sugarcane; fertigation; irrigation; drip; yield,Maharashtra,Mahatma Phule Krishi Vidyapeeth Rahuri,Agriculture,docx,RESTRICTED,2026-06-10T23:28:58+0530,b9d8bd9a-6dfd-4a9d-8c23-e67a9e4b0970
Agriculture & Allied,Irrigation & water management,Maharashtra (MahaAgX),Fertigation Studies In Capsicum Under Shade Net House Conditions,horticulture; vegetable; research; recommendations; study,Maharashtra,Dr. Panjabrao Deshmukh Krishi Vidyapeeth Akola,Agriculture,xlsx,RESTRICTED,2026-06-09T06:38:50+0530,49083952-ed4a-4c83-b29c-fdf46b2e17c4
Agriculture & Allied,Irrigation & water management,Maharashtra (MahaAgX),Irrigation Management for Chickpea Under Different Land Configurations,chickpea; irrigation management; land configuration; ridges and furrow; broad bed furrow; productivity; rabi season; badnapur; vnmkv,Maharashtra,Vasantrao Naik Marathwada Krishi Vidyapeeth Parbhani,Agriculture,docx,OPEN,2026-02-16T03:20:31+0530,a7ec9c82-7cbb-4739-b4f7-d9335d0ed22b
Agriculture & Allied,Irrigation & water management,Maharashtra (MahaAgX),"Irrigation Water Requirement and Efficiency Analysis for Normal Wheat in Ahilyanagar and Akole Talukas, Maharashtra",irrigation; water requirement; wheat; efficiency; maharashtra; precision,Maharashtra,Mahatma Phule Krishi Vidyapeeth Rahuri,Agriculture,xlsx,RESTRICTED,2026-05-22T09:45:23+0530,264ad06f-99f4-4d8c-8fdb-4d64148ece57
Agriculture & Allied,Irrigation & water management,Maharashtra (MahaAgX),"Irrigation Water Requirement and Efficiency Analysis for Sorghum Cultivation in Maharashtra, India",irrigation; sorghum; water; efficiency; agriculture; maharashtra; data,Maharashtra,Mahatma Phule Krishi Vidyapeeth Rahuri,Agriculture,xlsx,RESTRICTED,2026-05-22T09:55:52+0530,77b42ada-c7f9-435b-bde5-792437efce2a
Agriculture & Allied,Irrigation & water management,Maharashtra (MahaAgX),Irrigation Water Requirement and Surface Drip Efficiency for Rabi Onion in Maharashtra,irrigation; onion; rabi; efficiency; water; maharashtra; cf,Maharashtra,Mahatma Phule Krishi Vidyapeeth Rahuri,Agriculture,xlsx,RESTRICTED,2026-05-22T09:57:15+0530,832106e3-99fc-4844-9783-425afe9715aa
Agriculture & Allied,Irrigation & water management,Maharashtra (MahaAgX),Late Wheat Water Requirement Data for Drip Efficiency Levels in Maharashtra,irrigation; water; drip; wheat; efficiency,Maharashtra,Mahatma Phule Krishi Vidyapeeth Rahuri,Agriculture,xlsx,RESTRICTED,2026-05-22T09:49:35+0530,ef1a3803-2846-411d-8bce-d4b3adf8f3cd
Agriculture & Allied,Irrigation & water management,Maharashtra (MahaAgX),Phule Irrigation Scheduler - Research Recommendations 2015,irrigation; scheduling; software; evapotranspiration; agriculture,Maharashtra,Mahatma Phule Krishi Vidyapeeth Rahuri,Agriculture,docx,RESTRICTED,2026-06-11T06:58:58+0530,a4dd2987-3bb4-4cac-9386-642346404997
Agriculture & Allied,Irrigation & water management,Maharashtra (MahaAgX),"Phule Irrigation Scheduler Web App For Irrigation Scheduling By Surface, Sprinkler And Drip",irrigation; scheduling; web; application; agriculture,Maharashtra,Mahatma Phule Krishi Vidyapeeth Rahuri,Agriculture,docx,RESTRICTED,2026-06-11T07:10:39+0530,4c8d3444-44c6-4315-928e-f1cf8df4b0cc
Agriculture & Allied,Irrigation & water management,Maharashtra (MahaAgX),Recommendation Release Proposal on Influence of different irrigation levels through pulse irrigation (drip) on white onion (Allium Cepa L),irrigation; pulse; drip; onion; water,Maharashtra,Dr. Balasaheb Sawant Konkan Krishi Vidyapeeth Dapoli,Agriculture,pdf,RESTRICTED,2026-06-02T12:27:50+0530,0f629e89-4edb-46ea-b180-5874182d2b2f
Agriculture & Allied,Irrigation & water management,Maharashtra (MahaAgX),Recommendation Release Proposal on Response of different irrigation levels on growth and yield of strawberry,irrigation; strawberry; yield; growth; efficiency,Maharashtra,Dr. Balasaheb Sawant Konkan Krishi Vidyapeeth Dapoli,Agriculture,pdf,RESTRICTED,2026-06-02T12:34:10+0530,c9993a04-e34a-403f-875e-5baa9dd2563b
Agriculture & Allied,Irrigation & water management,Maharashtra (MahaAgX),Recommendation Release Proposal on To study the feasibility of domestic waste water for agriculture through micro-irrigation,wastewater; agriculture; microirrigation; greywater; filtration; irrigation,Maharashtra,Dr. Balasaheb Sawant Konkan Krishi Vidyapeeth Dapoli,Agriculture,pdf,RESTRICTED,2026-06-02T12:30:12+0530,65d9addc-4c3c-42a5-b5a3-0a0535249462
Agriculture & Allied,Irrigation & water management,Maharashtra (MahaAgX),Reference Evapotranspiration Under Shading Nets In Semi-Arid Conditions,evapotranspiration; shading; semiarid; microclimate; irrigation,Maharashtra,Mahatma Phule Krishi Vidyapeeth Rahuri,Agriculture,docx,RESTRICTED,2026-06-11T07:07:52+0530,3340aac3-a452-486a-9319-898e293c3c78
Agriculture & Allied,Irrigation & water management,Maharashtra (MahaAgX),Response of Drip Irrigated Turmeric to Different Levels of Irrigation and Fertigation,turmeric; irrigation; fertigation; yield; rhizome; water; maharashtra; vnmkv,Maharashtra,Vasantrao Naik Marathwada Krishi Vidyapeeth Parbhani,Agriculture,pdf,OPEN,2026-02-16T03:27:50+0530,f9c4dc12-0bdc-4b83-9743-5027ee422090
Agriculture & Allied,Irrigation & water management,Maharashtra (MahaAgX),Response of Maize Hybrid to Drip Irrigation and Fertigation Levels in Post Kharif Season,maize; irrigation; fertigation; hybrid; yield; water; maharashtra; vnmkv,Maharashtra,Vasantrao Naik Marathwada Krishi Vidyapeeth Parbhani,Agriculture,pdf,OPEN,2026-02-16T03:28:07+0530,c683d487-cf9a-4d86-8855-487e7b128b40
Agriculture & Allied,Irrigation & water management,Maharashtra (MahaAgX),Response of Onion to Different Irrigation and Fertigation Levels,onion; irrigation; fertigation; yield; water; drip; maharashtra; vnmkv,Maharashtra,Vasantrao Naik Marathwada Krishi Vidyapeeth Parbhani,Agriculture,pdf,OPEN,2026-02-16T03:28:38+0530,4c3186a5-4884-45c7-9516-713b8db0f4c0
Agriculture & Allied,Irrigation & water management,Maharashtra (MahaAgX),Response of Soybean-chickpea Cropping Sequence to Different Irrigation and Fertigation Levels,soybean; chickpea; irrigation; fertigation; cropping; water; yield; vnmkv,Maharashtra,Vasantrao Naik Marathwada Krishi Vidyapeeth Parbhani,Agriculture,pdf,OPEN,2026-02-16T03:27:29+0530,58c64c8e-2de6-43c0-8cd6-4cfd0aa04528
Agriculture & Allied,Irrigation & water management,Maharashtra (MahaAgX),Response of Summer Groundnut to Different Irrigation and Fertigation Levels,groundnut; irrigation; fertigation; yield; pod; water; parbhani; vnmkv,Maharashtra,Vasantrao Naik Marathwada Krishi Vidyapeeth Parbhani,Agriculture,pdf,OPEN,2026-02-16T03:27:39+0530,aded977a-4080-4ed3-a502-88a8c641d009
Agriculture & Allied,Irrigation & water management,Maharashtra (MahaAgX),Scheduling Of Fertigation In Gladiolus,horticulture; floriculture; research; recommendations; study,Maharashtra,Dr. Panjabrao Deshmukh Krishi Vidyapeeth Akola,Agriculture,doc,RESTRICTED,2026-06-09T06:31:44+0530,a7087fe3-c168-4eb0-91b8-4cbc93f3d1c8
Agriculture & Allied,Irrigation & water management,Maharashtra (MahaAgX),Sowing Rabi Sorghum 45X15 Cm With Alternate Day 90 Etc Drip Irrigation - Research Recommendations 2015,sorghum; rabi; irrigation; drip; yield,Maharashtra,Mahatma Phule Krishi Vidyapeeth Rahuri,Agriculture,docx,RESTRICTED,2026-06-11T07:05:59+0530,693511a9-65b8-4ef8-8426-7a53c74726f0
Agriculture & Allied,Irrigation & water management,Maharashtra (MahaAgX),Standardization Of Fertigation In Ginger - Research Recommendations 2015,ginger; fertigation; fertilizer; drip; yield,Maharashtra,Mahatma Phule Krishi Vidyapeeth Rahuri,Agriculture,docx,RESTRICTED,2026-06-11T07:05:31+0530,544dc927-170f-4992-a7e5-9689814da451
Agriculture & Allied,Irrigation & water management,Maharashtra (MahaAgX),Standardization Of Fertigation Schedule For Bitter Gourd In Summer Season,bittergourd; fertigation; irrigation; fertilizer; drip; nutrient; schedule,Maharashtra,Mahatma Phule Krishi Vidyapeeth Rahuri,Agriculture,docx,RESTRICTED,2026-06-10T22:28:03+0530,494d7391-b70e-4088-869d-66bdc8721d44
Agriculture & Allied,Irrigation & water management,Maharashtra (MahaAgX),Standardization Of Fertigation Schedule For Bottle Gourd In Summer Season,bottlegourd; fertigation; irrigation; crop; yield,Maharashtra,Mahatma Phule Krishi Vidyapeeth Rahuri,Agriculture,doc,RESTRICTED,2026-06-10T23:30:52+0530,bd029a26-8094-4e5d-a7b7-343769a4b7b4
Agriculture & Allied,Irrigation & water management,Maharashtra (MahaAgX),Standardization Of Irrigation Practices For Gerbera Grown In Coco-Peat In Pots Under Naturally Ventilated Polyhouse,gerbera; cocopeat; irrigation; polyhouse; drip,Maharashtra,Mahatma Phule Krishi Vidyapeeth Rahuri,Agriculture,docx,RESTRICTED,2026-06-11T07:01:04+0530,3e8dd185-72db-4fab-b028-b4569c829c6e
Agriculture & Allied,Irrigation & water management,Maharashtra (MahaAgX),Standardization of Stage Wise Water Requirement in Acid Lime,acid-lime; irrigation; citrus; horticulture; drip-irrigation; akola; research; pdkv,Maharashtra,Dr. Panjabrao Deshmukh Krishi Vidyapeeth Akola,Agriculture,docx,RESTRICTED,2026-02-16T04:28:59+0530,860a090e-c00b-4c4c-9e2b-3e12cbf24d8b
Agriculture & Allied,Irrigation & water management,Maharashtra (MahaAgX),Standardization of Stage Wise Water Requirement in Mandarin,mandarin; irrigation; water-requirement; citrus; drip-irrigation; horticulture; akola; pdkv,Maharashtra,Dr. Panjabrao Deshmukh Krishi Vidyapeeth Akola,Agriculture,docx,RESTRICTED,2026-02-16T04:32:45+0530,cc915027-c178-4a12-acd2-64e663ed196c
Agriculture & Allied,Irrigation & water management,Maharashtra (MahaAgX),Standardization Of Stage Wise Water Requirement In Nagpur Mandarin,fruits; data; research; recommendations; aicrp; analysis,Maharashtra,Dr. Panjabrao Deshmukh Krishi Vidyapeeth Akola,Agriculture,xlsx,RESTRICTED,2026-06-09T05:10:43+0530,ec676a57-0534-4f1e-939d-28c436c8eb94
Agriculture & Allied,Irrigation & water management,Maharashtra (MahaAgX),"Studies On Different Irrigation And Fertigation Levels On Yield, Growth And Water Use Efficiency Of Green Capsicum Coupled With Mulch And Non-Mulch",irrigation; fertigation; mulch; capsicum; wateruse,Maharashtra,Dr. Balasaheb Sawant Konkan Krishi Vidyapeeth Dapoli,Agriculture,pdf,RESTRICTED,2026-06-02T13:04:28+0530,b19619fb-aa62-4a62-b8fa-80c7da240f1f
Agriculture & Allied,Irrigation & water management,Maharashtra (MahaAgX),Study on Response of White Onion (Allium Cepa L) to Deficit Irrigation,onion; deficit; irrigation; white; yield,Maharashtra,Dr. Balasaheb Sawant Konkan Krishi Vidyapeeth Dapoli,Agriculture,pdf,RESTRICTED,2026-06-02T12:27:05+0530,e9ba0129-1c32-41b0-ab91-6360b3b40076
Agriculture & Allied,Irrigation & water management,Maharashtra (MahaAgX),Suru Sugarcane Drip Irrigation With Trash Management - Research Recommendations 2023,sugarcane; irrigation; trashmanagement; sustainability; economics,Maharashtra,Mahatma Phule Krishi Vidyapeeth Rahuri,Agriculture,doc,RESTRICTED,2026-06-10T21:57:28+0530,acc6a182-2a67-43aa-aa83-91d12a4eab75
Agriculture & Allied,Irrigation & water management,Maharashtra (MahaAgX),Turmeric Fertigation Data,turmeric; mulch; fertigation; yield; quality; horticulture,Maharashtra,Dr. Panjabrao Deshmukh Krishi Vidyapeeth Akola,Agriculture,docx,RESTRICTED,2026-06-09T06:50:06+0530,14c247aa-b47b-445c-ac66-0b35ef38d32f
Agriculture & Allied,Irrigation & water management,Maharashtra (MahaAgX),"Water Requirement Analysis for Chilli Cultivation in Ahilyanagar District, Maharashtra under Various Drip Irrigation Efficiencies",water; irrigation; drip; chilli; efficiency; agriculture; maharashtra,Maharashtra,Mahatma Phule Krishi Vidyapeeth Rahuri,Agriculture,xlsx,RESTRICTED,2026-05-22T09:33:35+0530,45f2b0f6-69bb-46d6-a5e9-2eab005e8bef
Agriculture & Allied,Irrigation & water management,Maharashtra (MahaAgX),Water Requirement Analysis for Potato Cultivation in Maharashtra using Surface and Drip Irrigation Efficiency,potato; irrigation; water; efficiency; agriculture; maharashtra; crop,Maharashtra,Mahatma Phule Krishi Vidyapeeth Rahuri,Agriculture,xlsx,RESTRICTED,2026-05-22T09:52:12+0530,f8452e1c-8fed-43c7-ba54-1988e2a229d5
Agriculture & Allied,Irrigation & water management,Maharashtra (MahaAgX),Water Requirement Analysis for Sugarcane Cultivation under Various Irrigation Efficiencies in Maharashtra,sugarcane; irrigation; water; efficiency; agriculture; maharashtra; crop,Maharashtra,Mahatma Phule Krishi Vidyapeeth Rahuri,Agriculture,xlsx,RESTRICTED,2026-05-22T10:24:54+0530,b946a9f0-66c1-40bc-a74a-30d09797fb30
Agriculture & Allied,Irrigation & water management,Maharashtra (MahaAgX),Water Requirement Analysis for Sweetcorn Cultivation in Maharashtra,water; requirement; sweetcorn; irrigation; maharashtra; agriculture; crop,Maharashtra,Mahatma Phule Krishi Vidyapeeth Rahuri,Agriculture,xlsx,RESTRICTED,2026-05-22T09:09:37+0530,3b36e36a-325c-4b20-9e2a-a4b9738673eb
Agriculture & Allied,Irrigation & water management,Maharashtra (MahaAgX),Water Requirement and Irrigation Efficiency Analysis for Green Pea Cultivation in Maharashtra,water; irrigation; efficiency; greenpea; agriculture; maharashtra; data,Maharashtra,Mahatma Phule Krishi Vidyapeeth Rahuri,Agriculture,xlsx,RESTRICTED,2026-05-22T09:45:57+0530,cf79d9b2-b3d7-4fa8-9208-5b50c6bf60f7
Agriculture & Allied,Irrigation & water management,Maharashtra (MahaAgX),Water Requirement Estimation for Wheat Cultivation under Drip Irrigation in Maharashtra,wheat; irrigation; water; drip; efficiency; agriculture; maharashtra,Maharashtra,Mahatma Phule Krishi Vidyapeeth Rahuri,Agriculture,xlsx,RESTRICTED,2026-05-22T09:38:51+0530,78e20549-8cc5-4dbf-ae6a-3306c457fcc8
Agriculture & Allied,Irrigation & water management,Maharashtra (MahaAgX),Weekly Crop Et For Sugarcane Irrigation In Western Maharashtra - Research Recommendations 2015,sugarcane; evapotranspiration; irrigation; westernmaharashtra; cropcoefficients,Maharashtra,Mahatma Phule Krishi Vidyapeeth Rahuri,Agriculture,docx,RESTRICTED,2026-06-11T07:00:38+0530,8e09e578-d4aa-4a77-8896-5beff3a04a9c
Agriculture & Allied,Irrigation & water management,Maharashtra (MahaAgX),Weekly Crop Evapotranspiration Estimation For Soybean Irrigation Scheduling In Mpkv Rahuri,soybean; evapotranspiration; irrigation; water; mapping,Maharashtra,Mahatma Phule Krishi Vidyapeeth Rahuri,Agriculture,docx,RESTRICTED,2026-06-11T07:09:07+0530,e4d22aa9-802f-45d6-a5cb-96db9e9fba89
Agriculture & Allied,Irrigation & water management,Maharashtra (MahaAgX),Weekly Crop Evapotranspiration Estimation For Wheat Irrigation Scheduling In Western Maharashtra,wheat; evapotranspiration; irrigation; scheduling; maharashtra,Maharashtra,Mahatma Phule Krishi Vidyapeeth Rahuri,Agriculture,docx,RESTRICTED,2026-06-11T07:02:23+0530,2ead26b6-8bd1-46d6-8706-c9a7acbeb248
Agriculture & Allied,Irrigation & water management,Maharashtra (MahaAgX),Weekly Evapotranspiration Estimation Scheduling In Western Maharashtra - Research Recommendations 2015,evapotranspiration; irrigation; scheduling; gis; climatology,Maharashtra,Mahatma Phule Krishi Vidyapeeth Rahuri,Agriculture,docx,RESTRICTED,2026-06-11T07:03:07+0530,2c951052-d2e2-4a08-bff3-e2bba1e46ac0
Agriculture & Allied,Irrigation & water management,Maharashtra (MahaAgX),Yield Enhancement of Pigeonpea Through Drip Irrigation and Fertigation Management,pigeonpea; irrigation; fertigation; yield; pulse; drip; maharashtra; vnmkv,Maharashtra,Vasantrao Naik Marathwada Krishi Vidyapeeth Parbhani,Agriculture,pdf,OPEN,2026-02-16T03:29:02+0530,d2e6c0a6-9db7-4f90-b9d1-f78a5f1aa361
Agriculture & Allied,Irrigation & water management,Maharashtra (MahaAgX),Yield Prediction For Drip Irrigated Cucumber Under Photo Selective Shading Nets - Research Recommendations 2014,cucumber; drip; shading; yield; prediction,Maharashtra,Mahatma Phule Krishi Vidyapeeth Rahuri,Agriculture,docx,RESTRICTED,2026-06-11T07:19:14+0530,f82b43a2-1568-429f-9f0a-8bd77dc70771
Agriculture & Allied,Irrigation & water management,Maharashtra (MahaAgX),Yield Response Of Drip Irrigated Cucumber To Mulch And Irrigation Regimes Under Different Shading Nets,cucumber; drip; mulch; shading; irrigation,Maharashtra,Mahatma Phule Krishi Vidyapeeth Rahuri,Agriculture,docx,RESTRICTED,2026-06-11T06:59:59+0530,d3535e2d-cac1-4d37-9868-280e1b1d49d2
Agriculture & Allied,Irrigation & water management,Telangana (TGDeX),District-Level Major and Medium Irrigation Projects for 2015-2016,Irrigation; Infrastructure; Major Projects; Water Resources; Resource Allocation,Telangana,Dept. of Irrigation & CAD,Agriculture & Farming,CSV,OPEN,2025-06-22T09:55:47+0530,433fe0f6-7c51-4fd7-90bd-a5523358d7df
Agriculture & Allied,Irrigation & water management,Telangana (TGDeX),Mission Kakatiya Minor Irrigation Tank Restoration Sanctions by District,Water Resources; Irrigation; Infrastructure; Restoration; Government Program,Telangana,Dept. of Irrigation & CAD,Agriculture & Farming,CSV,OPEN,2025-06-22T09:55:19+0530,782bd6d8-8b05-411d-be17-2f8eda3bc8c8
Agriculture & Allied,Irrigation & water management,Telangana (TGDeX),Mission Kakatiya Phase Four District-Level Tank Restoration Data,Irrigation; Water Resources; Mission Kakatiya; Tank Restoration; Program Metrics,Telangana,Dept. of Irrigation & CAD,Agriculture & Farming,CSV,OPEN,2025-06-22T09:55:51+0530,43ef7df0-2d0e-400a-825a-5bd295e6decc
Agriculture & Allied,Irrigation & water management,Telangana (TGDeX),Mission Kakatiya Phase One District-Level Restoration Metrics,Irrigation; Water Resources; Mission Kakatiya; Restoration; Program Monitoring,Telangana,Dept. of Irrigation & CAD,Agriculture & Farming,CSV,OPEN,2025-06-22T09:55:44+0530,0272bc0c-f6b8-438d-b1eb-d9fbd3174efd
Agriculture & Allied,Irrigation & water management,Telangana (TGDeX),Mission Kakatiya Phase Three District Metrics,Irrigation; Water Resources; Mission Kakatiya; Program Evaluation; Water Management,Telangana,Dept. of Irrigation & CAD,Agriculture & Farming,CSV,OPEN,2025-06-22T09:55:55+0530,bc41f69f-a171-452d-a3cd-3f2c31798f36
Agriculture & Allied,Irrigation & water management,Telangana (TGDeX),Source-wise Irrigation Area by Water Delivery System in India,Irrigation; Water Resources; Source-wise; Canal; Groundwater,India,Dept. of Agriculture & Co-operation,Agriculture & Farming,CSV,OPEN,2025-06-22T09:26:08+0530,dcdb914a-eb0e-4095-bc51-75178f8e5b73
Agriculture & Allied,Irrigation & water management,Telangana (TGDeX),Telangana District-wise Drip and Sprinkler Irrigation Systems Data,Land; Crop Type; Irrigation,Telangana,ADeX,Agriculture & Farming,API,RESTRICTED,2025-07-01T08:09:18+0530,e6b84a24-f6f8-436b-8b32-f7f9dd31500b
Agriculture & Allied,Livestock & dairy,Maharashtra (MahaAgX),Animal Husbandry and Dairy Science Research Progress Report (arc 2025-26),animal husbandry; dairy science; deoni cattle; red kandhari; holdeo crossbred; osmanabadi goats; functional foods; sustainable farming; vnmkv; vnmkv,Maharashtra,Vasantrao Naik Marathwada Krishi Vidyapeeth Parbhani,Agriculture,docx,OPEN,2026-02-16T03:24:10+0530,5c0f13e5-57b3-4e40-ab18-1bd2f8a16f96
Agriculture & Allied,Livestock & dairy,Maharashtra (MahaAgX),Design and Estimation of Brick Flooring for Dairy Animals,dairy housing; brick flooring; animal welfare; loose housing barn; farm structures; cattle barn; cost estimation; vnmkv,Maharashtra,Vasantrao Naik Marathwada Krishi Vidyapeeth Parbhani,Agriculture,pdf,OPEN,2026-02-16T03:43:03+0530,6911c22e-2794-4567-b61c-4b1f1d78e3de
Agriculture & Allied,Livestock & dairy,Maharashtra (MahaAgX),"Design, Development and Evaluation of Low Cost Deep Litter Poultry House",poultry housing; deep litter system; low-cost construction; small farmers; rural engineering; poultry management; marathwada; vnmkv,Maharashtra,Vasantrao Naik Marathwada Krishi Vidyapeeth Parbhani,Agriculture,pdf,OPEN,2026-02-16T03:43:09+0530,aa60949f-e713-4247-bf31-959179f1ac54
Agriculture & Allied,Livestock & dairy,Maharashtra (MahaAgX),"Design, Development And Evaluation Of Low Cost Deep Litter Type Poultry House",design; development; evaluation; poultry; lowcost,Maharashtra,Vasantrao Naik Marathwada Krishi Vidyapeeth Parbhani,Agriculture,pdf,OPEN,2026-06-03T16:49:17+0530,885c9774-34fb-4232-8aa4-be8bcf914abd
Agriculture & Allied,Livestock & dairy,Maharashtra (MahaAgX),"Economic Of Indigenous Cow Milk Ghee And Skim Milk Lassi Production At Indigenous Cattle Research-Cum Training Center (Icrtc), Pune",cowmilk; ghee; lassi; indigenous; dairy; processing; economics,Maharashtra,Mahatma Phule Krishi Vidyapeeth Rahuri,Agriculture,doc,RESTRICTED,2026-06-10T22:57:19+0530,df638afd-7dc2-43e1-b8a7-cc7f335c532e
Agriculture & Allied,Livestock & dairy,Maharashtra (MahaAgX),"Effect Of Urban Compost On Yield Of Cereals, Fodder, Pulses, Veg - Research Recommendations 2021",urbancompost; fertilizer; crops; yield; soil,Maharashtra,Mahatma Phule Krishi Vidyapeeth Rahuri,Agriculture,doc,RESTRICTED,2026-06-10T21:49:31+0530,ba22fb06-e6b1-4973-92fb-a659ca935dcd
Agriculture & Allied,Livestock & dairy,Maharashtra (MahaAgX),Forage Cactus Utilization For Goat - Research Recommendations,goat; forage; cactus; opuntia; agriculture,Maharashtra,Mahatma Phule Krishi Vidyapeeth Rahuri,Agriculture,docx,RESTRICTED,2026-06-10T22:05:01+0530,db7ddcbe-6bea-43be-914c-9d12143209ba
Agriculture & Allied,Livestock & dairy,Maharashtra (MahaAgX),"Geranium Economics, Chickpea Forecasting, Dairy Farming, Rice Export, Jasmine Prices, Foodgrain Trends - Research Recommendations 2023",geranium; chickpea; dairy; rice; jasmine; foodgrain; export,Maharashtra,Mahatma Phule Krishi Vidyapeeth Rahuri,Agriculture,doc,RESTRICTED,2026-06-10T22:48:46+0530,9d8654bf-99b8-4602-9f50-9f82fe1fb28e
Agriculture & Allied,Livestock & dairy,Maharashtra (MahaAgX),"Krishi Darshani, Dairy 2025 Mahatma Phule Krishi Vidyapeeth Research and Technology Recommendations",agriculture; agronomy; irrigation; maharashtra; mpkv; horticulture; technology,Maharashtra,Mahatma Phule Krishi Vidyapeeth Rahuri,Agriculture,docx,RESTRICTED,2026-04-07T12:11:36+0530,3fd13117-b137-420b-8614-04ff3ce417c9
Agriculture & Allied,Livestock & dairy,Maharashtra (MahaAgX),"Krishi Sanvadini, Dairy 2025 Agricultural Recommendations and Technologies of Dr Panjabrao Deshmukh Krishi Vidyapeeth",agriculture; vidarbha; pdkv; agronomy; varieties; harvesting; technology; pdkv,Maharashtra,Dr. Panjabrao Deshmukh Krishi Vidyapeeth Akola,Agriculture,docx,RESTRICTED,2026-04-06T17:25:04+0530,ae31e0fd-44da-4a6e-9bef-d9d9d1cf25c3
Agriculture & Allied,Livestock & dairy,Maharashtra (MahaAgX),Low Cost Hard Moorum Bed Recommendation For Vermicompost Production,cattle; vermicompost; bedding; agriculture; compost; cost; production,Maharashtra,Mahatma Phule Krishi Vidyapeeth Rahuri,Agriculture,docx,RESTRICTED,2026-06-10T22:04:27+0530,9160ad33-f490-4e95-95f4-73a3a1752d85
Agriculture & Allied,Livestock & dairy,Maharashtra (MahaAgX),Needs And Expectations Of Indigenous Dairy Cattle Owners,dairy; cattle; milk; policy; conservation; stakeholders; indigenous,Maharashtra,Mahatma Phule Krishi Vidyapeeth Rahuri,Agriculture,docx,RESTRICTED,2026-06-11T00:12:18+0530,d219f1d3-e725-4cb7-b617-12d5f6d183db
Agriculture & Allied,Livestock & dairy,Maharashtra (MahaAgX),"Onion Yield, Milk Yield, And Mangopapaya Production - Research Recommendations 2024",onion; milk; mango; papaya; agriculture,Maharashtra,Mahatma Phule Krishi Vidyapeeth Rahuri,Agriculture,docx,RESTRICTED,2026-06-10T23:45:32+0530,6ae46a11-02ac-46c9-93f5-a89ef5fd2d4e
Agriculture & Allied,Livestock & dairy,Maharashtra (MahaAgX),Phule Revati - Research Recommendations 2023,sorghum; variety; yield; pest; disease; irrigation; fodder,Maharashtra,Mahatma Phule Krishi Vidyapeeth Rahuri,Agriculture,doc,RESTRICTED,2026-06-10T23:11:37+0530,a884164a-11c7-4387-8c76-e29c8156f557
Agriculture & Allied,Livestock & dairy,Maharashtra (MahaAgX),Portable Hydraulic Animal Lifter Machine - Research Recommendations 2024,animal; lifting; hydraulic; dairy; cattle,Maharashtra,Mahatma Phule Krishi Vidyapeeth Rahuri,Agriculture,docx,RESTRICTED,2026-06-10T23:18:45+0530,8096547f-2e4c-401e-80af-051f9388cdde
Agriculture & Allied,Livestock & dairy,Maharashtra (MahaAgX),Preparation Of Silage From Hybrid Napier Cv Phule Gunwant,silage; forage; napier; jaggery; livestock,Maharashtra,Mahatma Phule Krishi Vidyapeeth Rahuri,Agriculture,doc,RESTRICTED,2026-06-10T21:42:48+0530,cd9f9c50-619b-4f0e-baaf-66f89469e7fb
Agriculture & Allied,Livestock & dairy,Maharashtra (MahaAgX),Preparation Of Whey Based Kulfi,whey; kulfi; dairy; milk; sugar,Maharashtra,Mahatma Phule Krishi Vidyapeeth Rahuri,Agriculture,doc,RESTRICTED,2026-06-10T22:55:54+0530,e0876c5d-b360-495f-a31a-7f5e6f6e2ec7
Agriculture & Allied,Livestock & dairy,Maharashtra (MahaAgX),Process Development Of Tender Coconut Pulp Added Instant Ice Cream,coconut; icecream; pulp; dairy; sugar,Maharashtra,Mahatma Phule Krishi Vidyapeeth Rahuri,Agriculture,doc,RESTRICTED,2026-06-10T22:59:29+0530,ff257603-a426-45f0-b400-2939fd703c14
Agriculture & Allied,Livestock & dairy,Maharashtra (MahaAgX),Research Cum Development Project On Cattle,cattle; dairy; cowdung; vermicompost; profitability,Maharashtra,Mahatma Phule Krishi Vidyapeeth Rahuri,Agriculture,docx,RESTRICTED,2026-06-10T22:03:51+0530,dd4db85a-a6ed-493c-b470-24c121321310
Agriculture & Allied,Livestock & dairy,Maharashtra (MahaAgX),Response Of Fodder Maize To Micronutrient Management,maize; fodder; micronutrient; forage; yield; quality; economics,Maharashtra,Mahatma Phule Krishi Vidyapeeth Rahuri,Agriculture,doc,RESTRICTED,2026-06-10T21:59:02+0530,6b3f886f-5a3c-41af-9595-01ac0ee15fb1
Agriculture & Allied,Livestock & dairy,Maharashtra (MahaAgX),Response of Nutritionally Enriched Azolla as Sustainable Feed for Livestock,azolla; livestock; nutrients; goats; feed; sustainability; minerals; vnmkv,Maharashtra,Vasantrao Naik Marathwada Krishi Vidyapeeth Parbhani,Agriculture,pdf,OPEN,2026-02-17T03:36:13+0530,85a8c0ae-653f-4e54-b62b-af561fb12088
Agriculture & Allied,Livestock & dairy,Maharashtra (MahaAgX),Studies On Preparation Of Quarg Type Cheese From Cow Milk And Goat Milk,cheese; dairy; milk; nutrition; sensory,Maharashtra,Mahatma Phule Krishi Vidyapeeth Rahuri,Agriculture,doc,RESTRICTED,2026-06-10T22:55:10+0530,60c894f3-5f10-4592-9e0c-bbd8c201a093
Agriculture & Allied,Livestock & dairy,Maharashtra (MahaAgX),Use Of Quality Semen And Record Keeping For Dairy Farmers - Research Recommendations 2023,dairy; semen; training; recordkeeping; breeding; milk; animal,Maharashtra,Mahatma Phule Krishi Vidyapeeth Rahuri,Agriculture,docx,RESTRICTED,2026-06-11T00:10:40+0530,2a2eaf7c-2ab4-4221-b849-2e1f7610eb1e
Agriculture & Allied,Livestock & dairy,Telangana (TGDeX),District-wise Livestock Population in Telangana (2015-2016),Livestock; Population; Census; Animal Husbandry; Rural Economy,Telangana,Dept. of Animal Husbandry & Fisheries,Agriculture & Farming,CSV,OPEN,2025-06-22T09:58:09+0530,ccc71b74-bd4d-46c0-bfe5-5e6ca5eaad0e
Agriculture & Allied,Livestock & dairy,Telangana (TGDeX),Mandal Level Dairy Development Data in Telangana,Dairy; Milk Production; Cooperative Societies; Rural Development; Livestock,Telangana,Dept. of Animal Husbandry & Fisheries,Agriculture & Farming,CSV,OPEN,2025-06-22T09:58:20+0530,5ec6131b-815c-4215-be30-5645dacf20fa
Agriculture & Allied,Livestock & dairy,Telangana (TGDeX),Telangana Village and Ward Level Livestock Census 2018,Livestock; Census; Village Level; Ward Level; Animal Husbandry,Telangana,Dept. of Animal Husbandry & Fisheries,Agriculture & Farming,CSV,OPEN,2025-06-22T09:57:36+0530,09648c76-b333-4676-8d20-ac4fe0ad2d8e
Agriculture & Allied,Livestock & dairy,Telangana (TGDeX),Village-Level Sheep Rearing Development Programme Dataset,Livestock; Sheep Rearing; Village; Rural Development; Agricultural Extension,Telangana,Dept. of Animal Husbandry & Fisheries,Agriculture & Farming,CSV,OPEN,2025-06-22T09:58:24+0530,5f50d64b-835b-4b99-8be9-70a55c6a1467
Agriculture & Allied,Soil health & nutrients,Geospatial (DX GeoSpatial),Aquifer Resources of India,geospatial; cgwb; aquifer; water; CGWB; groundwater; age; major aquifers; india; principal aquifer; Geology and Soils; agriculture; agriculture; livelihoods & skilling,India,,,,,2025-08-22T02:08:48+0530,c2c18758-1dea-4b84-9b90-489e008a6cb7
Agriculture & Allied,Soil health & nutrients,Geospatial (DX GeoSpatial),"Crop and Soil Properties of Vizianagaram, Andhra Pradesh",geospatial; dronagiri; vizianagaram; andhra pradesh; agriculture; soil; soil nutrients; micro nutrient; crop; soil properties; livelihoods & skilling; environment; land cover and land use; mandal; sub district; agriculture; livelihoods & skilling,"Vizianagaram, Andhra Pradesh",,,,,2025-07-09T12:26:37+0530,320e1d60-64fa-485c-9cef-9e64827468d7
Agriculture & Allied,Soil health & nutrients,Geospatial (DX GeoSpatial),"Cropping and Soil Profile, Sonipat, Haryana",gis; geospatial; gis mapping; vegetation; kharif; rabi; sustainability; resource management; crop; soil moisture; cultivation; soil; land cover and land use; geology and soils; agriculture; dronagiri; sonipat; haryana,"Sonipat, Haryana, India",,,,,2024-12-02T05:22:22+0530,958c0b78-23d7-45a4-811e-9f8700e06c29
Agriculture & Allied,Soil health & nutrients,Geospatial (DX GeoSpatial),"Cropping and Soil Suitability, Kamrup Metropolitan District, Assam",gis; geospatial; gis mapping; vegetation; kharif; rabi; sustainability; Resource management; crop; soil moisture; cultivation; soil; land cover and land use; geology and soils; agriculture; dronagiri; kamrup,"Kamrup metropolitan district, Assam, India",,,,,2024-11-11T01:12:45+0530,dbf71e37-4ba1-49f2-8e7b-7db948551504
Agriculture & Allied,Soil health & nutrients,Geospatial (DX GeoSpatial),Soil Classification and Properties Dataset for India,gis; geospatial; gis mapping; soil; soil class; soil taxonomy; cultivation; mineral; crop; geology and soils; agriculture; dronagiri; varanasi,India,,,,,2024-12-16T12:45:05+0530,a6ec72ff-4345-4389-b979-e2b2b803d86c
Agriculture & Allied,Soil health & nutrients,Geospatial (DX GeoSpatial),"Soil Datasets, India",agriculture; geospatial; hydrography; geology and soils; lake; ecology; conservation; river; pond; environment; dronagiri; natural waterbody; wetland,India,,,,,2024-10-10T12:46:07+0530,8fdc2dba-f0e6-4b94-8269-7dede6a6cd9b
Agriculture & Allied,Soil health & nutrients,Geospatial (DX GeoSpatial),Soil Map of India,geospatial; FAO; soil; soil class; soil classification; soil group; soil texture; soil slope; india; soilmap; soil_map; soil map; food and agriculture organisation; Geology and Soils; Land Cover and Land Use; agriculture,India,,,,,2025-06-27T02:18:01+0530,22b6e02b-d028-46ea-9fb2-bc4e6e4c9bb7
Agriculture & Allied,Soil health & nutrients,Geospatial (DX GeoSpatial),"Soil Nutrient Profile Data for Washim District, Maharashtra",soil health; agriculture; fertility; micronutrients; pH; organic carbon; geospatial; farm data; soil testing; India; farmer support; precision agriculture; agriculture; livelihood and skilling; dronagiri; land use and land cover,"Washim, Maharashtra, India",,,,,2025-05-27T07:00:18+0530,f17db599-aacd-49f2-be59-14b1689faef0
Agriculture & Allied,Soil health & nutrients,Geospatial (DX GeoSpatial),"Soil Properties and Analysis, Kamrup Metropolitan, Assam",agriculture; ndvi; precipitation; rainfall; climate; weather; land; temperature; conservation; ecology; lst; environment; geology and soils; dronagiri; soil; geospatial; Kamrup; analysis,"Kamrup metropolitan district, Assam, India",,,,,2024-12-04T04:53:15+0530,84ce09bc-c4f0-4605-8147-594577b7543f
Agriculture & Allied,Soil health & nutrients,Maharashtra (MahaAgX),75 Gliricidia  25 Paddy Straw Compost For Higher Returns And Soil Health In Western Ghat Lowland Paddy,organic; paddy; rice; fertilizer; soil; economics,Maharashtra,Mahatma Phule Krishi Vidyapeeth Rahuri,Agriculture,docx,RESTRICTED,2026-06-11T00:18:45+0530,f095e357-35ac-4d80-a07e-00f591b41587
Agriculture & Allied,Soil health & nutrients,Maharashtra (MahaAgX),Agristack Soil Testing Laboratory (STL) Registry of Maharashtra,soil-testing; stl; maharashtra; soil-health; laboratory-equipment; macro-nutrients; micro-nutrients; private-lab; soil,Maharashtra,"Agristack Ministry of Agriculture and Farmer Welfare, Government of India",Agriculture,JSON,RESTRICTED,2026-02-14T10:04:58+0530,790ac3c2-9c5f-43e4-a58e-8456b7336eeb
Agriculture & Allied,Soil health & nutrients,Maharashtra (MahaAgX),Assessment of Available Nutrient Status of Soils of Bhoom Tahsil of Osmanabad District,soil; nutrients; bhoom; osmanabad; nitrogen; phosphorus; potassium; vnmkv,Maharashtra,Vasantrao Naik Marathwada Krishi Vidyapeeth Parbhani,Agriculture,pdf,OPEN,2026-02-17T03:34:16+0530,72bcb87c-39a9-4ba2-97fa-fab32d480b01
Agriculture & Allied,Soil health & nutrients,Maharashtra (MahaAgX),Assessment Of Nutrient Use Efficiency Of Water Soluble And Conventional Fertilizers On Yield And Quality Of Bt- Cotton,cotton; recommendations; data; osr; research,Maharashtra,Dr. Panjabrao Deshmukh Krishi Vidyapeeth Akola,Agriculture,xlsx,RESTRICTED,2026-06-09T05:22:21+0530,14bf9c94-6120-464e-a81d-40777ea0881f
Agriculture & Allied,Soil health & nutrients,Maharashtra (MahaAgX),Assessment Of Nutrient Use Efficiency Of Water Soluble And Conventional Fertilizers On Yield And Quality Of Bt-Cotton,nutrientmanagement; waterfertilizer; bttcotton; fertigation; cotton,Maharashtra,Dr. Panjabrao Deshmukh Krishi Vidyapeeth Akola,Agriculture,"doc, pdf",RESTRICTED,2026-06-09T05:23:23+0530,3e2b4167-f192-4732-b367-0f26c045ed02
Agriculture & Allied,Soil health & nutrients,Maharashtra (MahaAgX),"Assessment of Soil Fertility Status and Water Quality of Agricultural Research Station, Badnapur",fertility; soil; water; badnapur; salinity; nutrients; research; vnmkv,Maharashtra,Vasantrao Naik Marathwada Krishi Vidyapeeth Parbhani,Agriculture,pdf,OPEN,2026-02-17T03:34:32+0530,05735558-739f-4817-95fd-95829f877fa4
Agriculture & Allied,Soil health & nutrients,Maharashtra (MahaAgX),Basmati-370 Spacing And Fertilizer Recommendation - Research Recommendations 2023,rice; basmati; paddy; spacing; fertilizer,Maharashtra,Mahatma Phule Krishi Vidyapeeth Rahuri,Agriculture,docx,RESTRICTED,2026-06-10T21:56:13+0530,aec694e8-2f10-4d5d-be22-5e2966b42892
Agriculture & Allied,Soil health & nutrients,Maharashtra (MahaAgX),Design and Development of Cost Effective Water Soluble Fertilizer Applicator,fertigation; applicator; costeffective; water; soluble; design; agriculture,Maharashtra,Dr. Balasaheb Sawant Konkan Krishi Vidyapeeth Dapoli,Agriculture,pdf,RESTRICTED,2026-06-02T12:43:58+0530,e843d950-7e14-4676-9a92-b101ec2940f7
Agriculture & Allied,Soil health & nutrients,Maharashtra (MahaAgX),Design Development and Performance Evaluation of Bullock Drawn Cotton Planter Cum Fertilizer Drill,bullock drawn; cotton planter; fertilizer drill; precision planting; dibbling; animal energy; marathwada; vnmkv,Maharashtra,Vasantrao Naik Marathwada Krishi Vidyapeeth Parbhani,Agriculture,pdf,OPEN,2026-02-16T03:53:22+0530,5f5ecaca-6df5-4c09-bd01-4bf8efda9c22
Agriculture & Allied,Soil health & nutrients,Maharashtra (MahaAgX),Design Of Bullock Drawn Cotton Planter Cum Fertilizer Drill,cotton; planter; fertilizer; bullock; design; agriculture,Maharashtra,Vasantrao Naik Marathwada Krishi Vidyapeeth Parbhani,Agriculture,pdf,RESTRICTED,2026-06-05T11:51:48+0530,1fb37445-8a67-4116-8416-a4be5d3d0fd4
Agriculture & Allied,Soil health & nutrients,Maharashtra (MahaAgX),Development Of Erodibility Map For Konkan Region,erodibility; soil; mapping; konkan; spaw; hydraulic,Maharashtra,Dr. Balasaheb Sawant Konkan Krishi Vidyapeeth Dapoli,Agriculture,pdf,RESTRICTED,2026-06-02T16:25:44+0530,ddc3e1ef-82bc-4c69-8f0b-c7aff3cab516
Agriculture & Allied,Soil health & nutrients,Maharashtra (MahaAgX),"Effect Of Calcium And Sulphur Application On Soil Properties, Yield And Quality Of Summer Groundnut",soil; chemistry; research; recommendations; agriculture; analysis; study,Maharashtra,Dr. Panjabrao Deshmukh Krishi Vidyapeeth Akola,Agriculture,"docx, xlsx",RESTRICTED,2026-06-09T05:35:42+0530,c611e090-a2e2-4aa5-9b26-1ace54dc9f2b
Agriculture & Allied,Soil health & nutrients,Maharashtra (MahaAgX),"Effect of different fertilizer levels and pressmud on growth, yield and nutrient uptake of sesame (Sesamum indicum L)",sesame; fertilizer; pressmud; growth; yield; nutrients; uptake; vnmkv,Maharashtra,Vasantrao Naik Marathwada Krishi Vidyapeeth Parbhani,Agriculture,pdf,OPEN,2026-02-17T03:34:49+0530,a432f3a5-5079-4610-9df7-d570ac7f1582
Agriculture & Allied,Soil health & nutrients,Maharashtra (MahaAgX),Effect Of Different Levels Of Nutrients On Tulsi (Ocimum Sanctum),tulsi; fertilizer; npk; fym; herbage,Maharashtra,Mahatma Phule Krishi Vidyapeeth Rahuri,Agriculture,doc,RESTRICTED,2026-06-10T21:47:29+0530,d6933954-2200-41e5-bcb0-b17b16c72847
Agriculture & Allied,Soil health & nutrients,Maharashtra (MahaAgX),Effect Of Foliar Application Of Pdkv Micro Grade Xi On Yield And Nutrient Uptake By Bt-Cotton,nutrient; micronutrient; cotton; yield; foliar,Maharashtra,Dr. Panjabrao Deshmukh Krishi Vidyapeeth Akola,Agriculture,"doc, pdf",RESTRICTED,2026-06-09T05:21:36+0530,9a9c4949-51b7-49a1-86f0-a3a566504b02
Agriculture & Allied,Soil health & nutrients,Maharashtra (MahaAgX),Effect of Foliar Application of Water Soluble Fertilizer on Yield of Cashew,cashew; fertilizer; foliar; yield; horticulture; agriculture,Maharashtra,Dr. Balasaheb Sawant Konkan Krishi Vidyapeeth Dapoli,Agriculture,pdf,RESTRICTED,2026-06-30T16:53:31+0530,e864c67b-235b-40b8-9b05-735ebdb0588f
Agriculture & Allied,Soil health & nutrients,Maharashtra (MahaAgX),Effect Of Integrated Nutrient Management On Soil Quality And Cotton Productivity Under Different Tillage Practices In Vertisol,intercropping; kalmegh; pigeonpea; yield; agriculture,Maharashtra,Dr. Panjabrao Deshmukh Krishi Vidyapeeth Akola,Agriculture,"docx, xlsx",RESTRICTED,2026-06-09T05:29:48+0530,440d0e27-901d-49c0-94a1-6d0b9775d1e5
Agriculture & Allied,Soil health & nutrients,Maharashtra (MahaAgX),"Effect of Integrated Sulphur Management on Growth, Yield, Nutrient Uptake and Quality of Soybean (Glycine max L)",soybean; sulphur; growth; yield; nutrients; uptake; quality; vnmkv,Maharashtra,Vasantrao Naik Marathwada Krishi Vidyapeeth Parbhani,Agriculture,pdf,OPEN,2026-02-17T03:35:12+0530,9ab46f58-92a9-4903-be56-f6167772668c
Agriculture & Allied,Soil health & nutrients,Maharashtra (MahaAgX),Effect Of Organic And Inorganic Nutrient Sources On Soil Humus Fractions Under Soybean-Safflower Cropping Sequence,soybean; safflower; humus; organic; inorganic; nutrients; soil; vnmkv,Maharashtra,Vasantrao Naik Marathwada Krishi Vidyapeeth Parbhani,Agriculture,pdf,OPEN,2026-02-17T03:35:24+0530,c8b3a095-42c2-4207-a87b-dbd273dbf38e
Agriculture & Allied,Soil health & nutrients,Maharashtra (MahaAgX),"Effect Of Organic Manures And Biofertilizers On Growth, Seed Yield And Seed Quality Of Fenugreek",fenugreek; organic; biofertilizer; yield; growth,Maharashtra,Dr. Panjabrao Deshmukh Krishi Vidyapeeth Akola,Agriculture,"docx, pdf",RESTRICTED,2026-06-09T06:51:44+0530,ffc0f598-e298-40a9-aa6f-4a42fd5e3a60
Agriculture & Allied,Soil health & nutrients,Maharashtra (MahaAgX),"Effect of Potassium Di-Hydrogen Ortho-Phosphate and Growth Regulator on Growth, Yield, Uptake and Quality of Soybean (Glycine Max L Merrill) in Inceptisol",soybean; potassium; phosphate; growth; yield; uptake; inceptisol; vnmkv,Maharashtra,Vasantrao Naik Marathwada Krishi Vidyapeeth Parbhani,Agriculture,pdf,OPEN,2026-02-17T03:35:36+0530,24f2975d-fb20-4514-85bc-5505ac21b8d6
Agriculture & Allied,Soil health & nutrients,Maharashtra (MahaAgX),Effect Of Sprays Of Regulators (PGR) And Fertilizer Nutrients On Yield And Quality Of Sugarcane,sugarcane; foliar; regulator; fertilizer; yield,Maharashtra,Mahatma Phule Krishi Vidyapeeth Rahuri,Agriculture,doc,RESTRICTED,2026-06-10T22:43:06+0530,ce2f11d2-93bd-4c2c-a85f-8bbfd85003ac
Agriculture & Allied,Soil health & nutrients,Maharashtra (MahaAgX),Effect of Subsoiling On Production Potential of Rainfed Soybean in Vertisols,subsoiling; vertisols; soybean; soil physical properties; infiltration rate; bulk density; deep tillage; marathwada; vnmkv,Maharashtra,Vasantrao Naik Marathwada Krishi Vidyapeeth Parbhani,Agriculture,pdf,OPEN,2026-02-16T03:52:19+0530,6395338d-0eae-4080-bd13-2e6f0b260fce
Agriculture & Allied,Soil health & nutrients,Maharashtra (MahaAgX),"Effect Of Sulphur Levels And Fym On Yield, Oil Content And Nutrient Uptake Under Agriculture",safflower; sulphur; fym; yield; oil,Maharashtra,Mahatma Phule Krishi Vidyapeeth Rahuri,Agriculture,docx,RESTRICTED,2026-06-10T21:48:27+0530,f1a90faa-2292-432c-93a4-193c019df457
Agriculture & Allied,Soil health & nutrients,Maharashtra (MahaAgX),Effect Of Urban Compost On Seed Production Of Tossa Jute (Corchorus Olitorius L) - Research Recommendations 2023,jute; compost; fertilizer; yield; economics; agriculture; maharashtra,Maharashtra,Mahatma Phule Krishi Vidyapeeth Rahuri,Agriculture,doc,RESTRICTED,2026-06-10T21:59:39+0530,18dc474c-e38c-4377-8ace-5c39a53574a2
Agriculture & Allied,Soil health & nutrients,Maharashtra (MahaAgX),"Effect Of Various Levels Of Fertilizers On Soil Fertility, Yield And Nutrient Uptake By Bt Cotton",nutrient; management; fertilizers; bt-cotton; soil,Maharashtra,Dr. Panjabrao Deshmukh Krishi Vidyapeeth Akola,Agriculture,"doc, pdf",RESTRICTED,2026-06-09T05:20:07+0530,439e6cf1-489f-4b67-8370-09413e627642
Agriculture & Allied,Soil health & nutrients,Maharashtra (MahaAgX),Effect Of Water Soluble Solid Micronutrient On Sugarcane Productivity,sugarcane; micronutrient; fertilizer; yield; blacksoil; fertigation; wssm,Maharashtra,Mahatma Phule Krishi Vidyapeeth Rahuri,Agriculture,docx,RESTRICTED,2026-06-10T22:40:58+0530,c04459fd-20b7-4882-8443-576c1e71c837
Agriculture & Allied,Soil health & nutrients,Maharashtra (MahaAgX),Effect Of Zinc  Iron Enriched Organic Compost On Kharif Sorghum,sorghum; fyms; zin; iron; yield,Maharashtra,Dr. Panjabrao Deshmukh Krishi Vidyapeeth Akola,Agriculture,"docx, xlsx",RESTRICTED,2026-06-09T07:20:35+0530,7b5968d3-6f58-490c-bb1f-6148df092af3
Agriculture & Allied,Soil health & nutrients,Maharashtra (MahaAgX),Effect Of Zinc  Iron Enriched Organic Compost On Kharif Sorghum Data,sorghum; zinc; iron; compost; yield; agriculture,Maharashtra,Dr. Panjabrao Deshmukh Krishi Vidyapeeth Akola,Agriculture,docx,RESTRICTED,2026-06-09T07:21:12+0530,8bf5f399-870a-4011-a180-84b43cb9ded9
Agriculture & Allied,Soil health & nutrients,Maharashtra (MahaAgX),"Effect of Zinc Solubilizing Microorganisms On Growth, Yield, Soil Nutrient Dynamics and Microbial Population in Pigeon Pea",pigeon pea; zinc solubilization; biofertilizers; pseudomonas striata; trichoderma viride; soil biodiversity; nutrient dynamics; vertisol; vnmkv,Maharashtra,Vasantrao Naik Marathwada Krishi Vidyapeeth Parbhani,Agriculture,pdf,OPEN,2026-02-16T03:46:20+0530,939bb2e4-0f28-44de-8e43-4348001ed0b9
Agriculture & Allied,Soil health & nutrients,Maharashtra (MahaAgX),Effects of Promising Microbial Isolates for Enhancement of Drought Tolerance and Soil Health in Rainfed Wheat On Vertisol,wheat; drought tolerance; microbial isolates; bacillus licheniformis; soil health; rainfed agriculture; vertisol; biofertilizers; vnmkv,Maharashtra,Vasantrao Naik Marathwada Krishi Vidyapeeth Parbhani,Agriculture,pdf,OPEN,2026-02-16T03:46:36+0530,1792c7d1-47ed-46dd-bbb2-74bdec336add
Agriculture & Allied,Soil health & nutrients,Maharashtra (MahaAgX),Ergonomic Assessment of Developed Sac for Performing Manual Fertilizer Application,ergonomics; fertilizer; agriculture; drudgery; women; maharashtra; safety; vnmkv,Maharashtra,Vasantrao Naik Marathwada Krishi Vidyapeeth Parbhani,Agriculture,pdf,OPEN,2026-02-16T03:33:36+0530,02cb5c39-5750-4816-8e69-30b7fe6dc90e
Agriculture & Allied,Soil health & nutrients,Maharashtra (MahaAgX),Estimation of the Value of Exponent m in the Modified Universal Soil Loss Equation (musle),musle; soil loss equation; exponent m; soil erosion; runoff; rainfed agriculture; marathwada; vertisol; vnmkv,Maharashtra,Vasantrao Naik Marathwada Krishi Vidyapeeth Parbhani,Agriculture,pdf,OPEN,2026-02-16T03:52:08+0530,6e0ce6cb-7256-467c-95a2-22deafadea10
Agriculture & Allied,Soil health & nutrients,Maharashtra (MahaAgX),Evaluation Of Land Quality Indicators For Major Cotton Growing Soils Of Jalgaon District,organic; manure; kawach; onion; yield,Maharashtra,Dr. Panjabrao Deshmukh Krishi Vidyapeeth Akola,Agriculture,"docx, xlsx",RESTRICTED,2026-06-09T05:31:29+0530,b6f6a8ca-6d63-4ab5-91d4-dbb25385d4f1
Agriculture & Allied,Soil health & nutrients,Maharashtra (MahaAgX),"Evaluation Of Optical Properties Of Plastic Mulches And Its Effect On Soil Temperature, Soil Moisture And Weed Density",mulch; optics; soil; temperature; moisture; weed,Maharashtra,Vasantrao Naik Marathwada Krishi Vidyapeeth Parbhani,Agriculture,pdf,RESTRICTED,2026-06-04T16:05:50+0530,eb8708d7-dae1-457d-8b97-63d25fea25af
Agriculture & Allied,Soil health & nutrients,Maharashtra (MahaAgX),Evaluation Of Soil And Water Conservation Structures In Selected Watersheds,soil; water; conservation; watershed; engineering,Maharashtra,Dr. Balasaheb Sawant Konkan Krishi Vidyapeeth Dapoli,Agriculture,pdf,RESTRICTED,2026-06-02T16:40:20+0530,083cc120-f49a-4cb7-8836-76ab105123ab
Agriculture & Allied,Soil health & nutrients,Maharashtra (MahaAgX),Fertilizer Recommendation Based On Stcrc Approach For Rajmah Bean - Research Recommendations 2023,rajmah; bean; fertilizer; stcrc; fym; soil,Maharashtra,Mahatma Phule Krishi Vidyapeeth Rahuri,Agriculture,doc,RESTRICTED,2026-06-10T22:42:15+0530,59f46c82-46d6-4c24-a299-d9d661b4e40a
Agriculture & Allied,Soil health & nutrients,Maharashtra (MahaAgX),Foliar Pgr And Fertilizer Sprays On Sugarcane Yield And Quality - Research Recommendations 2023,sugarcane; foliar; regulator; fertilizer; yield,Maharashtra,Mahatma Phule Krishi Vidyapeeth Rahuri,Agriculture,doc,RESTRICTED,2026-06-10T22:39:24+0530,1dc6d382-522c-4c46-bbfd-555e8c6bef37
Agriculture & Allied,Soil health & nutrients,Maharashtra (MahaAgX),"Fym, Vermicompost And Urban Compost - Research Recommendations 2024",wheat; soil; compost; fertilizer; yield; inceptisol,Maharashtra,Mahatma Phule Krishi Vidyapeeth Rahuri,Agriculture,doc,RESTRICTED,2026-06-11T00:21:12+0530,64746d02-4226-436d-a32e-cfb249cb4287
Agriculture & Allied,Soil health & nutrients,Maharashtra (MahaAgX),Green Forage Fertilizer Recommendation,fertilizer; greenforage; marvel; westernmaharashtra; fym; nitrogen,Maharashtra,Mahatma Phule Krishi Vidyapeeth Rahuri,Agriculture,docx,RESTRICTED,2026-06-10T21:31:17+0530,384551ea-86e0-4c34-bb96-17e93015c203
Agriculture & Allied,Soil health & nutrients,Maharashtra (MahaAgX),"Groundnut Seed Rate, Intercropping, Bio-Formulation, Foliar Fertilizer - Research Recommendations 2020",groundnut; seedrate; intercropping; bioformulation; foliarfertilizer,Maharashtra,Mahatma Phule Krishi Vidyapeeth Rahuri,Agriculture,docx,RESTRICTED,2026-06-10T21:29:35+0530,528d2508-7d15-47d5-9144-023305ebbb21
Agriculture & Allied,Soil health & nutrients,Maharashtra (MahaAgX),Long Term Effect Of Integrated Nutrient Management On Soil Quality And Productivity Of Cotton  Greengram Intercropping System In Vertisols,ashwagandha; sowing; yield; economics; agriculture,Maharashtra,Dr. Panjabrao Deshmukh Krishi Vidyapeeth Akola,Agriculture,"docx, xlsx",RESTRICTED,2026-06-09T05:33:34+0530,c5e38ec9-43e6-40f4-beae-35ec07d663f2
Agriculture & Allied,Soil health & nutrients,Maharashtra (MahaAgX),Mahatma Phule Krishi Vidyapeeth Innovative Farm Implements For Soil And Water Conservation - Research Recommendations 2025,soilconservation; waterconservation; mechanization; implement; agriculture; maharashtra; india,Maharashtra,Mahatma Phule Krishi Vidyapeeth Rahuri,Agriculture,docx,RESTRICTED,2026-06-11T00:24:35+0530,c4447bd1-a387-4f00-a1cf-33839fc52cc2
Agriculture & Allied,Soil health & nutrients,Maharashtra (MahaAgX),Modelling Of Soil Erosion And Planning Of Conservation Measures In The Watershed Using Remote Sensing And Geographical Information System,soilerosion; watershed; remotesensing; gis; conservation; modeling; soilloss,Maharashtra,Dr. Balasaheb Sawant Konkan Krishi Vidyapeeth Dapoli,Agriculture,pdf,RESTRICTED,2026-06-02T17:46:16+0530,006a932e-8b79-4ab4-a6f5-799dc0b473bc
Agriculture & Allied,Soil health & nutrients,Maharashtra (MahaAgX),Musle Coefficient And Exponent - Research Recommendations 2021,soil; erosion; conservation; musle; slope,Maharashtra,Mahatma Phule Krishi Vidyapeeth Rahuri,Agriculture,docx,RESTRICTED,2026-06-10T21:51:04+0530,7d0268c2-32f1-40b1-8d8a-d55aeb449ade
Agriculture & Allied,Soil health & nutrients,Maharashtra (MahaAgX),Nutrient Management Studies In Tuberose,nutrient; management; tuberose; fertilizer; yield,Maharashtra,Dr. Panjabrao Deshmukh Krishi Vidyapeeth Akola,Agriculture,docx,RESTRICTED,2026-06-09T05:48:29+0530,01809c3d-507a-4076-beda-3f46c88cdf69
Agriculture & Allied,Soil health & nutrients,Maharashtra (MahaAgX),Organic Manure Fenugreek Data,horticulture; vegetable; research; recommendations; study,Maharashtra,Dr. Panjabrao Deshmukh Krishi Vidyapeeth Akola,Agriculture,xlsx,RESTRICTED,2026-06-09T06:53:03+0530,a08b71b2-31da-4541-9233-9abe5f97055b
Agriculture & Allied,Soil health & nutrients,Maharashtra (MahaAgX),Recommended Fertilizer And Foliar Zinc For Soybean Yield In Maharashtra Sub-Montane Zone,soybean; zinc; nanoparticles; fertilizer; soil; yield; agriculture,Maharashtra,Mahatma Phule Krishi Vidyapeeth Rahuri,Agriculture,docx,RESTRICTED,2026-06-11T00:20:01+0530,9ffab3fa-acf3-499f-a08b-9eda98fdb30b
Agriculture & Allied,Soil health & nutrients,Maharashtra (MahaAgX),Response of Bt Cotton Hybrid Nhh 44 to Moisture Conservation and Fertilizer Levels,bt cotton; nhh 44; moisture conservation; fertilizer levels; rainfed agriculture; seed cotton yield; economics; nanded; vnmkv,Maharashtra,Vasantrao Naik Marathwada Krishi Vidyapeeth Parbhani,Agriculture,pdf,OPEN,2026-02-16T03:24:59+0530,7c45b227-bb79-4f8a-a1bd-39accb2e6f1f
Agriculture & Allied,Soil health & nutrients,Maharashtra (MahaAgX),Response of Chickpea to Graded Levels of Potassium and Zinc in Vertisol,chickpea; nutrient management; potassium; zinc; vertisol; soil fertility; yield optimization; marathwada; vnmkv,Maharashtra,Vasantrao Naik Marathwada Krishi Vidyapeeth Parbhani,Agriculture,pdf,OPEN,2026-02-16T03:45:31+0530,76a85cb7-679c-473b-8011-5606c8159229
Agriculture & Allied,Soil health & nutrients,Maharashtra (MahaAgX),Response of Maize to Micronutrients Application in Kharif Season,maize; micronutrients; kharif; nitrogen; phosphorus; zinc; boron; vnmkv,Maharashtra,Vasantrao Naik Marathwada Krishi Vidyapeeth Parbhani,Agriculture,pdf,OPEN,2026-02-17T03:36:04+0530,83145ab8-1084-4eeb-a464-2e4d94d8a8d8
Agriculture & Allied,Soil health & nutrients,Maharashtra (MahaAgX),Response of Soybean to Foliar Application of Micronutrients Under Rainfed Condition in Vertisol,soybean; micronutrients; vertisol; rainfed; zinc; iron; molybdenum; vnmkv,Maharashtra,Vasantrao Naik Marathwada Krishi Vidyapeeth Parbhani,Agriculture,pdf,OPEN,2026-02-17T03:36:25+0530,66607eef-321e-4330-884e-95105b89de19
Agriculture & Allied,Soil health & nutrients,Maharashtra (MahaAgX),Safflower Foliar Fertilizer Management - Research Recommendations 2017,safflower; foliar; fertilizer; nutrient; drought; yield; economics,Maharashtra,Mahatma Phule Krishi Vidyapeeth Rahuri,Agriculture,docx,RESTRICTED,2026-06-10T21:46:48+0530,7a63f8af-fc01-4b06-8f07-b42cdb4326b6
Agriculture & Allied,Soil health & nutrients,Maharashtra (MahaAgX),Seed Treatment Of 25 Ml Liquid Rhizobium  25 Ml Liquid Psb Per Kg Seed With Fertilizer Dose - 2018,groundnut; agronomy; biofertilizer; yield; economics,Maharashtra,Mahatma Phule Krishi Vidyapeeth Rahuri,Agriculture,docx,RESTRICTED,2026-06-11T07:33:35+0530,07d1fde0-694f-4c06-bf61-7cf17b1a01fa
Agriculture & Allied,Soil health & nutrients,Maharashtra (MahaAgX),Soil Erosion And Crop Productivity Model For Konkan Region,soil; erosion; crop; productivity; konkan; model; agriculture,Maharashtra,Dr. Balasaheb Sawant Konkan Krishi Vidyapeeth Dapoli,Agriculture,pdf,RESTRICTED,2026-06-02T17:10:47+0530,03faa9ca-dfcc-4a79-a32b-30ac07a29e3d
Agriculture & Allied,Soil health & nutrients,Maharashtra (MahaAgX),Soil Lab Spectral Reflectance Dataset for Ahilyanagar,soil spectral data; hyperspectral; soilsignatures; ahilyanagar; maharashtra; mpkv,Maharashtra,Mahatma Phule Krishi Vidyapeeth Rahuri,Agriculture,xlsx,RESTRICTED,2026-05-21T16:36:53+0530,f9085a6d-5e57-4365-82b8-18a3a4a3fb81
Agriculture & Allied,Soil health & nutrients,Maharashtra (MahaAgX),Soil Moisture Content (SMC) and Field Location Dataset (11-13 May 2026),smc; rahuri; maharashtra; mpkv,Maharashtra,Mahatma Phule Krishi Vidyapeeth Rahuri,Agriculture,xlsx,RESTRICTED,2026-05-21T16:45:07+0530,b94b8c1d-f414-4aa6-8df1-b1b49ce9b7d4
Agriculture & Allied,Soil health & nutrients,Maharashtra (MahaAgX),Soil Moisture Content (SMC) and Field Location Dataset (22-24 May 2026),smc; rahuri; maharashtra; mpkv,Maharashtra,Mahatma Phule Krishi Vidyapeeth Rahuri,Agriculture,xlsx,RESTRICTED,2026-05-21T16:47:01+0530,482113b6-9456-41eb-9a7e-3acb501806f9
Agriculture & Allied,Soil health & nutrients,Maharashtra (MahaAgX),Soil Moisture Content (SMC) and Field Location Dataset (24-28 May 2026),smc; rahuri; maharashtra; mpkv,Maharashtra,Mahatma Phule Krishi Vidyapeeth Rahuri,Agriculture,xlsx,RESTRICTED,2026-05-21T16:46:30+0530,966820ea-8c28-4585-b439-55fc1b869dbb
Agriculture & Allied,Soil health & nutrients,Maharashtra (MahaAgX),Soil Moisture Content (SMC) and Field Location Dataset (4-6 May 2026),smc; rahuri; maharashtra; mpkv,Maharashtra,Mahatma Phule Krishi Vidyapeeth Rahuri,Agriculture,xlsx,RESTRICTED,2026-05-21T16:45:54+0530,b1043df9-ffb3-4815-a907-f994e545f8ec
Agriculture & Allied,Soil health & nutrients,Maharashtra (MahaAgX),Soil Moisture Monitoring Dataset for Maharashtra Agriculture,soilmoisture; agriculture; irrigation; maharashtra; dataset; precisionagriculture; cropmanagement,Maharashtra,Mahatma Phule Krishi Vidyapeeth Rahuri,Agriculture,xlsx,RESTRICTED,2026-05-22T11:24:03+0530,9761d691-5740-4e2b-8f32-faf8fe053c58
Agriculture & Allied,Soil health & nutrients,Maharashtra (MahaAgX),Soil Moisture Monitoring in Agricultural Plots of Maharashtra,soil; moisture; agriculture; monitoring; maharashtra; data,Maharashtra,Mahatma Phule Krishi Vidyapeeth Rahuri,Agriculture,xlsx,RESTRICTED,2026-05-22T11:10:29+0530,26af7b37-cad8-450b-b65a-dcbf24091893
Agriculture & Allied,Soil health & nutrients,Maharashtra (MahaAgX),Soil Moisture Monitoring in Ploughed and Fallow Lands of Maharashtra,soil; moisture; monitoring; agriculture; maharashtra; ploughed; fallow,Maharashtra,Mahatma Phule Krishi Vidyapeeth Rahuri,Agriculture,xlsx,RESTRICTED,2026-05-22T11:20:39+0530,f088ae5c-d060-4d2c-a1a5-fbd419b2fcec
Agriculture & Allied,Soil health & nutrients,Maharashtra (MahaAgX),Soil Moisture Monitoring in Ploughed and Fallow Lands of Maharashtra: A Field Study,soil; moisture; monitoring; agriculture; maharashtra; field; data,Maharashtra,Mahatma Phule Krishi Vidyapeeth Rahuri,Agriculture,xlsx,RESTRICTED,2026-05-21T16:47:50+0530,72bd0b88-fc4d-4044-807d-12b2dae3b5c5
Agriculture & Allied,Soil health & nutrients,Maharashtra (MahaAgX),Soil Properties And Carbon Pools Under Different Conservation Agriculture Management Practices In Swell-Shrink Soils,soil; chemistry; research; recommendations; agriculture,Maharashtra,Dr. Panjabrao Deshmukh Krishi Vidyapeeth Akola,Agriculture,"docx, xlsx",RESTRICTED,2026-06-09T05:34:32+0530,bd007e08-b691-4df7-9320-0a0f614bfcd1
Agriculture & Allied,Soil health & nutrients,Maharashtra (MahaAgX),Soil Quality Assessment And Landevaluation,soil; chemistry; research; recommendations; agriculture,Maharashtra,Dr. Panjabrao Deshmukh Krishi Vidyapeeth Akola,Agriculture,"doc, xlsx",RESTRICTED,2026-06-09T05:32:30+0530,a7544811-5745-4e85-b246-c809dfad9eee
Agriculture & Allied,Soil health & nutrients,Maharashtra (MahaAgX),"Soil Resource Mapping of Oilseed Research Station, Latur",soil; mapping; nutrients; soybean; latur; fertility; vertisols; vnmkv,Maharashtra,Vasantrao Naik Marathwada Krishi Vidyapeeth Parbhani,Agriculture,pdf,OPEN,2026-02-17T03:36:50+0530,ba54a5ee-ce20-4c9b-9c21-355f1d5e205a
Agriculture & Allied,Soil health & nutrients,Maharashtra (MahaAgX),"Soil Survey, Assesment of Soil Fertility Status and Water Quality of Agriculture College, Badnapur",soil; fertility; water; nutrients; badnapur; mapping; agriculture; vnmkv,Maharashtra,Vasantrao Naik Marathwada Krishi Vidyapeeth Parbhani,Agriculture,pdf,OPEN,2026-02-17T03:37:00+0530,c59f0910-1b27-460f-83af-b4914daf554b
Agriculture & Allied,Soil health & nutrients,Maharashtra (MahaAgX),Soil Testing Status Of The Farmers In Distress Prone Districts Of Vidarbha,research; recommendations; agril; extension; study,Maharashtra,Dr. Panjabrao Deshmukh Krishi Vidyapeeth Akola,Agriculture,"doc, xlsx",RESTRICTED,2026-06-09T04:57:37+0530,f1611ba4-e774-4e81-bfc6-94468919b46e
Agriculture & Allied,Soil health & nutrients,Maharashtra (MahaAgX),Standardization Of Npk Nutrient Application For Preseasonal Sugarcane For Western Maharashtra,sugarcane; fertilizer; npk; yield; westernmaharashtra; agriculture,Maharashtra,Mahatma Phule Krishi Vidyapeeth Rahuri,Agriculture,docx,RESTRICTED,2026-06-11T00:20:34+0530,2ece1c37-6895-45d7-b647-0c0603d95bbf
Agriculture & Allied,Soil health & nutrients,Maharashtra (MahaAgX),Studies On Critical Soil Water Potential And Seed Hydration Value For Germination Of Soybean Varieties Under Different Soil Types,soybean; germination; hydration; potential; moisture; soil; agriculture; vnmkv,Maharashtra,Vasantrao Naik Marathwada Krishi Vidyapeeth Parbhani,Agriculture,pdf,OPEN,2026-02-17T03:42:35+0530,73f69218-fab1-4bf0-8775-1a9f7b973ecb
Agriculture & Allied,Soil health & nutrients,Maharashtra (MahaAgX),Studies on Different Fractions of Nitrogen in Tank Silt and Tank Silt Hybridized Soils,nitrogen; silt; soil; fractions; hybridization; nutrients; fertility; vnmkv,Maharashtra,Vasantrao Naik Marathwada Krishi Vidyapeeth Parbhani,Agriculture,pdf,OPEN,2026-02-17T03:42:09+0530,7baaa3e2-428f-4fa5-b018-a0a66535283a
Agriculture & Allied,Soil health & nutrients,Maharashtra (MahaAgX),"Studies On Effect of Potassium and Micronutrients On Growth, Yield, Quality, and Nutrient Uptake by Pigeon Pea",pigeon pea; potassium nutrition; micronutrients; vertisol; nutrient management; soil fertility; yield optimization; marathwada; vnmkv,Maharashtra,Vasantrao Naik Marathwada Krishi Vidyapeeth Parbhani,Agriculture,pdf,OPEN,2026-02-16T03:46:03+0530,d148a90d-68eb-437a-aca3-2dd41f5c3e81
Agriculture & Allied,Soil health & nutrients,Maharashtra (MahaAgX),"Studies On Effect of Potassium and Micronutrients On Growth, Yield, Quality, and Nutrient Uptake of Green Gram",green gram; potassium nutrition; micronutrients; vertisol; nutrient management; soil fertility; yield optimization; marathwada; vnmkv,Maharashtra,Vasantrao Naik Marathwada Krishi Vidyapeeth Parbhani,Agriculture,pdf,OPEN,2026-02-16T03:45:47+0530,adc2e073-1368-4bcf-9e3e-a9252399316a
Agriculture & Allied,Soil health & nutrients,Maharashtra (MahaAgX),Subsurface Drainage System For Sugarcane In Waterlogged Vertisols - Research Recommendations 2016,sugarcane; drainage; vertisols; irrigation; agriculture,Maharashtra,Mahatma Phule Krishi Vidyapeeth Rahuri,Agriculture,docx,RESTRICTED,2026-06-11T07:17:39+0530,0f5f9c50-1be4-40ec-9bc7-eac85d6b91a0
Agriculture & Allied,Soil health & nutrients,Maharashtra (MahaAgX),Subsurface Drainage System With Geo-Textile Filter For Soybean-Wheat In Waterlogged Vertisols,drainage; soybean; wheat; vertisols; irrigation,Maharashtra,Mahatma Phule Krishi Vidyapeeth Rahuri,Agriculture,doc,RESTRICTED,2026-06-11T00:17:10+0530,97f8957a-8286-4145-9c3a-19c643ef0015
Agriculture & Allied,Soil health & nutrients,Maharashtra (MahaAgX),Taluka Wise Soil Erodibility Map Recommendation,soil; erosion; conservation; agriculture; engineering,Maharashtra,Mahatma Phule Krishi Vidyapeeth Rahuri,Agriculture,docx,RESTRICTED,2026-06-10T21:51:49+0530,3a1bc9ee-f661-48bc-9b8d-65d21d891051
Agriculture & Allied,Soil health & nutrients,Maharashtra (MahaAgX),Tillage and Nutrient Management for Resource Conservation and Soil Quality Improvement,tillage; nutrient management; soybean; pigeonpea; cotton; soil quality; organic carbon; marathwada; vnmkv,Maharashtra,Vasantrao Naik Marathwada Krishi Vidyapeeth Parbhani,Agriculture,pdf,OPEN,2026-02-16T03:52:25+0530,16889c2a-c9be-444d-8f90-b68fa5879cf0
Agriculture & Allied,Soil health & nutrients,Maharashtra (MahaAgX),Vertical Mulching  Semi-Circular Basin For Custard Apple Soil Conservation - 2024,custardapple; mulching; soilmoisture; rainfed; vertical,Maharashtra,Mahatma Phule Krishi Vidyapeeth Rahuri,Agriculture,docx,RESTRICTED,2026-06-10T23:40:10+0530,4c889c70-0741-4668-84de-77a1fce166f2
Agriculture & Allied,Soil health & nutrients,Maharashtra (MahaAgX),"Yield, Nutrient Uptake and Soil Nutrient Availability in Cowpea (Vigna Unguiculata L) as Influences by INM Under Rainfed Condition",cowpea; nutrients; yield; rainfed; availability; fertilizer; soil; vnmkv,Maharashtra,Vasantrao Naik Marathwada Krishi Vidyapeeth Parbhani,Agriculture,pdf,OPEN,2026-02-17T03:41:58+0530,9088a445-e4f3-4adc-b337-f54a18506920
Agriculture & Allied,Soil health & nutrients,Maharashtra (MahaAgX),Zinc Solubilization Potential of Microbial Strains and Their Effect On Bt Cotton in Vertisol,bt cotton; zinc solubilization; biofertilizers; trichoderma viride; vertisol; soil biodiversity; nutrient mobilization; parbhani; vnmkv,Maharashtra,Vasantrao Naik Marathwada Krishi Vidyapeeth Parbhani,Agriculture,pdf,OPEN,2026-02-16T03:45:37+0530,ff1cc702-6786-4472-93d6-8fcdf5897a56
Agriculture & Allied,Soil health & nutrients,Telangana (TGDeX),Telangana Soil Organic Carbon Raster Data,Geospatial; Soil; Carbon,Telangana,ADeX,Agriculture & Farming,API,OPEN,2025-07-01T08:08:23+0530,5b081bd9-8393-4a5e-ad30-8ea8fc6c1a97
Agriculture & Allied,Soil health & nutrients,Telangana (TGDeX),Telangana State Cropland Soil Test Data,Crop; Soil Test; Irrigation,Telangana,ADeX,Agriculture & Farming,API,RESTRICTED,2025-07-01T08:07:50+0530,b3742541-36b2-449c-b20f-0ba51df9a596
Agriculture & Allied,Soil health & nutrients,Telangana (TGDeX),Telangana Surface Soil Moisture and Deviance Data,Geospatial; Soil Moisture; Drought,Telangana,ADeX,Agriculture & Farming,API,OPEN,2025-07-01T08:08:53+0530,36feb273-2fc4-4add-9ca2-5b49c4f7d118
"Economy, Industry & Finance","Industry, trade & public finance",Geospatial (DX GeoSpatial),"MSME clusters, Varanasi, India",livelihoods and skilling; geospatial; banarasi silk; weaving; textile industry; cultural heritage; artisans; physical infrastructure; amenities; dronagiri,"Varanasi, India",,,,,2025-02-06T10:46:11+0530,933f87a7-1b67-4b50-965e-fa0396c88c50
"Economy, Industry & Finance","Industry, trade & public finance",Maharashtra (MahaAgX),Agristack Bank Branches Registry for Maharashtra,bank-branch; ifsc-code; maharashtra; mumbai-suburban; bank-of-baroda; financial-infrastructure; revenue-centre; banking-services,Maharashtra,"Agristack Ministry of Agriculture and Farmer Welfare, Government of India",Agriculture,JSON,RESTRICTED,2026-02-16T11:47:19+0530,6555aa5e-e473-439c-8cde-70886e4fc073
"Economy, Industry & Finance","Industry, trade & public finance",Maharashtra (MahaAgX),Agristack Bank Registry for the Banks Operating in Maharashtra,bank-registry; financial-institutions; maharashtra; banking; bank-code; economic-infrastructure; state-registry,Maharashtra,"Agristack Ministry of Agriculture and Farmer Welfare, Government of India",Agriculture,JSON,RESTRICTED,2026-02-16T10:13:22+0530,ee03d0a4-dc9e-45a7-a3ea-d978bd86b26e
"Economy, Industry & Finance","Industry, trade & public finance",Maharashtra (MahaAgX),Agristack Scale of Finance for Apiculture (Beekeeping) in Maharashtra,scale-of-finance; sof; apiculture; beekeeping; maharashtra; agricultural-credit; financial-benchmark; kisan-credit-card,Maharashtra,"Agristack Ministry of Agriculture and Farmer Welfare, Government of India",Agriculture,JSON,RESTRICTED,2026-02-15T02:53:27+0530,e5fb6de7-c360-47af-8aa4-ac7177d49012
"Economy, Industry & Finance","Industry, trade & public finance",Maharashtra (MahaAgX),Agro-Industrial Direct Commodity Transaction Records in Maharashtra,commodity; maharashtra; solapur; agro-industry; trade; procurement; transaction; market-value; direct-market,Maharashtra,Maharashtra State Agricultural Marketing Board Government of Maharashtra,Agriculture,JSON,RESTRICTED,2026-02-14T05:27:09+0530,7676296a-2d0c-4abb-b7db-a366795e8bb6
"Economy, Industry & Finance","Industry, trade & public finance",Maharashtra (MahaAgX),An Economic Analysis of Coffee Processing and Marketing in Wayanad District of Kerala,coffee; processing; marketing; wayanad; economics; kerala; agriculture; bskkv,Maharashtra,Dr. Balasaheb Sawant Konkan Krishi Vidyapeeth Dapoli,Agriculture,pdf,OPEN,2026-02-16T04:35:18+0530,e5e493dd-dd0e-4479-9ea9-e589620d74f8
"Economy, Industry & Finance","Industry, trade & public finance",Maharashtra (MahaAgX),Assessment Of Economic Impact Of Juvenile Fishing Of Some Selected Species Along Ratnagiri Coast,juvenile; fishing; economic; impact; species; coast,Maharashtra,Dr. Balasaheb Sawant Konkan Krishi Vidyapeeth Dapoli,Agriculture,pdf,RESTRICTED,2026-06-03T10:51:43+0530,d68a4dac-00a5-4f93-991e-0c3baa5ee30e
"Economy, Industry & Finance","Industry, trade & public finance",Maharashtra (MahaAgX),Capital Investment Pattern Of Processing Unit,capitalinvestment; processingunit; fixedcapital; operatingcapital; investmentpattern,Maharashtra,Mahatma Phule Krishi Vidyapeeth Rahuri,Agriculture,pdf,RESTRICTED,2026-06-11T00:33:32+0530,e43c8c67-deee-40cb-b028-1b1245f12a85
"Economy, Industry & Finance","Industry, trade & public finance",Maharashtra (MahaAgX),Economic Loss Assessment of Juvenile Fishing for Indian Oil Sardine and Indian Squid,sardine; squid; fishing; fisheries; juvenile; economics,Maharashtra,Dr. Balasaheb Sawant Konkan Krishi Vidyapeeth Dapoli,Agriculture,pdf,RESTRICTED,2026-06-30T15:51:18+0530,10d366c6-9609-40bb-91bf-53a39632a3ac
"Economy, Industry & Finance","Industry, trade & public finance",Maharashtra (MahaAgX),"Economic Management of Temptation Foods Ltd, Jejuri Pune",food; processing; management; economics; horticulture; agribusiness; vegetables; mpkv,Maharashtra,Mahatma Phule Krishi Vidyapeeth Rahuri,Agriculture,pdf,OPEN,2026-02-16T12:58:59+0530,c419ff6b-f9b6-47cf-ae65-b8ce3af29c5b
"Economy, Industry & Finance","Industry, trade & public finance",Maharashtra (MahaAgX),Economics of Production and Marketing and Processing of Geranium in Western Maharashtra,geranium; economics; processing; marketing; profitability; maharashtra; oil; mpkv,Maharashtra,Mahatma Phule Krishi Vidyapeeth Rahuri,Agriculture,docx,RESTRICTED,2026-02-16T01:05:48+0530,ca99fb64-ac63-4dc9-824b-b9fe5ad81016
"Economy, Industry & Finance","Industry, trade & public finance",Maharashtra (MahaAgX),Ergonomical study and refinement of work practices and health hazards of men and women in cashew processing industries,ergonomics; cashew; healthhazards; handprotection; manufacturing,Maharashtra,Dr. Balasaheb Sawant Konkan Krishi Vidyapeeth Dapoli,Agriculture,pdf,RESTRICTED,2026-06-02T12:57:17+0530,a5fc7356-68c9-4c45-b94c-1e45f6e31ee0
"Economy, Industry & Finance","Industry, trade & public finance",Maharashtra (MahaAgX),Initial Capital Investment Of The Processing Unit,land; buildings; plant; engineering; furniture; electric; water,Maharashtra,Mahatma Phule Krishi Vidyapeeth Rahuri,Agriculture,pdf,RESTRICTED,2026-06-11T00:34:29+0530,bf091399-4775-4d79-a2c5-7702465d34f8
"Economy, Industry & Finance","Industry, trade & public finance",Maharashtra (MahaAgX),Private Market Daily Commodity Arrivals and Prices in Maharashtra,agriculture; mandi; market-price; crop-arrival; commodity; maharashtra; price-discovery; private-market,Maharashtra,Maharashtra State Agricultural Marketing Board Government of Maharashtra,Agriculture,JSON,RESTRICTED,2026-02-14T05:12:13+0530,474b0c02-cfb8-4a33-8d6e-2f419a0c847e
"Economy, Industry & Finance","Industry, trade & public finance",Maharashtra (MahaAgX),Proposal For The Identification Of Novel Bacillus Thuringiensis Local Isolates,biotechnology; research; recommendations; industry; policy,Maharashtra,Dr. Panjabrao Deshmukh Krishi Vidyapeeth Akola,Agriculture,doc,RESTRICTED,2026-06-09T05:16:52+0530,53c970ee-e0e5-4b7b-bb0b-11a2b5444c6a
"Economy, Industry & Finance","Industry, trade & public finance",Maharashtra (MahaAgX),Study On Feasibility of Stone Dust as a Substitute for Sand in Construction,stone dust; crusher dust; sand substitute; concrete strength; sustainable construction; compressive strength; m15 concrete; m20 concrete; vnmkv,Maharashtra,Vasantrao Naik Marathwada Krishi Vidyapeeth Parbhani,Agriculture,pdf,OPEN,2026-02-16T03:43:19+0530,948e9999-dc49-4c42-83e0-34e81e2afd0c
"Economy, Industry & Finance","Industry, trade & public finance",Maharashtra (MahaAgX),Textile Manufacturing Units in Maharashtra,textile industry; maharashtra; manufacturing units; economic data; employment statistics; industrial production; powerloom; msme; Textile,Maharashtra,Department of Textiles Government of Maharashtra,Agriculture,JSON,RESTRICTED,2026-03-23T01:01:58+0530,7e9a2798-0a2f-43f0-9e1e-1102180dfb15
"Economy, Industry & Finance","Industry, trade & public finance",Telangana (TGDeX),Daily Commodity Arrivals and Prices at Telangana Market Yards (2016),Agriculture; Commodity Prices; Daily; Market Yards; Price Trends,Telangana,Dept. of Agriculture & Co-operation,Agriculture & Farming,CSV,OPEN,2025-06-22T09:26:17+0530,9d05c1d9-9e43-4f7f-9090-6479fe547747
"Economy, Industry & Finance","Industry, trade & public finance",Telangana (TGDeX),"Daily Market Yard Commodity Prices in Telangana, 2017",Agriculture; Commodity Prices; Daily; Market Yards; Price Trends,Telangana,Dept. of Agriculture & Co-operation,Agriculture & Farming,CSV,OPEN,2025-06-22T09:26:04+0530,4bfc31bc-0d96-4560-9f5d-115c098fe7d7
"Economy, Industry & Finance","Industry, trade & public finance",Telangana (TGDeX),District Self Help Group and Bank Credit Data for Telangana (2015-2016),Finance; SHGs; Bank Credit; Rural Finance; Microcredit,Telangana,Dept. of Panchayat Raj & Rural Development,Rural Development,CSV,OPEN,2025-06-22T09:45:41+0530,0ea01615-78bd-4dd8-9a4d-f41da9d10b70
"Economy, Industry & Finance","Industry, trade & public finance",Telangana (TGDeX),District-level Tax Demand and Local Body Counts for Financial Year 2015-2016,Finance; Tax Demand; Local Bodies; Revenue Analysis; Budget Planning,Telangana,Dept. of Municipal Administration & Urban Development,Finance,CSV,OPEN,2025-06-22T10:14:52+0530,0b020940-7714-4d6f-b516-01a8b5bb84dc
"Economy, Industry & Finance","Industry, trade & public finance",Telangana (TGDeX),"District-wise Industrial Units, Employment, and Investment for Financial Year 2015-2016",Industry; Industrial Units; Employment; Investment; Economic Analysis,Telangana,Dept. of Industries & Commerce,Manufacturing,CSV,OPEN,2025-06-22T10:17:29+0530,26ab263b-699f-426b-a6f6-751ad39675b7
"Economy, Industry & Finance","Industry, trade & public finance",Telangana (TGDeX),Handloom and Powerloom Weaving Statistics in Telangana Districts (2015-2016),Handloom; Powerloom; Weaving; Textiles; Cottage Industry,Telangana,Dept. of Industries & Commerce,Textiles & Apparel,CSV,OPEN,2025-06-22T10:18:12+0530,1c71a34e-540b-4d6e-a814-cb4c1b198eb5
"Economy, Industry & Finance","Industry, trade & public finance",Telangana (TGDeX),Telangana District Bank Branches and Automated Teller Machines Distribution (2015-2016),Finance; Banking Infrastructure; Bank Branches; Financial Services; Access to Finance,Telangana,Dept. of Planning,Finance,CSV,OPEN,2025-06-22T09:38:43+0530,9bc60249-0aca-4d5b-b838-d2f1bc7ec952
"Economy, Industry & Finance","Industry, trade & public finance",Telangana (TGDeX),Telangana District Revenue Profile 2015-2016,Finance; Revenue; Public Finance; Budget Analysis; Administrative Data,Telangana,Dept. of Planning,Finance,CSV,OPEN,2025-06-22T09:39:06+0530,12b72734-8352-4617-8eb6-ea9872efb614
"Economy, Industry & Finance","Industry, trade & public finance",Telangana (TGDeX),Telangana Fair Price Shop Card Status Data,Governance; Civil Supplies; Fair Price Shop Cards; Distribution; Public Distribution System,Telangana,Dept. of Consumer Affairs Food & Civil Supplies,Welfare,CSV,OPEN,2025-06-22T10:02:08+0530,5578f3eb-a338-43be-946f-785bd69ed7c4
"Economy, Industry & Finance","Industry, trade & public finance",Telangana (TGDeX),Telangana Fair Price Shop Monthly Distribution Transactions,Governance; Civil Supplies; Fair Price Shop Transactions; Distribution; Food Security,Telangana,Dept. of Consumer Affairs Food & Civil Supplies,Welfare,CSV,OPEN,2025-06-22T10:02:27+0530,0686fd5f-b0a2-4a58-86c7-873a52c89bc7
"Economy, Industry & Finance","Industry, trade & public finance",Telangana (TGDeX),Telangana Fair Price Shop Status with Geolocation,Governance; PDS; Fair Price Shops; Public Distribution; Service Coverage,Telangana,Dept. of Consumer Affairs Food & Civil Supplies,Welfare,CSV,OPEN,2025-06-22T10:02:49+0530,f438a5bb-eb5e-4a98-8a57-aed9a51b9c11
"Economy, Industry & Finance","Industry, trade & public finance",Telangana (TGDeX),Telangana Foreign Liquor Price List,Commerce; Liquor Prices; FL2 Licenses; Consumer Info; Regulatory Data,Telangana,Dept. of Revenue,Finance,CSV,OPEN,2025-06-22T10:25:39+0530,a61761b2-4671-4da1-b6ef-607438881d44
"Economy, Industry & Finance","Industry, trade & public finance",Telangana (TGDeX),"Telangana Indian Made Foreign Liquor Price List - December 22, 2021",Commerce; Liquor Prices; IMFL; Regulatory Data; Alcohol Policy,Telangana,Dept. of Revenue,Finance,CSV,OPEN,2025-06-22T10:25:35+0530,a165f0b2-d3ae-4cdc-beed-606645340aaf
"Economy, Industry & Finance","Industry, trade & public finance",Telangana (TGDeX),Telangana Industries Incentives Data,Industry; Incentives; Policy; Economic Development; Financial Schemes,Telangana,Dept. of Industries & Commerce,Manufacturing,CSV,OPEN,2025-06-22T10:17:11+0530,0650629d-f616-4483-81f9-45ca19ea09a7
"Economy, Industry & Finance","Industry, trade & public finance",Telangana (TGDeX),Telangana Industries Raw Material Data,Industry; Raw Materials; Supply Chain; Manufacturing; Logistics,Telangana,Dept. of Industries & Commerce,Manufacturing,CSV,OPEN,2025-06-22T10:17:33+0530,c2e37350-a381-49fe-a83b-6f4cc166fa63
"Economy, Industry & Finance","Industry, trade & public finance",Telangana (TGDeX),Telangana Micro Small and Medium Enterprise Registry,Industry; MSME; Registry; Entrepreneurship; Economic Development,Telangana,Dept. of Industries & Commerce,Manufacturing,CSV,OPEN,2025-06-22T10:17:59+0530,8cc69aee-6956-4bfd-ade5-3aa20a040017
"Economy, Industry & Finance","Industry, trade & public finance",Telangana (TGDeX),Telangana State Factory Registry,Industry; Factories; Registry; Manufacturing; Licensing,Telangana,Dept. of Industries & Commerce,Manufacturing,CSV,OPEN,2025-06-22T10:17:25+0530,aac41844-12d6-4d47-8226-5730892a82d9
"Economy, Industry & Finance","Industry, trade & public finance",Telangana (TGDeX),Telangana State Fair Price Shop Allocation Data,Governance; Civil Supplies; Fair Price Shops; Distribution; Public Distribution System,Telangana,Dept. of Consumer Affairs Food & Civil Supplies,Welfare,CSV,OPEN,2025-06-22T10:01:47+0530,077c82e9-82ae-4289-850a-ef112200c5da
"Economy, Industry & Finance","Industry, trade & public finance",Telangana (TGDeX),"TGTDC Tour Reservation Dataset Seat Bookings, Packages, and Revenue Records",Tour Reservations; Package Bookings; Seat Allocation,Telangana,Dept. of Youth Advancement & Tourism & Culture,Hospitality & Tourism,CSV,OPEN,2025-06-22T09:10:43+0530,bf9d5366-e5f1-4aa6-86a1-f2aecd21f1e7
Education & Skilling,"Schools, higher education & skills",Geospatial (DX GeoSpatial),"Educational Institutions in Pimpri-Chinchwad, Maharashtra",physical infrastructure; geospatial; geographic information; land cover and land use; physical infrastructure; buildings and settlements,"Pimpri-Chinchwad, Maharashtra",,,,,2024-12-12T12:21:23+0530,4ace0dc4-0c69-4b34-b002-6885109a2b23
Education & Skilling,"Schools, higher education & skills",Geospatial (DX GeoSpatial),"Point Features, Gurugram, Haryana",livelihoods and skilling; geospatial; physical infrastructure; school; bank; post; post office; atm; facility; service; amenity; dronagiri; gurugram,"Gurugram, Haryana, India",,,,,2024-12-05T09:57:02+0530,5d7639cc-81ce-4410-8916-1710e68591cd
Education & Skilling,"Schools, higher education & skills",Geospatial (DX GeoSpatial),"Utilities (OSM 50K), Vizianagaram, Andhra Pradesh",survey of india; Vizianagaram; andhra pradesh; Utilities; transportation and logistics; livelihoods & skilling; surveyofindia; utilities; soi; geospatial; Infrastructure; Transmission lines; Utility networks; dronagiri,"Vizianagaram, Andhra Pradesh",,,,,2025-07-29T01:39:27+0530,e8eb36e6-c5f4-4614-b75c-ceebc8369a4a
Education & Skilling,"Schools, higher education & skills",Geospatial (DX GeoSpatial),"Vital installation features (25K) Sonipat, Haryana",survey of india; haryana; Tall telegraph; sonipat; Soi; civic infrastructure; surey of india; Microwave tower; vital installations; Civic_Infrastructure; Air mooring; transportation and logistics; Wireless station mast; Civil Vital Installations; geospatial; livelihoods & skilling; dronagiri,"Sonipat, Haryana",,,,,2025-07-29T01:39:17+0530,5f5c6bf6-5519-4900-809f-2c6464238afc
Education & Skilling,"Schools, higher education & skills",Maharashtra (MahaAgX),Fpos Supply Chain And Service Development - Research Recommendations 2025,fpos; supplychain; seedlings; biofertilizers; training,Maharashtra,Mahatma Phule Krishi Vidyapeeth Rahuri,Agriculture,doc,RESTRICTED,2026-06-11T00:12:58+0530,5eaed1a2-73a8-4cd7-927b-3a4fb2073aac
Education & Skilling,"Schools, higher education & skills",Maharashtra (MahaAgX),Report of Research Activities in the Departments of College of Food Technology (agresco 2015-16),food; technology; processing; nutrition; engineering; preservation; fortification; vnmkv,Maharashtra,Vasantrao Naik Marathwada Krishi Vidyapeeth Parbhani,Agriculture,pdf,OPEN,2026-02-16T03:38:42+0530,27685e40-39a2-460a-a748-6911433b135c
Education & Skilling,"Schools, higher education & skills",Telangana (TGDeX),2014 Urban Illiteracy Counts in Adilabad District,Education; Illiteracy; Urban; Census Data; Literacy Counts,Adilabad District,Dept. of School Education (SE Wing),Education,CSV,OPEN,2025-06-22T10:09:55+0530,734473b1-8f95-440f-a7ae-ae7cebd33f57
Education & Skilling,"Schools, higher education & skills",Telangana (TGDeX),Adilabad Rural Illiteracy by Gender 2014,Education; Illiteracy; Rural; Gender; Census Data,Adilabad District,Dept. of School Education (SE Wing),Education,CSV,OPEN,2025-06-22T10:08:52+0530,ee258f62-037f-411d-9645-e4022158c090
Education & Skilling,"Schools, higher education & skills",Telangana (TGDeX),Affiliated Intermediate Colleges 2018-2019,Education; Intermediate Colleges; Enrollment; Higher Secondary; Institutional Data,Telangana,Dept. of Higher Education,Education,CSV,OPEN,2025-06-22T10:11:24+0530,82658b0c-2986-4bf9-8014-a347f6bbae1b
Education & Skilling,"Schools, higher education & skills",Telangana (TGDeX),Affiliated Intermediate Colleges in Telangana Academic Year 2017-2018,Education; Intermediate Colleges; Enrollment; Higher Secondary; Institutional Data,Telangana,Dept. of Higher Education,Education,CSV,OPEN,2025-06-22T10:11:20+0530,e52f5e7f-116b-408a-a815-f2f8210ee216
Education & Skilling,"Schools, higher education & skills",Telangana (TGDeX),Backward Classes Hostels and Enrolment in Telangana Districts 2015-2016,Demographics; Social Welfare; Backward Classes; Education; Welfare Schemes,Telangana,Dept. of Backward Classes Welfare,Welfare,CSV,OPEN,2025-06-22T10:06:47+0530,48b9f842-fd04-41cc-8177-7440f0a00e7f
Education & Skilling,"Schools, higher education & skills",Telangana (TGDeX),District-level Literacy Counts and Rates in Telangana from Census 2011,Education; Literacy Rates; Census Data; Demographics; Gender,Telangana,Dept. of Planning,Education,CSV,OPEN,2025-06-22T09:38:54+0530,2852d135-ad71-4ead-8e0e-a32309dfd6a2
Education & Skilling,"Schools, higher education & skills",Telangana (TGDeX),District-Level School and College Enrollments and Seats for 2015-2016,Education; Enrollment; Schools; Colleges; Capacity Planning,Telangana,Dept. of School Education (SE Wing),Education,CSV,OPEN,2025-06-22T10:08:59+0530,c3479bfa-2f7b-40c5-907b-77c7f87df424
Education & Skilling,"Schools, higher education & skills",Telangana (TGDeX),District-wise Scheduled Castes and Scheduled Tribes Hostel Infrastructure and Enrollment,Social Welfare; SC/ST; Hostels; Infrastructure; Enrollment,Telangana,Dept. of Social Welfare,Education,CSV,OPEN,2025-06-22T10:10:45+0530,f4b87cca-8886-4a75-a32a-8bcf6188eb44
Education & Skilling,"Schools, higher education & skills",Telangana (TGDeX),District-wise Social Welfare School and Enrollment Data,Social Welfare; Schools; Enrollment; District Data; Welfare Schemes,Telangana,Dept. of Social Welfare,Education,CSV,OPEN,2025-07-01T06:29:57+0530,9a2ae9f6-8125-434c-ba03-8cdd76805206
Education & Skilling,"Schools, higher education & skills",Telangana (TGDeX),Educational Institutions in Telangana Urban Local Bodies,Education; Institutions; Urban Local Bodies; Schools; Colleges,Telangana,Dept. of Municipal Administration & Urban Development,Education,CSV,OPEN,2025-06-22T10:13:45+0530,503f4b03-048c-4e71-8f7d-b203f4a60131
Education & Skilling,"Schools, higher education & skills",Telangana (TGDeX),Illiteracy Counts in Rural Khammam District by Gender for 2014,Education; Illiteracy; Rural; Gender; Census Data,Khammam District,Dept. of School Education (SE Wing),Education,CSV,OPEN,2025-06-22T10:09:29+0530,5077787f-3202-4579-9aec-13d75da66a95
Education & Skilling,"Schools, higher education & skills",Telangana (TGDeX),"Illiteracy in Rural Telangana by Gram Panchayat and Gender, 2014",Education; Illiteracy; Rural; Gram Panchayat; Census Data,Telangana,Dept. of School Education (SE Wing),Education,CSV,OPEN,2025-06-22T10:09:10+0530,b5fe6e9b-bcee-465f-85cd-976d8b4ae8d5
Education & Skilling,"Schools, higher education & skills",Telangana (TGDeX),Monthly Count of Children Enrolled in Anganwadi Centres in Telangana,Public Health; Anganwadi; Enrollment; Child Welfare; Service Delivery,Telangana,Dept. of Women & Child Development,Welfare,CSV,OPEN,2025-06-22T10:04:42+0530,b0e12d29-d0d1-422a-a7fd-6d4256ec252c
Education & Skilling,"Schools, higher education & skills",Telangana (TGDeX),Rural Illiteracy by Gender in Karimnagar District (2014),Education; Illiteracy; Rural; Gender; Census Data,Karimnagar District,Dept. of School Education (SE Wing),Education,CSV,OPEN,2025-06-22T10:08:55+0530,0a233f4b-c801-45ea-8747-8d201baddec8
Education & Skilling,"Schools, higher education & skills",Telangana (TGDeX),"Rural Illiteracy by Gender in Ranga Reddy District Gram Panchayats, 2014",Education; Illiteracy; Rural; Gram Panchayat; Census Data,Ranga Reddy District,Dept. of School Education (SE Wing),Education,CSV,OPEN,2025-06-22T10:09:07+0530,7a43252f-3b01-42b5-a22a-800dc8774362
Education & Skilling,"Schools, higher education & skills",Telangana (TGDeX),Rural Illiteracy Counts by Gender at Gram Panchayat Level in Nalgonda District (2014),Education; Illiteracy; Rural; Gram Panchayat; Census Data,Nalgonda District,Dept. of School Education (SE Wing),Education,CSV,OPEN,2025-06-22T10:09:03+0530,40b9f90b-4171-47f7-9c52-32791ae41f88
Education & Skilling,"Schools, higher education & skills",Telangana (TGDeX),"Rural Illiteracy Counts by Gender in Mahabubnagar District, 2014",Education; Illiteracy; Rural; Gender; Census Data,Mahabubnagar District,Dept. of School Education (SE Wing),Education,CSV,OPEN,2025-06-22T10:09:51+0530,19d261d2-6242-4fe4-9dbe-cfe5e360b63e
Education & Skilling,"Schools, higher education & skills",Telangana (TGDeX),"Rural Illiteracy Counts in Medak District by Gender, 2014",Education; Illiteracy; Rural; Gender; Census Data,Medak District,Dept. of School Education (SE Wing),Education,CSV,OPEN,2025-06-22T10:09:36+0530,4ab9bc2a-e173-4deb-8022-e2e11441fae2
Education & Skilling,"Schools, higher education & skills",Telangana (TGDeX),Rural Warangal District Illiteracy by Gram Panchayat in 2014,Education; Illiteracy; Rural; Gram Panchayat; Census Data,Warangal District,Dept. of School Education (SE Wing),Education,CSV,OPEN,2025-06-22T10:09:14+0530,7e56c2d6-e5a3-4a38-8180-24aa6e6de2ee
Education & Skilling,"Schools, higher education & skills",Telangana (TGDeX),Skill Development under Telangana Academy for Skill and Knowledge,Education; Skill Development; Training Programs; Vocational; Employment,Telangana,Dept. of ITE&C,Education,CSV,OPEN,2025-06-22T10:11:41+0530,8d85778f-c5cc-4ce3-9afb-006de48e61fb
Education & Skilling,"Schools, higher education & skills",Telangana (TGDeX),Telangana Anganwadi Centre Geolocations and Administrative Details,Public Health; Anganwadi; Early Childhood; ICDS; Social Services,Telangana,Dept. of Women & Child Development,Welfare,CSV,OPEN,2025-06-22T10:04:39+0530,e22549ab-284d-4a93-b9a2-4b3465eed728
Education & Skilling,"Schools, higher education & skills",Telangana (TGDeX),Telangana Anganwadi Child Nutritional Status Monthly Records,Public Health; Nutrition; Anganwadi; Child Welfare; ICDS,Telangana,Dept. of Women & Child Development,Welfare,CSV,OPEN,2025-06-22T10:05:12+0530,f749e4cc-c37b-4ce8-8932-54025fe9ace4
Education & Skilling,"Schools, higher education & skills",Telangana (TGDeX),Telangana District-level Integrated Child Development Services and Anganwadi Statistics (2015-2016),Demographics; Gender; Child Welfare; Social Metrics; Public Health,Telangana,Dept. of Women & Child Development,Welfare,CSV,OPEN,2025-06-22T10:04:31+0530,9a3b9f1a-e065-4097-936c-62e384f4df7b
Education & Skilling,"Schools, higher education & skills",Telangana (TGDeX),Urban Illiteracy in Nalgonda District by Ward and Gender (2014),Education; Illiteracy; Urban; Ward-Level; Census Data,Nalgonda District,Dept. of School Education (SE Wing),Education,CSV,OPEN,2025-06-22T10:10:02+0530,f35a4ca5-6298-4930-9b23-9615b456de2e
Education & Skilling,"Schools, higher education & skills",Telangana (TGDeX),Urban Ward-Level Illiteracy Counts in Karimnagar District,Education; Illiteracy; Urban; Ward-Level; Census Data,Karimnagar District,Dept. of School Education (SE Wing),Education,CSV,OPEN,2025-06-22T10:09:58+0530,b811a30a-f776-41eb-9d74-247712a91ac5
Education & Skilling,"Schools, higher education & skills",Telangana (TGDeX),Urban Ward-Level Illiteracy in Khammam District,Education; Illiteracy; Urban; Ward-Level; Census Data,Khammam District,Dept. of School Education (SE Wing),Education,CSV,OPEN,2025-06-22T10:09:33+0530,c0193815-a701-4c5d-9ae7-e4bcd6304b98
Education & Skilling,"Schools, higher education & skills",Telangana (TGDeX),"Urban Ward-Level Illiteracy in Rangareddy District by Gender, 2014",Education; Illiteracy; Urban; Ward-Level; Census Data,Rangareddy District,Dept. of School Education (SE Wing),Education,CSV,OPEN,2025-06-22T10:09:40+0530,17ba2d32-ff95-4f08-9235-366d250eddd8
Education & Skilling,"Schools, higher education & skills",Telangana (TGDeX),"Ward-Level Illiteracy in Urban Telangana by Gender, 2014",Education; Illiteracy; Urban; Ward-Level; Census Data,Telangana,Dept. of School Education (SE Wing),Education,CSV,OPEN,2025-06-22T10:09:44+0530,bedfcf60-0732-4642-96f1-6fddc92fb5dd
Education & Skilling,"Schools, higher education & skills",Telangana (TGDeX),Ward-level Illiteracy in Urban Warangal District (2014),Education; Illiteracy; Urban; Ward-Level; Census Data,Warangal District,Dept. of School Education (SE Wing),Education,CSV,OPEN,2025-06-22T10:09:47+0530,599b85de-f499-4d8e-8da2-d09270feb64e
Education & Skilling,"Schools, higher education & skills",Telangana (TGDeX),Ward-Level Urban Illiteracy in Mahabubnagar District 2014,Education; Illiteracy; Urban; Ward-Level; Census Data,Mahabubnagar District,Dept. of School Education (SE Wing),Education,CSV,OPEN,2025-06-22T10:09:18+0530,ad6e380d-e248-42b8-91f3-51c2203cfc1f
Energy & Utilities,"Power, grid & utilities",Geospatial (DX GeoSpatial),"Utilities - Transmission Lines (OSM 50K Features) of Gurugram, Haryana",urban planning; survey of india; infrastructure; electricity; energy distribution; surveying; electric power; utilities; infrastructure planning; transmission lines; OSM 50K; power grid; Gurugram; spatial data; dronagiri,"Gurugram, Haryana, India",,,,,2025-07-29T01:43:07+0530,a6239fce-9abf-42d1-be91-75cd66418ce8
Energy & Utilities,"Power, grid & utilities",Geospatial (DX GeoSpatial),"Utilities Transmission Lines (OSM 50K Features) of Sonipat, Haryana",power; energy; gis; haryana; survey of india; sonipat; physical infrastructure; transportion and logistics; transport networks; geospatial; gis mapping; dronagiri,"Sonipat, Haryana, India",,,,,2025-07-29T01:40:38+0530,9d3a2bc8-4faa-4c95-82f4-f2fede890c09
Energy & Utilities,"Power, grid & utilities",Geospatial (DX GeoSpatial),"Utility Features in Sonipat, Haryana",survey of india; gis; haryana; sonipat; land cover and land use; livelihoods and financial inclusion; livelihoods and skilling; geospatial; gis mapping; dronagiri,"Sonipat, Haryana, India",,,,,2025-07-29T01:40:11+0530,4578c98f-aeae-4df2-a9f9-e8bd78e49c4c
Energy & Utilities,"Power, grid & utilities",Maharashtra (MahaAgX),Design And Development Of Portable Folding Type Solar Dryer,solar; dryer; portable; folding; agriculture; technology,Maharashtra,Dr. Balasaheb Sawant Konkan Krishi Vidyapeeth Dapoli,Agriculture,pdf,RESTRICTED,2026-06-02T15:31:46+0530,26457060-f6f1-482d-99d7-b1ca102e07f7
Energy & Utilities,"Power, grid & utilities",Maharashtra (MahaAgX),Design and Development of Solar Birdanimal Scarer Cum Insect-light Trap,solar energy; bird scarer; animal deterrent; insect light trap; crop protection; renewable energy; agricultural engineering; pest management; vnmkv,Maharashtra,Vasantrao Naik Marathwada Krishi Vidyapeeth Parbhani,Agriculture,pdf,OPEN,2026-02-16T03:44:38+0530,f31ffcab-e9bb-46c3-bec5-4f94cee8d79b
Energy & Utilities,"Power, grid & utilities",Maharashtra (MahaAgX),Design and Performance Evaluation of Solar Photovoltaic System for Agro-processing Unit,solar photovoltaic; agro-processing; renewable energy; flour mill; spice grinder; solar power; agricultural engineering; off-grid energy; vnmkv,Maharashtra,Vasantrao Naik Marathwada Krishi Vidyapeeth Parbhani,Agriculture,pdf,OPEN,2026-02-16T03:44:43+0530,7abec593-3d1c-40c2-a7b3-10a29b379ae5
Energy & Utilities,"Power, grid & utilities",Maharashtra (MahaAgX),Design Of Solar Photovoltaic System For Agro-Processing Unit And Its Performance Evaluation,solar; photovoltaic; agroprocessing; performance; evaluation,Maharashtra,Vasantrao Naik Marathwada Krishi Vidyapeeth Parbhani,Agriculture,pdf,RESTRICTED,2026-06-05T15:15:08+0530,3a627a9b-81e2-40a8-9f0c-3c00ef603f85
Energy & Utilities,"Power, grid & utilities",Maharashtra (MahaAgX),"Design, Development And Evaluation Of Biomass Based Composite Unit For Water Heating And Drying",biomass; composite; water; heating; drying; energy; engineering,Maharashtra,Dr. Balasaheb Sawant Konkan Krishi Vidyapeeth Dapoli,Agriculture,pdf,RESTRICTED,2026-06-02T17:29:12+0530,0eaee3b6-8780-404d-8bdb-86c78663b166
Energy & Utilities,"Power, grid & utilities",Maharashtra (MahaAgX),Development and ergonomical evaluation of power operated rotary arecanut dehusker,arecanut; dehusker; power; ergonomics; rotary,Maharashtra,Dr. Balasaheb Sawant Konkan Krishi Vidyapeeth Dapoli,Agriculture,pdf,RESTRICTED,2026-06-02T12:54:22+0530,0ac62118-2aa5-41bb-a8f0-0121974d0efc
Energy & Utilities,"Power, grid & utilities",Maharashtra (MahaAgX),Development And Evaluation Of Composite Unit For Carbonization And Liquefaction Of Biomass,biomass; carbonization; liquefaction; biooil; energy; conversion; efficiency,Maharashtra,Dr. Balasaheb Sawant Konkan Krishi Vidyapeeth Dapoli,Agriculture,pdf,RESTRICTED,2026-06-02T15:39:58+0530,2bf5b07e-32d3-4212-b2ce-eae67b002f31
Energy & Utilities,"Power, grid & utilities",Maharashtra (MahaAgX),Development and Evaluation of Integrated Cook Stove and Barbeque Unit,cook stove; barbeque; biomass; renewable energy; engineering; thermal efficiency; fuel wood; bskkv,Maharashtra,Dr. Balasaheb Sawant Konkan Krishi Vidyapeeth Dapoli,Agriculture,pdf,OPEN,2026-02-16T04:37:26+0530,a0ac371d-c7e9-49c7-8bf7-671a49eae6ce
Energy & Utilities,"Power, grid & utilities",Maharashtra (MahaAgX),Development and Evaluation of Solar Pv Powered Brackish Water Desalination Unit,solar energy; desalination; brackish water; renewable energy; water treatment; reverse osmosis; solar pv; bskkv,Maharashtra,Dr. Balasaheb Sawant Konkan Krishi Vidyapeeth Dapoli,Agriculture,pdf,OPEN,2026-02-16T04:37:18+0530,cb071634-8210-4646-aadd-433325b78b97
Energy & Utilities,"Power, grid & utilities",Maharashtra (MahaAgX),Development And Performance Evaluation Of Power Operated Coconut Dehusker,coconut; dehusker; power-operated; performance; evaluation,Maharashtra,Dr. Balasaheb Sawant Konkan Krishi Vidyapeeth Dapoli,Agriculture,pdf,RESTRICTED,2026-06-02T13:11:44+0530,ff7a54f3-4586-4621-b48a-6e5994776942
Energy & Utilities,"Power, grid & utilities",Maharashtra (MahaAgX),Development And Performance Evaluation Of Power Operated Tirphal Peeling Machine,peeling; triphal; machine; performance; horticulture,Maharashtra,Dr. Balasaheb Sawant Konkan Krishi Vidyapeeth Dapoli,Agriculture,pdf,RESTRICTED,2026-06-02T15:04:22+0530,cdc1c0ab-c792-4429-9497-4b1b4e16da25
Energy & Utilities,"Power, grid & utilities",Maharashtra (MahaAgX),Development Of Household Food Waste Based Biogas System,biogas; foodwaste; household; renewable; energy,Maharashtra,Dr. Balasaheb Sawant Konkan Krishi Vidyapeeth Dapoli,Agriculture,pdf,RESTRICTED,2026-06-02T15:47:13+0530,804fa4d9-0f06-4bd7-b276-2ddfb25b1909
Energy & Utilities,"Power, grid & utilities",Maharashtra (MahaAgX),Development of Solar Pv Powered and Wind Operated Deterrent System,solar energy; wind energy; deterrent system; wildlife management; agricultural engineering; renewable energy; crop protection; bskkv,Maharashtra,Dr. Balasaheb Sawant Konkan Krishi Vidyapeeth Dapoli,Agriculture,pdf,OPEN,2026-02-16T04:37:32+0530,e875fd9a-bafb-4fcc-90c6-a10c7110d5d5
Energy & Utilities,"Power, grid & utilities",Maharashtra (MahaAgX),Development Of Very Small Household Pico-Hydro Power Generation Unit,pico; hydro; power; generation; household; small; energy,Maharashtra,Dr. Balasaheb Sawant Konkan Krishi Vidyapeeth Dapoli,Agriculture,pdf,RESTRICTED,2026-06-02T15:33:22+0530,649d7af6-8fa6-4cdd-97a5-5188c3824db4
Energy & Utilities,"Power, grid & utilities",Maharashtra (MahaAgX),Expenditure Pattern Of The Processing Unit,rawmaterial; packaging; personnel; power; finance,Maharashtra,Mahatma Phule Krishi Vidyapeeth Rahuri,Agriculture,pdf,RESTRICTED,2026-06-11T00:32:33+0530,235db67e-e041-43a0-b444-c60ac026c1f4
Energy & Utilities,"Power, grid & utilities",Maharashtra (MahaAgX),"Mobile Solar Energy Cart For Spraying, Water Lifting And Home Lighting",solar; cart; spraying; waterlifting; lighting,Maharashtra,Vasantrao Naik Marathwada Krishi Vidyapeeth Parbhani,Agriculture,pdf,RESTRICTED,2026-06-05T14:47:54+0530,78937ce9-c0f0-4ee4-b20a-745e0e4a4b49
Energy & Utilities,"Power, grid & utilities",Maharashtra (MahaAgX),"Research Recommendations of Renewable Energy Engineering, CAET, Dapoli",solar; dryer; biomass; tracking; biogas; irrigation; engineering,Maharashtra,Dr. Balasaheb Sawant Konkan Krishi Vidyapeeth Dapoli,Agriculture,xlsx,RESTRICTED,2026-06-03T11:04:30+0530,8335529f-da11-4e98-a427-0d0c13608568
Energy & Utilities,"Power, grid & utilities",Maharashtra (MahaAgX),Studies On Densification Of Locally Available Biomass,biomass; briquetting; densification; local; energy,Maharashtra,Dr. Balasaheb Sawant Konkan Krishi Vidyapeeth Dapoli,Agriculture,pdf,RESTRICTED,2026-06-02T15:40:22+0530,df5f3a28-dbbb-4c90-9a6e-a3200ea8c419
Energy & Utilities,"Power, grid & utilities",Telangana (TGDeX),District-Level Electricity Connections in Telangana (2015-2016),Energy; Electricity Connections; Power Distribution; Infrastructure; Service Coverage,Telangana,Dept. of Energy,Energy,CSV,OPEN,2025-06-22T09:54:05+0530,a9d7449f-d94c-4f6f-a1b0-f855d5f46245
Energy & Utilities,"Power, grid & utilities",Telangana (TGDeX),Jeedimetla Monthly Energy Consumption and Load Data,Energy; Electricity Consumption; TGSPDCL; Power Distribution; Load Monitoring,Jeedimetla,Dept. of Energy,Energy,CSV,OPEN,2025-06-27T08:20:22+0530,8946f2a6-d2de-442d-8feb-af7d6e6c5cc6
Energy & Utilities,"Power, grid & utilities",Telangana (TGDeX),Jogipet Monthly Energy Consumption and Load Data,Energy; Electricity Consumption; TGSPDCL; Power Distribution; Load Monitoring,Jogipet,Dept. of Energy,Energy,CSV,OPEN,2025-06-27T08:20:40+0530,3e61cbb4-e952-489a-bcf6-dd9d992e6063
Energy & Utilities,"Power, grid & utilities",Telangana (TGDeX),Kukatpally Monthly Energy Consumption and Load Data,Energy; Electricity Consumption; TGSPDCL; Power Distribution; Load Monitoring,Kukatpally,Dept. of Energy,Energy,CSV,OPEN,2025-06-27T08:20:55+0530,e4d61a9d-b81f-4ae8-af70-a88214c1e180
Energy & Utilities,"Power, grid & utilities",Telangana (TGDeX),Medchal Monthly Energy Consumption and Load Data,Energy; Electricity Consumption; TGSPDCL; Power Distribution; Load Monitoring,Medchal,Dept. of Energy,Energy,CSV,OPEN,2025-06-27T08:21:22+0530,c68c129a-6f8d-45db-aa3e-b611a1396e4e
Energy & Utilities,"Power, grid & utilities",Telangana (TGDeX),Northern Telangana Streetlight Consumption Data,Energy; Streetlight; Electricity Consumption; Utilities; Public Lighting,Telangana,Dept. of Energy,Energy,CSV,OPEN,2025-06-22T09:53:34+0530,e6c62766-5207-45a4-b556-4b5851cfa149
Energy & Utilities,"Power, grid & utilities",Telangana (TGDeX),Patancheru Monthly Energy Consumption and Load Data,Energy; Electricity Consumption; TGSPDCL; Power Distribution; Load Monitoring,Patancheru,Dept. of Energy,Energy,CSV,OPEN,2025-06-27T08:21:34+0530,5274226d-32e3-408f-b568-17b50dcac922
Energy & Utilities,"Power, grid & utilities",Telangana (TGDeX),Quthbullapur Monthly Energy Consumption and Load Data,Energy; Electricity Consumption; TGSPDCL; Power Distribution; Load Monitoring,Quthbullapur,Dept. of Energy,Energy,CSV,OPEN,2025-06-27T08:21:56+0530,9ddfbf14-4d24-4937-a3ab-46db8a6bdf72
Energy & Utilities,"Power, grid & utilities",Telangana (TGDeX),Sadasivpet Monthly Energy Consumption and Load Data,Energy; Electricity Consumption; TGSPDCL; Power Distribution; Load Monitoring,Sadasivpet,Dept. of Energy,Energy,CSV,OPEN,2025-06-27T08:22:18+0530,298034a0-792c-4cc5-a807-2827d84192b0
Energy & Utilities,"Power, grid & utilities",Telangana (TGDeX),Sangareddy Monthly Energy Consumption and Load Data,Energy; Electricity Consumption; TGSPDCL; Power Distribution; Load Monitoring,Sangareddy,Dept. of Energy,Energy,CSV,OPEN,2025-06-27T08:22:33+0530,641d3e21-148b-4771-a0a2-84e9b5dfc83d
Energy & Utilities,"Power, grid & utilities",Telangana (TGDeX),Street Lighting Infrastructure in Telangana Urban Local Bodies,Utilities; Street Lighting; Infrastructure; Urban Local Bodies; Municipal Services,Telangana,Dept. of Municipal Administration & Urban Development,Public Enterprises,CSV,OPEN,2025-06-22T10:16:13+0530,588fe065-ce29-43cf-88da-f2e86cb3d3d6
Energy & Utilities,"Power, grid & utilities",Telangana (TGDeX),Telangana District Substation Inventory by Voltage Level (2015-2016),Energy; Substations; Voltage Levels; Power Distribution; Asset Inventory,Telangana,Dept. of Planning,Energy,CSV,OPEN,2025-06-22T09:39:20+0530,ef8412a8-9369-43bf-9684-433010db7ed2
Energy & Utilities,"Power, grid & utilities",Telangana (TGDeX),Telangana Northern General Purpose Electricity Consumption,Energy; Electricity Consumption; TG-NPDCL; Power Distribution; Demand Analysis,Telangana,Dept. of Energy,Energy,CSV,OPEN,2025-06-22T09:48:52+0530,625aa3d0-1d5b-4117-a4c4-f1f658c87339
Energy & Utilities,"Power, grid & utilities",Telangana (TGDeX),Telangana Northern Power Distribution Company Cottage Industry Consumption,Energy; Electricity Consumption; Cottage Industries; Power Distribution; Small-Scale Industry,Telangana,Dept. of Energy,Manufacturing,CSV,OPEN,2025-06-22T09:52:18+0530,c29888da-3b54-43c7-bad9-3625e2dc4ee7
Energy & Utilities,"Power, grid & utilities",Telangana (TGDeX),Telangana Northern Power Distribution Company Limited Commercial Consumption,Energy; Electricity Consumption; Commercial Usage; Power Distribution; Sector Analysis,Telangana,Dept. of Energy,Manufacturing,CSV,OPEN,2025-06-22T09:51:32+0530,b950be27-145b-47e3-a124-0bbabdd37ad9
Energy & Utilities,"Power, grid & utilities",Telangana (TGDeX),Telangana Northern Power Distribution Company Limited Industrial Consumption Data,Energy; Electricity Consumption; Industrial Usage; Power Distribution; Demand Patterns,Telangana,Dept. of Energy,Manufacturing,CSV,OPEN,2025-06-22T09:51:55+0530,2b146a2f-04f9-4865-a70c-6b97685faa32
Energy & Utilities,"Power, grid & utilities",Telangana (TGDeX),Telangana Northern Power Distribution Company Water Works Electricity Consumption,Energy; Electricity Consumption; Water Works; Power Distribution; Utilities,Telangana,Dept. of Energy,Agriculture & Farming,CSV,OPEN,2025-06-22T09:52:55+0530,cdbce660-2d76-4891-ad78-4c80dbcc09a0
Energy & Utilities,"Power, grid & utilities",Telangana (TGDeX),Telangana Northern Power Distribution Temporary Supply Consumption,Energy; Temporary Supply; Electricity Consumption; Power Distribution; Utilities,Telangana,Dept. of Energy,Energy,CSV,OPEN,2025-06-22T09:51:10+0530,7bf84292-5027-4b33-b82c-c5bb4e516006
Energy & Utilities,"Power, grid & utilities",Telangana (TGDeX),Telangana NPDCL Electric Vehicle Charging Stations Consumption,Energy; EV Charging; Electricity Consumption; Infrastructure; Sustainable Transport,Telangana,Dept. of Energy,Logistics & Transportation,CSV,OPEN,2025-06-22T09:53:57+0530,4e380ee1-eeb8-48e7-9a7a-4cb5ba253d75
Energy & Utilities,"Power, grid & utilities",Telangana (TGDeX),Telangana Southern Power Distribution Company Solar Net Metering Data,Energy; Solar Net Metering; Renewable Energy; TGSPDCL; Distributed Generation,Telangana,Dept. of Energy,Energy,CSV,OPEN,2025-06-22T09:50:41+0530,5b07fed4-5da6-48e3-85ce-2eab852a96dc
Energy & Utilities,"Power, grid & utilities",Telangana (TGDeX),Telangana Southern Power Distribution Monthly Consumption Data,Energy; Electricity Consumption; Power Distribution; Residential; Commercial,Telangana,Dept. of Energy,Energy,CSV,OPEN,2025-06-22T09:48:14+0530,18c8987f-41b9-4538-93b7-5daea65e582a
Energy & Utilities,"Power, grid & utilities",Telangana (TGDeX),Telangana Southern Regional Domestic Electricity Consumption,Energy; Electricity Consumption; Domestic Usage; TGSPDCL; Residential,Telangana,Dept. of Energy,Energy,CSV,OPEN,2025-06-22T09:49:54+0530,6ad9ac67-2b73-44f4-8bd6-228602c86366
Energy & Utilities,"Power, grid & utilities",Telangana (TGDeX),TG-NPDCL Domestic Electricity Consumption Data (Jan 2019 - Mar 2025),Energy; Electricity Consumption; TG-NPDCL; Residential Usage; Utilities,Telangana,Dept. of Energy,Energy,CSV,OPEN,2025-06-22T09:49:15+0530,7202da87-0434-4637-b9d6-02cf672f4f7f
Energy & Utilities,"Power, grid & utilities",Telangana (TGDeX),TGSPDCL Cottage Industries and Dhobighats Electricity Consumption,Energy; Electricity Consumption; Cottage Industries; Power Distribution; Industrial Usage,Telangana,Dept. of Energy,Manufacturing,CSV,OPEN,2025-06-22T09:50:56+0530,22556e0f-2e85-4702-9dea-699dd746924e
Energy & Utilities,"Power, grid & utilities",Telangana (TGDeX),TGSPDCL General Purpose Consumption Data,Energy; Electricity Consumption; General Purpose; TGSPDCL; Power Distribution,Telangana,Dept. of Energy,Energy,CSV,OPEN,2025-06-22T09:50:26+0530,bd21256d-4ed5-4ae6-8638-72e95f6e7024
Energy & Utilities,"Power, grid & utilities",Telangana (TGDeX),TGSPDCL Industrial Electricity Consumption Data,Energy; Electricity Consumption; Industrial Usage; Power Distribution; Sector Trends,Telangana,Dept. of Energy,Manufacturing,CSV,OPEN,2025-06-22T09:52:40+0530,bd933ff7-d5a2-4ab0-91e3-0d75bda0c8ea
Energy & Utilities,"Power, grid & utilities",Telangana (TGDeX),TGSPDCL Non-Domestic and Commercial Electricity Consumption,Energy; Electricity Consumption; Commercial Usage; TGSPDCL; Industrial Demand,Telangana,Dept. of Energy,Energy,CSV,OPEN,2025-06-22T09:49:38+0530,f2b8d6e0-94bf-42c0-a58c-fd66dc52843d
Energy & Utilities,"Power, grid & utilities",Telangana (TGDeX),TGSPDCL Temporary Electricity Supply Consumption,Energy; Temporary Supply; Electricity; TGSPDCL; Rural Electrification,Telangana,Dept. of Energy,Energy,CSV,OPEN,2025-06-22T09:50:10+0530,1ddd2d78-ddbe-49dc-9bf1-1d7b0c9aae68
Energy & Utilities,"Power, grid & utilities",Telangana (TGDeX),Zaheerabad Monthly Energy Consumption and Load Data,Energy; Electricity Consumption; TGSPDCL; Power Distribution; Load Monitoring,Zaheerabad,Dept. of Energy,Energy,CSV,OPEN,2025-06-27T08:22:49+0530,c22326c3-87f9-4e12-88e6-4a7a08e4eaa0
Energy & Utilities,"Power, grid & utilities",Urban (IUDX COS),Device information of Energy Meters in IIIT Hyderabad Campus,energy; power; power factor; current; voltage; volt; volts; watt; frequency; phase; consumption; energy consumption; meter; monitor,"IIIT Hyderabad, Telangana",,,,,2022-08-06T10:31:53+0530,97dae4f4-34d4-4d7f-8f5a-c57268058012
Energy & Utilities,"Power, grid & utilities",Urban (IUDX COS),Device information of Energy Monitoring in IIIT Hyderabad Campus,rssi; R current; y current; B current; R voltage; Y voltage; B voltage; power factor; frequency; apparent power; real power; volt; volts; watt; phase; energy consumption; reactive energy lead; reactive energy lag; total energy consumption; meter; monitor,"IIIT Hyderabad, Telangana",,,,,2022-08-06T10:31:53+0530,60a3fca0-079f-4c23-9f3d-965f8537d079
Energy & Utilities,"Power, grid & utilities",Urban (IUDX COS),Device Information of Smart Street Lamp Sensors in IIIT Hyderabad,node_status; light_status; rssi_value; latency; data_rate; mac_address; packet_size,"IIIT Hyderabad, Telangana",,,,,2022-08-06T10:31:53+0530,a0d85488-ce63-4735-b0b0-b64e000f2190
Energy & Utilities,"Power, grid & utilities",Urban (IUDX COS),Device information of solar panels in IIIT Hyderabad Campus,device; version; specifications; solar energy; solar; power; power factor; current; voltage; volt; volts; watt; frequency; phase; active power; reactive power; photovoltaic cells; photovoltaic voltage; photovoltaic current; photovoltaic power; energy generated; pv,"IIIT Hyderabad, Telangana",,,,,2022-08-06T10:31:53+0530,c7e359ed-b903-49a6-bcb1-c7b744ad7e13
Energy & Utilities,"Power, grid & utilities",Urban (IUDX COS),Energy Meters in IIIT Hyderabad Campus,energy; power; power factor; current; voltage; volt; volts; watt; frequency; phase; consumption; energy consumption; meter; monitor,"IIIT Hyderabad, Telangana",,,,,2022-08-06T10:31:53+0530,8736d7f7-b7d2-4de7-be70-0a95d7e90a59
Energy & Utilities,"Power, grid & utilities",Urban (IUDX COS),Energy Monitoring in IIIT Hyderabad Campus,rssi; R current; y current; B current; R voltage; Y voltage; B voltage; power factor; frequency; apparent power; real power; volt; volts; watt; phase; energy consumption; reactive energy lead; reactive energy lag; total energy consumption; meter; monitor,"IIIT Hyderabad, Telangana",,,,,2022-08-06T10:31:53+0530,1ff21d5e-df8e-41fb-aae8-0e98d73409e7
Energy & Utilities,"Power, grid & utilities",Urban (IUDX COS),EV Charging Stations Info in Thiruvananthapuram City.,e-vehicle; charging; charging station; electric bike; power consumption; electricity; e-bike; Charging point,"Thiruvananthapuram, Kerala",,,,,2023-02-14T01:15:05+0530,e1f01c7e-32aa-473b-aaa9-95cf4efd5483
Energy & Utilities,"Power, grid & utilities",Urban (IUDX COS),Smart Street Lamp Devices in IIIT Hyderabad,node_status; light_status; rssi_value; latency; data_rate; mac_address; packet_size,"IIIT Hyderabad, Telangana",,,,,2022-08-06T10:31:53+0530,cbd95dd3-412f-463f-b75b-487c924a789e
Energy & Utilities,"Power, grid & utilities",Urban (IUDX COS),Solar Panels in IIIT Hyderabad Campus,solar energy; solar; power; power factor; current; voltage; volt; volts; watt; frequency; phase; active power; reactive power; photovoltaic cells; photovoltaic voltage; photovoltaic current; photovoltaic power; energy generated; pv,"IIIT Hyderabad, Telangana",,,,,2022-08-06T10:31:53+0530,0251ff72-3751-4cb0-872c-b268ed0acaaf
Energy & Utilities,"Power, grid & utilities",Urban (IUDX COS),"Streetlights Energy Consumption Info in Electronic City, Bengaluru",power consumption; smart light; street light; street pole; pole; smart pole; street light on; street light off; voltage; current,"Electronic-City, Bengaluru",,,,,2023-02-17T03:25:58+0530,6702ec83-a669-4c96-8093-1a71a4bc2787
Energy & Utilities,"Power, grid & utilities",Urban (IUDX COS),"Streetlights Location Info in Electronic City, Bengaluru",streetlight; lamp post; location; street light; street lamp; light pole,"Electronic City, Bengaluru",,,,,2023-02-17T03:26:01+0530,9b27c09f-1ec6-4acd-89f0-a27f23184017
"Environment, Forestry & Climate",Air quality & pollution,Telangana (TGDeX),Sewage Treatment Plant Effluent Quality Data for Telangana,Environment; Sewage Treatment; Effluent Quality; Pollution Control; Wastewater,Telangana,"Dept. of Environment, Forests, Science & Technology",Agriculture & Farming,CSV,OPEN,2025-06-22T09:59:27+0530,adbbdb3e-b87e-4275-a279-3a578177be46
"Environment, Forestry & Climate",Air quality & pollution,Telangana (TGDeX),Telangana Nitrogen Dioxide Raster Data,Geospatial; Air Quality; NO2,Telangana,ADeX,Agriculture & Farming,API,OPEN,2025-07-01T08:09:00+0530,38018af2-afcd-4dc7-ba6b-cdc028cbb269
"Environment, Forestry & Climate",Air quality & pollution,Telangana (TGDeX),Telangana Pollution Control Board Air Quality and Meteorological Measurements 2015-2022,Environment; Air Quality; Meteorology; Pollution Monitoring; Climate Data,Hyderabad,"Dept. of Environment, Forests, Science & Technology",Public Enterprises,CSV,OPEN,2025-06-22T10:00:21+0530,655f1672-3f9c-4687-8daa-f8afc241fd86
"Environment, Forestry & Climate",Air quality & pollution,Telangana (TGDeX),Telangana Pollution Control Board Air Quality Index January-August 2023,Environment; Air Quality; AQI; Pollution Monitoring; Public Health,Hyderabad,"Dept. of Environment, Forests, Science & Technology",Public Enterprises,CSV,OPEN,2025-06-22T10:00:13+0530,7c6aa230-2937-44e8-8053-480ee18fdc15
"Environment, Forestry & Climate",Air quality & pollution,Telangana (TGDeX),Telangana State Particulate Matter with Diameter Less Than 2.5 Micrometers Raster Data,Geospatial; Air Quality; PM2.5,Telangana,ADeX,Agriculture & Farming,API,OPEN,2025-07-01T10:42:57+0530,bf2eec6a-04b2-445f-84eb-9e1e8e777e6e
"Environment, Forestry & Climate",Air quality & pollution,Telangana (TGDeX),Telangana State Pollution Control Board Air Quality Monitoring Site Locations,Environment; Air Quality; Monitoring Stations; Pollution Control; Urban Monitoring,Hyderabad,"Dept. of Environment, Forests, Science & Technology",Public Enterprises,CSV,OPEN,2025-06-22T10:00:56+0530,2d747563-2cec-442f-a6a5-65680846c256
"Environment, Forestry & Climate",Air quality & pollution,Urban (IUDX COS),Air Quality Monitoring Sensors (AQM) in Agartala City,environment; air quality; air; pollution; so2; co2; co; no2; pm10; pm2p5; humidity; temperature; o3; noise; light; aqm; aqi,Agartala,,,,,2023-09-05T04:35:15+0530,361fe1c6-dfcc-4e14-b9ce-b6162ab13c44
"Environment, Forestry & Climate",Air quality & pollution,Urban (IUDX COS),Air Quality Monitoring Sensors (AQM) in Agra City,environment; air quality; climate; air; aqi; aqm; pollution; so2; co2; co; no; no2; pm2.5; pm10; humidity; temperature; ozone; o3; noise; light; uv,"Agra, Uttar Pradesh",,,,,2023-02-24T12:59:32+0530,bb0258c4-024a-4e46-8c80-4c2ea79de7cb
"Environment, Forestry & Climate",Air quality & pollution,Urban (IUDX COS),Air Quality Monitoring Sensors (AQM) in Bhubaneswar City,environment; air quality; air; pollution; so2; co2; co; no2; pm10; pm2p5; humidity; temperature; o3; noise; aqi; aqm,Bhubaneswar,,,,,2023-02-24T01:18:40+0530,4779478f-aeaa-4439-a314-77b8ad6c93d0
"Environment, Forestry & Climate",Air quality & pollution,Urban (IUDX COS),Air Quality Monitoring Sensors (AQM) in Chennai City,aqm; aqi; environment; air quality; air; pollution; so2; co2; co; no2; pm10; pm2p5; humidity; temperature; o3; noise; light,"Chennai, Tamil Nadu",,,,,2023-02-14T02:24:52+0530,a114522a-b194-471e-86a0-492cd9894d5f
"Environment, Forestry & Climate",Air quality & pollution,Urban (IUDX COS),Air Quality Monitoring Sensors (AQM) in Dahod City,environment; air quality; climate; air; aqi; aqm; pollution; so2; co2; co; no; no2; pm2.5; pm10; humidity; temperature; ozone; o3; noise; light; uv,"Dahod, Gujarat",,,,,2023-07-20T11:52:30+0530,3aadae57-a077-4297-8541-52c9972df1fa
"Environment, Forestry & Climate",Air quality & pollution,Urban (IUDX COS),Air Quality Monitoring Sensors (AQM) in Electronic City,electronic city; env; environment; air quality; aqm; co; so2; no2; co2; ozone; o3; pm2.5; pm10; humidity; temperature; noise; light; illuminance,"Electronic City, Bangalore",,,,,2023-02-17T03:25:46+0530,b02b3c77-14ab-4d4b-a07d-e22356b2f01f
"Environment, Forestry & Climate",Air quality & pollution,Urban (IUDX COS),Air Quality Monitoring Sensors (AQM) in Kalyan-Dombivli City,environment; air quality; climate; air; aqi; aqm; pollution; so2; co2; co; no; no2; pm2.5; pm10; humidity; temperature; ozone; o3; noise; light; uv,"Kalyan-Dombivli, Maharashtra",,,,,2024-09-09T11:55:58+0530,7aab108b-4039-425e-b751-676de566c5d4
"Environment, Forestry & Climate",Air quality & pollution,Urban (IUDX COS),Air Quality Monitoring Sensors (AQM) in Kanpur City,environment; air quality; air; pollution; so2; co2; co; no2; pm10; pm2p5; humidity; temperature; o3; noise; light; aqi; aqm,"Kanpur City, Uttar Pradesh",,,,,2023-05-15T10:15:11+0530,7deaf35d-300c-4c8d-8fab-30fa41234df9
"Environment, Forestry & Climate",Air quality & pollution,Urban (IUDX COS),Air Quality Monitoring Sensors (AQM) in Lucknow City,environment; air quality; climate; air; aqi; aqm; pollution; so2; co2; co; no; no2; pm2.5; pm10; humidity; temperature; ozone; o3; noise; light; uv,"lucknow, Uttar Pradesh",,,,,2023-07-20T11:55:45+0530,ddc6505b-6175-4171-8453-decc56ff2c6b
"Environment, Forestry & Climate",Air quality & pollution,Urban (IUDX COS),Air Quality Monitoring Sensors (AQM) in Nagpur City,environment; air quality; climate; air; aqi; aqm; pollution; so2; co2; co; no; no2; pm2.5; pm10; humidity; temperature; ozone; o3; noise; light; uv,"Nagpur, Maharashtra",,,,,2023-02-14T01:42:54+0530,c1204467-8d09-430c-bad5-b6cb7c0220e9
"Environment, Forestry & Climate",Air quality & pollution,Urban (IUDX COS),Air Quality Monitoring Sensors (AQM) in Prayagraj City,environment; air quality; climate; air; aqi; aqm; pollution; so2; co2; co; no; no2; pm2.5; pm10; humidity; temperature; ozone; o3; noise; light; uv,"Prayagraj, Uttar Pradesh",,,,,2023-11-22T04:23:26+0530,9f43cc56-4fa8-489d-af84-11d87e7fe18a
"Environment, Forestry & Climate",Air quality & pollution,Urban (IUDX COS),Air Quality Monitoring Sensors (AQM) in Pune City,environment; air quality; climate; air; aqi; aqm; climo; pollution; so2; co2; co; no; no2; pm2.5; pm10; humidity; temperature; ozone; o3; noise; light; uv,"Pune, Maharashtra",,,,,2023-02-14T09:28:39+0530,ff475fda-7076-4cba-8a64-25b7d47cce73
"Environment, Forestry & Climate",Air quality & pollution,Urban (IUDX COS),Air Quality Monitoring Sensors (AQM) in Raipur City,environment; air quality; climate; air; aqi; aqm; pollution; so2; co2; co; no; no2; pm2.5; pm10; humidity; temperature; ozone; o3; noise; light; uv,"Raipur, Chhattisgarh",,,,,2023-03-23T10:11:00+0530,602ca390-db97-48f7-acac-31403cdff17c
"Environment, Forestry & Climate",Air quality & pollution,Urban (IUDX COS),Air Quality Monitoring Sensors (AQM) in Rajkot City,environment; air quality; climate; air; aqi; aqm; pollution; so2; co2; co; no; no2; pm2.5; pm10; humidity; temperature; ozone; o3; noise; light; uv,"Rajkot, Gujarat",,,,,2023-11-22T01:23:31+0530,9d232626-1222-4fc9-833b-764b5c37e23e
"Environment, Forestry & Climate",Air quality & pollution,Urban (IUDX COS),Air Quality Monitoring Sensors (AQM) in Vadodara City,environment; air quality; air; pollution; so2; co2; co; no2; pm10; pm2p5; humidity; temperature; o3; noise; light; aqi; aqm,"Vadodara City, Gujarat",,,,,2023-02-17T02:40:06+0530,987ec2b4-b00b-4b58-94bc-42aed103fd12
"Environment, Forestry & Climate",Air quality & pollution,Urban (IUDX COS),Air Quality Monitoring Sensors (AQM) in Varanasi City,environment; air quality; climate; air; aqi; aqm; polludrone; pollution; so2; co2; co; no; no2; pm2.5; pm10; humidity; temperature; ozone; o3; noise; light; uv,"Varanasi, Uttar Pradesh",,,,,2023-03-09T10:11:59+0530,1b213286-4bea-4710-b0fb-8c9f69756b1e
"Environment, Forestry & Climate",Air quality & pollution,Urban (IUDX COS),Air Quality Monitoring Sensors in IIIT Hyderabad,environment; air quality; air; aqi; aqm; pollution; amonia; carbon; carbon monoxide; nitrogen dioxide; co; no2; pm2.5; pm10; humidity; temperature; nh3,"IIIT Hyderabad, Telangana",,,,,2022-08-06T10:31:53+0530,efd54ab7-0a92-4e92-8910-bdea4e64d1d4
"Environment, Forestry & Climate",Air quality & pollution,Urban (IUDX COS),Davanagere Air Quality Monitoring Sensors,aqm; aqi; environment; air quality; air; pollution; so2; co2; co; no2; pm10; pm2p5; humidity; temperature; o3; noise; light,"Davanagere, Karnataka",,,,,2024-08-03T01:14:11+0530,beba042b-d843-44f6-8f04-0a39fbe87fb6
"Environment, Forestry & Climate",Air quality & pollution,Urban (IUDX COS),Device Information of AQM Sensors in IIIT Hyderabad,environment; air quality; air; aqi; aqm; pollution; amonia; carbon; carbon monoxide; nitrogen dioxide; co; no2; pm2.5; pm10; humidity; temperature; nh3; version; version history; components; device list; sub device,"IIIT Hyderabad, Telangana",,,,,2022-08-06T10:31:53+0530,271b1a7d-d27b-4660-9857-09986be7e99d
"Environment, Forestry & Climate",Air quality & pollution,Urban (IUDX COS),Device Information of Indoor AQM Sensors in IIIT Hyderabad,environment; air quality; air; pollution; carbon dioxide; co2; pm2.5; pm10; humidity; temperature; voc; voc_raw,"IIIT Hyderabad, Telangana",,,,,2022-08-06T10:31:53+0530,cc550675-a74d-4410-bf7a-01baca7518bb
"Environment, Forestry & Climate",Air quality & pollution,Urban (IUDX COS),Indoor Air Quality Monitoring Devices in IIIT Hyderabad Campus,environment; air quality; air; pollution; carbon dioxide; co2; pm2.5; pm10; humidity; temperature; voc; vocRaw,"IIIT Hyderabad, Telangana",,,,,2022-08-06T10:31:53+0530,275c23b5-673a-4a53-ad16-2d17d1489b0a
"Environment, Forestry & Climate",Air quality & pollution,Urban (IUDX COS),Mobile Air Quality Monitoring Sensors (AQM) in Electronic City,electronic city; env; environment; air quality; aqm; co; so2; no2; co2; ozone; o3; pm2.5; pm10; humidity; temperature; noise; light; illuminance; mobile aqm,"Electronic City, Bangalore",,,,,2023-02-17T03:25:43+0530,288dd906-3686-4f12-afe1-971e1562b72d
"Environment, Forestry & Climate",Air quality & pollution,Urban (IUDX COS),Pimpri Chinchwad Air Quality Monitoring Sensors,aqm; aqi; environment; air quality; air; pollution; so2; co2; co; no2; pm10; pm2p5; humidity; temperature; o3; noise; light,"Pimpri-Chinchwad, Maharashtra",,,,,2025-06-05T10:31:33+0530,ed1f6c91-162b-4f80-9c8f-c13d78c10674
"Environment, Forestry & Climate",Air quality & pollution,Urban (IUDX COS),Realtime Rainfall and AQI Info in Rajkot City,rainfall; rain; rain sensor; rainfall level; flood; water; weather; rains; precipitation; rain information; aqi; majorPollutant; air quality level,"Rajkot, Gujarat",,,,,2024-01-03T05:22:30+0530,441c4769-bd16-403e-85eb-bf07bfc3f660
"Environment, Forestry & Climate","Forestry, wildlife & biodiversity",Geospatial (DX GeoSpatial),Forest cover data for India (2021),forest cover; canopy density; land use; environmental monitoring; biodiversity; tree density; land classification; deforestation; reforestation; forest management; sustainable forestry; ecological data; gis; geospatial; gis mapping; land; biodiversity; ecosystem; sustainability; Resource management; land cover and land use; agriculture; livelihoods and skilling; dronagiri; washim; vizianagaram; varanasi; kamrup; gurugram,India,,,,,2024-11-12T12:17:51+0530,c711fce2-6c6a-4568-a20b-6fd1f36e5329
"Environment, Forestry & Climate","Forestry, wildlife & biodiversity",Geospatial (DX GeoSpatial),"Large Forest Fire Monitoring, India",gis; geospatial; gis mapping; spatial; fire; forest; disaster; hazard; vegetation; environment; agriculture; livelihoods and skilling; dronagiri; washim; kamrup,India,,,,,2024-11-12T12:18:57+0530,2380438b-9837-44f0-816a-f78f64ea400e
"Environment, Forestry & Climate","Forestry, wildlife & biodiversity",Geospatial (DX GeoSpatial),"Near Real-Time Forest Fire Monitoring, India",gis; geospatial; gis mapping; spatial; fire; forest; disaster; hazard; vegetation; environment; agriculture; livelihoods and skilling; dronagiri; gurugram; kamrup; vizianagaram; washim,India,,,,,2024-11-12T12:18:54+0530,a5e72243-a266-4770-bd5b-f9bcfe28b3ab
"Environment, Forestry & Climate","Forestry, wildlife & biodiversity",Maharashtra (MahaAgX),Occupational Management Of Forest Dwellers For Their Livelihood In Eastern Vidarbha,forest; education; occupation; agriculture; forestry; training,Maharashtra,Dr. Panjabrao Deshmukh Krishi Vidyapeeth Akola,Agriculture,"docx, xlsx",RESTRICTED,2026-06-09T05:01:30+0530,9435a143-fa15-48d7-b4a8-9ea785984515
"Environment, Forestry & Climate","Forestry, wildlife & biodiversity",Maharashtra (MahaAgX),Performance Evaluation Of Fixed Frame Portable Earth Auger For Pit Making In Horticulture And Forestry,earthaugur; pitmaking; ergonomics; vibration; horticulture; forestry,Maharashtra,Vasantrao Naik Marathwada Krishi Vidyapeeth Parbhani,Agriculture,pdf,RESTRICTED,2026-06-04T12:31:44+0530,97485101-8eea-4fb8-9595-2209f4611af4
"Environment, Forestry & Climate","Forestry, wildlife & biodiversity",Telangana (TGDeX),Haritha Haram District Afforestation Data 2015-2016,Environment; Afforestation; Greening; Forestry; Sustainability,Telangana,"Dept. of Environment, Forests, Science & Technology",Forestry,CSV,OPEN,2025-06-22T10:00:06+0530,3e1952c3-28d6-4150-be1e-de585e10fb54
"Environment, Forestry & Climate","Forestry, wildlife & biodiversity",Telangana (TGDeX),Telangana District-wise Forest Cover 2015-2016,Environment; Forestry; Land Cover; Biodiversity; Conservation,Telangana,"Dept. of Environment, Forests, Science & Technology",Forestry,CSV,OPEN,2025-06-22T10:00:09+0530,6af9538c-cd80-40cd-9315-0f2eadbd3b25
"Environment, Forestry & Climate",Weather & climate,Geospatial (DX GeoSpatial),"Agro Climatic Data of Bengaluru City, Karnataka",land cover and land use; environment; geospatial; geographic information; wildlife sanctuary; zoo; sites; poi,"Bangalore, karnataka",,,,,2024-11-27T04:32:45+0530,cab3f85f-83a5-4dc3-bf2c-22e351871747
"Environment, Forestry & Climate",Weather & climate,Geospatial (DX GeoSpatial),"Agro Climatic Data of Gurugram, Haryana",agriculture; ndvi; precipitation; rainfall; climate; weather; land; temperature; conservation; ecology; lst; environment; dronagiri; land cover and land use; dronagiri,"Gurugram, Haryana, India",,,,,2024-10-10T12:46:20+0530,0e42f60d-a311-44db-9062-837eb96dcbdc
"Environment, Forestry & Climate",Weather & climate,Geospatial (DX GeoSpatial),"Agro Climatic Data of Kamrup metropolitan district, Assam",agriculture; ndvi; precipitation; rainfall; climate; weather; land; temperature; conservation; ecology; lst; environment; land cover and land use; dronagiri,"Kamrup metropolitan district, Assam, India",,,,,2024-10-10T12:46:27+0530,59b23a18-2f28-4044-838c-a42dba30a078
"Environment, Forestry & Climate",Weather & climate,Geospatial (DX GeoSpatial),"Agro Climatic Data of Sonipat, Haryana",agriculture; ndvi; precipitation; rainfall; climate; weather; land; temperature; conservation; ecology; lst; environment; land cover and land use; dronagiri,"Sonipat, Haryana, India",,,,,2024-10-10T12:46:24+0530,b5083eb2-5e7c-447e-b343-51556728b561
"Environment, Forestry & Climate",Weather & climate,Geospatial (DX GeoSpatial),"Agro Climatic Data of Varanasi, Uttar Pradesh",agriculture; ndvi; precipitation; dronagiri; rainfall; climate; weather; land; temperature; conservation; ecology; lst; environment; land cover and land use,"Varanasi, Uttar Pradesh, India",,,,,2024-10-10T12:46:17+0530,5f075f48-8f3e-434e-b6b2-d86261c6307d
"Environment, Forestry & Climate",Weather & climate,Geospatial (DX GeoSpatial),"Agro Climatic Data of Vizianagaram, Andhra Pradesh",gis; geospatial; gis mapping; spatial; ndvi; precipitation; rainfall; climate; weather; land; conservation; ecology; nasa; environment; land cover and land use; agriculture; vizianagaram; dronagiri,"Vizianagaram, Andhra Pradesh, India",,,,,2024-11-27T07:11:57+0530,7ea8cc0c-ed3d-4071-b4f2-718c665101f0
"Environment, Forestry & Climate",Weather & climate,Geospatial (DX GeoSpatial),"Agro Climatic Data of Washim, Maharashtra",agriculture; ndvi; precipitation; rainfall; climate; weather; land; temperature; conservation; ecology; lst; environment; land cover and land use; dronagiri; dronagiri; dronagiri,"Washim, Maharashtra, India",,,,,2024-10-10T12:46:31+0530,714dc05e-f431-4062-8070-eab068355a8f
"Environment, Forestry & Climate",Weather & climate,Geospatial (DX GeoSpatial),Daily Land Surface Temperature in India.,Environment; Satellite imagery; Thematic imagery,India,,,,,2025-07-30T09:28:33+0530,8831b747-f55d-4e3a-89ca-e6b47c468336
"Environment, Forestry & Climate",Weather & climate,Geospatial (DX GeoSpatial),India Daily RainFall Analysis,Geographical Names (Toponymy); Satellite imagery; Thematic imagery,India,,,,,2025-07-28T05:31:21+0530,b75c172f-12f2-4dc8-997e-c592c40901d4
"Environment, Forestry & Climate",Weather & climate,Geospatial (DX GeoSpatial),India's Land Surface Temperature,Environment; Satellite imagery; Thematic imagery,India,,,,,2025-07-10T12:59:06+0530,c8b815f8-0267-44ce-8483-05a60c529f4c
"Environment, Forestry & Climate",Weather & climate,Geospatial (DX GeoSpatial),Land Surface Temperature (LST) Information for Varanasi.,geospatial; lst; varanasi; urban heat; climate variability; polygon; area; perimeter; geographic information; environmental monitoring,"Varanasi, Uttar Pradesh, India",,,,OPEN,2025-04-07T12:20:00+0530,ace6a38c-1373-11f0-81b3-8f5e63da4fe1
"Environment, Forestry & Climate",Weather & climate,Geospatial (DX GeoSpatial),"Mandal wise rainfall data, Vizianagaram, Andhra Pradesh",gis; geospatial; gis mapping; spatial; rainfall; mandal; weather; climate; kharif; rabi; disaster management; apsdma; environment; agriculture; dronagiri; vizianagaram,"Vizianagaram, Andhra Pradesh, India",,,,,2025-01-17T11:00:16+0530,41e52520-2131-4bc6-b775-1a4047a1154d
"Environment, Forestry & Climate",Weather & climate,Geospatial (DX GeoSpatial),Niruthi's Weather Information for Telangana State,environment; environment; air quality; air; aqi; aqm; pollution; so2; co2; co; no; no2; pm2.5; pm10; humidity; temperature; ozone; o3; noise; light; uv,Telagana,,,,,2024-07-16T04:01:37+0530,54235284-fa17-46b8-a6ae-37feff3bf179
"Environment, Forestry & Climate",Weather & climate,Geospatial (DX GeoSpatial),"Precipitation Data, Vizianagaram District, Andhra Pradesh",geospatial; dronagiri; vizianagaram; andhra Pradesh; rain_fall; water; precipitation; rain; agriculture; livelihoods & skilling; constituency_wise; maldal; rainfall; mandalwise; mandal wise; agriculture; livelihoods & skilling,"Vizianagaram, Andhra Pradesh",,,,,2025-09-22T11:43:02+0530,39070ad6-c042-4b6b-a536-c53fb8c1d5c2
"Environment, Forestry & Climate",Weather & climate,Geospatial (DX GeoSpatial),Rainfall Data - Karnataka (2023-07-01),Environment; Land Parcels; Academia and Research; Thematic imagery; Water,India,,,,,2025-07-29T12:09:45+0530,9d3a6380-1aed-450b-9103-0a31a775ba5d
"Environment, Forestry & Climate",Weather & climate,Geospatial (DX GeoSpatial),Rainfall Data of  Andhra Pradesh,geospatial; precipitation; climatic; rainfall; environment; agriculture; niruthi; weathersnap; climate; Weather; Andhra Pradesh; NTR,"NTR district, Andhra Pradesh, India",,,,,2024-10-11T10:29:51+0530,cc61b163-5a71-455c-b6a0-657bd7a2bf82
"Environment, Forestry & Climate",Weather & climate,Geospatial (DX GeoSpatial),Rainfall Data of India from 1951 to 2021,geospatial; India; water; hydrology; rainfall; rain_fall; Precipitation; Interdisciplinary Centre for Water Research; ICWaR; agriculture; livelihoods & skilling; water; Academia and research,India,,,,,2025-05-22T12:14:59+0530,3c6d51da-6fae-4ab5-9afa-97c12f9915c9
"Environment, Forestry & Climate",Weather & climate,Geospatial (DX GeoSpatial),Rainfall Distribution by Intensity on 2023-07-01,Environment; Water; Geographical Names (Toponymy),India,,,,,2025-07-29T11:48:38+0530,a0e69ac2-6dd4-4cd1-8f57-45fd68707535
"Environment, Forestry & Climate",Weather & climate,Geospatial (DX GeoSpatial),"Surface Wind Speed Data, India",india; wind; wind speed; NGFS; hourly data; monthly data; climate; wind patterns; weather; surface wind; satellite imagery; NCMRWF; stac,India,,,,,2025-10-27T11:37:51+0530,b3966f1e-a90b-42e5-8fd5-70c3c5fbdbcd
"Environment, Forestry & Climate",Weather & climate,Geospatial (DX GeoSpatial),Weather Information from IMD for India,agriculture; livelihoods and skilling; geospatial; port; warning; rainfall; weather forecast; imd; dronagiri; precipitation; environment; meteorological department; weather information; weather monitoring sensors; weather; humidity; aws,India,,,,SECURE,2024-11-12T12:18:48+0530,9a9a1bc7-1b08-43d1-b500-7e0ebd1432d2
"Environment, Forestry & Climate",Weather & climate,Maharashtra (MahaAgX),Agristack Agro-Climatic Zone (ACZ) Mapping for Maharashtra,agro-climatic-zone; acz; maharashtra; district-mapping; lgd-code; agricultural-planning; climate-zone,Maharashtra,"Agristack Ministry of Agriculture and Farmer Welfare, Government of India",Agriculture,JSON,RESTRICTED,2026-02-14T09:06:57+0530,b2297e07-806b-4b27-a3fe-e08c0818952f
"Environment, Forestry & Climate",Weather & climate,Maharashtra (MahaAgX),Determination Of Surface Drainage Coefficient Through Rainfall Analysis,drainage; rainfall; gis; probability; irrigation,Maharashtra,Mahatma Phule Krishi Vidyapeeth Rahuri,Agriculture,docx,RESTRICTED,2026-06-11T07:01:37+0530,e926887c-cf8f-45ef-8b03-be230d890a74
"Environment, Forestry & Climate",Weather & climate,Maharashtra (MahaAgX),"Determination Of Surface Drainage Coefficient Through Rainfall Analysis For Jalna, Osmanabad, Beed ,Latur, Nanded, Aurangabad And Parbhani Districts",drainage; rainfall; coefficient; surface; agriculture,Maharashtra,Vasantrao Naik Marathwada Krishi Vidyapeeth Parbhani,Agriculture,pdf,RESTRICTED,2026-06-04T14:14:25+0530,aef29dd5-a0f3-4121-8753-4021f280adfe
"Environment, Forestry & Climate",Weather & climate,Maharashtra (MahaAgX),"Determination of Surface Drainage Coefficient Through Rainfall Analysis for Nanded, Hingoli, Latur and Aurangabad Districts",drainage coefficient; rainfall analysis; surface drainage; recurrence interval; nanded; hingoli; latur; aurangabad; waterlogging management; vnmkv,Maharashtra,Vasantrao Naik Marathwada Krishi Vidyapeeth Parbhani,Agriculture,pdf,OPEN,2026-02-16T03:43:39+0530,98b7dd2c-1dc3-468e-b01b-1df05996f472
"Environment, Forestry & Climate",Weather & climate,Maharashtra (MahaAgX),Determination of Tahsil-wise Surface Drainage Coefficient Through Rainfall Analysis for Marathwada,drainage coefficient; rainfall analysis; surface drainage; marathwada; irrigation engineering; waterlogging; jalna; osmanabad; beed; latur; nanded; aurangabad; parbhani; vnmkv,Maharashtra,Vasantrao Naik Marathwada Krishi Vidyapeeth Parbhani,Agriculture,pdf,OPEN,2026-02-16T03:43:45+0530,67b26c7f-cdcb-4d6f-a018-783e414b4e38
"Environment, Forestry & Climate",Weather & climate,Maharashtra (MahaAgX),Development Of A Cost-Effective Automatic Controller For The Fogging System Under Naturally Ventilated Polyhouse,polyhouse; fogging; controller; vpd; automation; temperature; humidity,Maharashtra,Dr. Balasaheb Sawant Konkan Krishi Vidyapeeth Dapoli,Agriculture,pdf,RESTRICTED,2026-06-02T15:19:47+0530,51672e3c-a351-46d0-8a30-5e53bbbae484
"Environment, Forestry & Climate",Weather & climate,Maharashtra (MahaAgX),Development Of Low-Cost Micro Weather Station,weather; station; humidity; temperature; engineering; agriculture,Maharashtra,Dr. Balasaheb Sawant Konkan Krishi Vidyapeeth Dapoli,Agriculture,pdf,RESTRICTED,2026-06-02T15:44:20+0530,d0301d5f-ab2a-414e-b0f8-e285a351f512
"Environment, Forestry & Climate",Weather & climate,Maharashtra (MahaAgX),Development of Multiple Linear Regression (MLR) Equations for Prediction of Evaporation Using Weather Parameters,evaporation; regression; mlr; weather; modeling; engineering; irrigation,Maharashtra,Dr. Balasaheb Sawant Konkan Krishi Vidyapeeth Dapoli,Agriculture,pdf,RESTRICTED,2026-06-02T12:48:00+0530,efd1ba3b-0a69-409b-8135-73bc1891ac48
"Environment, Forestry & Climate",Weather & climate,Maharashtra (MahaAgX),Development Of Rainfall Intensity-Duration Return Period Relationship And Nomograph For Osmanabad And Beed Stations Of Marathwada Region,rainfall; intensity; duration; returnperiod; nomograph,Maharashtra,Vasantrao Naik Marathwada Krishi Vidyapeeth Parbhani,Agriculture,pdf,RESTRICTED,2026-06-03T17:05:40+0530,78c13bae-1475-47f5-9f94-cf2551ec5037
"Environment, Forestry & Climate",Weather & climate,Maharashtra (MahaAgX),Development of Rainfall Intensity-duration-return Period Modified Relationship and Nomograph for Parbhani and Aurangabad,rainfall intensity; idf relationship; nomograph; return period; soil and water conservation; parbhani; aurangabad; watershed management; runoff control; vnmkv,Maharashtra,Vasantrao Naik Marathwada Krishi Vidyapeeth Parbhani,Agriculture,pdf,OPEN,2026-02-16T03:45:02+0530,af760310-528b-4f11-bebe-ca694f52306a
"Environment, Forestry & Climate",Weather & climate,Maharashtra (MahaAgX),Development Of Rainfall Intensity-Duration-Return Period Modified Relationship And Nomograph For Parbhani And Aurangabad Gauging Stations,rainfall; intensity; duration; return; nomograph; hydrology; design,Maharashtra,Vasantrao Naik Marathwada Krishi Vidyapeeth Parbhani,Agriculture,pdf,RESTRICTED,2026-06-03T17:09:57+0530,2fbeb9cb-c430-4524-aaec-b3bcb62c2c24
"Environment, Forestry & Climate",Weather & climate,Maharashtra (MahaAgX),Development of Rainfall Intensity-duration-return Period Relationship and Nomograph for Osmanabad and Beed,rainfall intensity; idf relationship; nomograph; return period; soil and water conservation; beed; osmanabad; watershed management; runoff control; vnmkv,Maharashtra,Vasantrao Naik Marathwada Krishi Vidyapeeth Parbhani,Agriculture,pdf,OPEN,2026-02-16T03:44:53+0530,66193516-3014-40d9-8241-6475cdad0c58
"Environment, Forestry & Climate",Weather & climate,Maharashtra (MahaAgX),Development Of Revised Rainfall Intensity-Duration-Frequency Relationship For Solapur District,rainfall; intensity; frequency; duration; constants,Maharashtra,Mahatma Phule Krishi Vidyapeeth Rahuri,Agriculture,doc,RESTRICTED,2026-06-10T21:52:29+0530,0b3ace1d-9cdf-42b6-8d24-5624b2d9fbfb
"Environment, Forestry & Climate",Weather & climate,Maharashtra (MahaAgX),Development Of Spectral Signature Library And Ndvi Values For Potato Under Different Water Stress Conditions,potato; ndvi; spectral; waterstress; irrigation,Maharashtra,Mahatma Phule Krishi Vidyapeeth Rahuri,Agriculture,docx,RESTRICTED,2026-06-11T07:25:56+0530,b1dcb925-eae0-48f9-8a54-908815886213
"Environment, Forestry & Climate",Weather & climate,Maharashtra (MahaAgX),Development Of Spv Based Temperature Controller For Solar Dryer,solar; dryer; temperature; controller; spv; energy,Maharashtra,Dr. Balasaheb Sawant Konkan Krishi Vidyapeeth Dapoli,Agriculture,pdf,RESTRICTED,2026-06-02T15:44:50+0530,ea6fb04e-9c7c-4697-8968-5f24011fcffa
"Environment, Forestry & Climate",Weather & climate,Maharashtra (MahaAgX),Historical Agro-Meteorological Observations for Rahuri Weather Station in Maharashtra,weather; humidity; temperature; maharashtra; wind; rainfall; evaporation; sunshine; agro-meteorology; rahuri,Maharashtra,Mahatma Phule Krishi Vidyapeeth Rahuri,Agriculture,json,RESTRICTED,2026-02-14T02:56:19+0530,04bf3f4e-d74e-11f0-a2ba-eb694a98984a
"Environment, Forestry & Climate",Weather & climate,Maharashtra (MahaAgX),Identification Of Groundwater Potential Zones In Godavari-Purna Sub-Basin In Assured Rainfall Zone Of Marathwada Region,groundwater; irrigation; gis; aquifer; mapping; marathwada,Maharashtra,Vasantrao Naik Marathwada Krishi Vidyapeeth Parbhani,Agriculture,pdf,RESTRICTED,2026-06-05T17:44:01+0530,6b37699f-f2bd-4a56-bcbf-d1fc34af6bbd
"Environment, Forestry & Climate",Weather & climate,Maharashtra (MahaAgX),IMD Daily 10-Day Block-Level Weather Forecast for Maharashtra,agriculture; weather; forecast; rainfall; temperature; humidity; wind-direction; maharashtra; block-level; imd,Maharashtra,"India Meteorological Department Ministry of Earth Sciences, Government of India",Agriculture,JSON,RESTRICTED,2026-02-14T03:48:00+0530,2ec28e62-d9bb-11f0-b864-27b57a90a31f
"Environment, Forestry & Climate",Weather & climate,Maharashtra (MahaAgX),IMD Daily 5-Day Gram Panchayat Level Weather Forecast for Maharashtra,weather; forecast; imd; maharashtra; agriculture; rainfall; temperature; gram-panchayat; village-level,Maharashtra,"India Meteorological Department Ministry of Earth Sciences, Government of India",Agriculture,JSON,RESTRICTED,2026-02-14T03:45:30+0530,aad9e434-d7fc-11f0-9253-072f1c02faa5
"Environment, Forestry & Climate",Weather & climate,Maharashtra (MahaAgX),MAHAVEDH Daily Circle-Level Weather Observations for Maharashtra,weather; mahavedh; humidity; temperature; maharashtra; wind; rainfall; aws; agriculture; circle-level,Maharashtra,Department of Agriculture Government of Maharashtra,Agriculture,JSON,RESTRICTED,2026-02-14T03:22:11+0530,26fe4c66-d74f-11f0-b79f-d3040ddea82b
"Environment, Forestry & Climate",Weather & climate,Maharashtra (MahaAgX),Onset-Withdrawal Characteristics Of South-West Monsoon For Western Maharashtra,monsoon; rainfall; irrigation; agriculture; gis,Maharashtra,Mahatma Phule Krishi Vidyapeeth Rahuri,Agriculture,docx,RESTRICTED,2026-06-11T07:08:17+0530,762a839c-9e41-4ed4-9649-62e907ec93f2
"Environment, Forestry & Climate",Weather & climate,Maharashtra (MahaAgX),Recommendation Proposal On Solar Radiation Shield For Temperature And Relative Humidity Sensors,temperature; humidity; solar; shield; greenhouse; automation,Maharashtra,Dr. Balasaheb Sawant Konkan Krishi Vidyapeeth Dapoli,Agriculture,pdf,RESTRICTED,2026-06-02T15:26:20+0530,bcba9426-5afd-4843-b7ee-b6fcd23efc3d
"Environment, Forestry & Climate",Weather & climate,Maharashtra (MahaAgX),Software for Estimation of Drainage Coefficient Using Rainfall Data,drainage coefficient; software development; rainfall data; irrigation engineering; surface drainage; computer programming; aurangabad; marathwada; vnmkv,Maharashtra,Vasantrao Naik Marathwada Krishi Vidyapeeth Parbhani,Agriculture,pdf,OPEN,2026-02-16T03:43:34+0530,90cd4e2a-bcf5-4b8e-88bb-9e6607634390
"Environment, Forestry & Climate",Weather & climate,Telangana (TGDeX),2006 Telangana Daily Monsoon Rainfall by Mandal,Meteorology; Rainfall; Time Series; Climate Monitoring; Monsoon,Telangana,Dept. of Planning,Agriculture & Farming,CSV,OPEN,2025-06-22T09:37:51+0530,d13ba9c6-566b-40f9-85e4-cfe2d219b1a3
"Environment, Forestry & Climate",Weather & climate,Telangana (TGDeX),2009 Telangana Monsoon Daily Rainfall by Mandal,Meteorology; Rainfall; Time Series; Climate Monitoring; Monsoon,Telangana,Dept. of Planning,Agriculture & Farming,CSV,OPEN,2025-06-22T09:38:21+0530,b084f83d-5f69-40e0-b240-8a92711507cf
"Environment, Forestry & Climate",Weather & climate,Telangana (TGDeX),2018 Telangana Daily Rainfall and Humidity Records,Meteorology; Rainfall; Humidity; Daily; Time Series,Telangana,Dept. of Planning,Agriculture & Farming,CSV,OPEN,2025-06-22T09:35:54+0530,3e3d8966-c41e-4b33-99a6-02b48a266f4b
"Environment, Forestry & Climate",Weather & climate,Telangana (TGDeX),Daily Monsoon Rainfall in Telangana by Mandal (2004-2016),Meteorology; Rainfall; Daily Data; Monsoon; Time Series,Telangana,Dept. of Planning,Agriculture & Farming,CSV,OPEN,2025-06-22T09:36:22+0530,0a626e02-8983-4e20-81cb-2b01b8ea2448
"Environment, Forestry & Climate",Weather & climate,Telangana (TGDeX),Telangana 2008 Monsoon Daily Rainfall by Mandal,Meteorology; Rainfall; Time Series; Climate Monitoring; Monsoon,Telangana,Dept. of Planning,Agriculture & Farming,CSV,OPEN,2025-06-22T09:37:55+0530,1d6b5725-e687-460e-b627-1bb31b3cf0be
"Environment, Forestry & Climate",Weather & climate,Telangana (TGDeX),Telangana 2014 Monsoon Daily Rainfall by Mandal,Meteorology; Rainfall; Time Series; Climate Monitoring; Monsoon,Telangana,Dept. of Planning,Agriculture & Farming,CSV,OPEN,2025-06-22T09:37:24+0530,ba9485aa-d2d8-4601-a115-c4d4ea259b72
"Environment, Forestry & Climate",Weather & climate,Telangana (TGDeX),Telangana 2020 Mandal-Level Daily Weather Data,Meteorology; Weather Observations; Time Series; Temperature; Rainfall,Telangana,Dept. of Planning,Agriculture & Farming,CSV,OPEN,2025-06-22T09:37:59+0530,970edac4-57a4-4e6c-a584-6a25de901b92
"Environment, Forestry & Climate",Weather & climate,Telangana (TGDeX),Telangana 2020 Quarter Two Wind Speed and Rainfall by Mandal,Meteorology; Wind Speed; Daily Data; Time Series; Renewable Energy,Telangana,Dept. of Planning,Agriculture & Farming,CSV,OPEN,2025-06-22T09:36:26+0530,ac3f63ee-3f55-45ae-ace4-739707cdaa50
"Environment, Forestry & Climate",Weather & climate,Telangana (TGDeX),Telangana 2021 Daily Temperature Records,Meteorology; Temperature; Daily; Time Series; Climate Monitoring,Telangana,Dept. of Planning,Agriculture & Farming,CSV,OPEN,2025-06-22T09:35:17+0530,e498fc79-9509-47fe-ad03-acf1843f6a57
"Environment, Forestry & Climate",Weather & climate,Telangana (TGDeX),Telangana Daily Minimum and Maximum Temperatures 2018,Meteorology; Temperature; Daily Data; Time Series; Climate Monitoring,Telangana,Dept. of Planning,Agriculture & Farming,CSV,OPEN,2025-06-22T09:36:52+0530,ee1a6c59-674c-4465-9ef1-55bc0b76f13b
"Environment, Forestry & Climate",Weather & climate,Telangana (TGDeX),Telangana Daily Monsoon Rainfall 2007,Meteorology; Rainfall; Time Series; Climate Monitoring; Monsoon,Telangana,Dept. of Planning,Agriculture & Farming,CSV,OPEN,2025-06-22T09:38:25+0530,7ff8a60b-c547-4d09-965d-78a15107541e
"Environment, Forestry & Climate",Weather & climate,Telangana (TGDeX),Telangana Daily Rainfall and Humidity Observations 2020,Meteorology; Rainfall; Humidity; Daily; Time Series,Telangana,Dept. of Planning,Agriculture & Farming,CSV,OPEN,2025-06-22T09:36:03+0530,5bcc58f7-97f5-40eb-a7c6-df53a0634c68
"Environment, Forestry & Climate",Weather & climate,Telangana (TGDeX),Telangana Daily Rainfall and Humidity Records 2021,Meteorology; Rainfall; Humidity; Daily; Time Series,Telangana,Dept. of Planning,Agriculture & Farming,CSV,OPEN,2025-06-22T09:35:06+0530,6bd834f8-fcc9-42bb-8b68-f38584ef5301
"Environment, Forestry & Climate",Weather & climate,Telangana (TGDeX),Telangana Daily Rainfall Data for Monsoon 2013,Meteorology; Rainfall; Time Series; Climate Monitoring; Monsoon,Telangana,Dept. of Planning,Agriculture & Farming,CSV,OPEN,2025-06-22T09:37:39+0530,d976d599-cdc3-4b15-b755-84b069e8de6d
"Environment, Forestry & Climate",Weather & climate,Telangana (TGDeX),Telangana Daily Weather Observations 2023-2025,Meteorology; Weather Observations; Time Series; Temperature; Rainfall,Telangana,Dept. of Planning,Agriculture & Farming,CSV,OPEN,2025-06-22T09:36:41+0530,88cba89e-c567-44c6-92c8-f39e5fbdca7a
"Environment, Forestry & Climate",Weather & climate,Telangana (TGDeX),Telangana Land Surface Temperature Raster Data,Geospatial; Temperature; Population,Telangana,ADeX,Agriculture & Farming,API,OPEN,2025-07-01T08:08:15+0530,1a9d264e-3502-46b2-a1d8-cfb68e0fe276
"Environment, Forestry & Climate",Weather & climate,Telangana (TGDeX),Telangana Monsoon 2015 Daily Rainfall by Mandal,Meteorology; Rainfall; Time Series; Climate Monitoring; Monsoon,Telangana,Dept. of Planning,Agriculture & Farming,CSV,OPEN,2025-06-22T09:37:47+0530,ab0c2d3e-4f02-4323-b752-3e33bb6fd04f
"Environment, Forestry & Climate",Weather & climate,Telangana (TGDeX),Telangana Monsoon Daywise Rainfall 2011,Meteorology; Rainfall; Monsoon; Daywise; Time Series,Telangana,Dept. of Planning,Agriculture & Farming,CSV,OPEN,2025-06-22T09:35:50+0530,3aee01d2-0df4-43f7-abef-a2a35c4ec2de
"Environment, Forestry & Climate",Weather & climate,Telangana (TGDeX),Telangana Monsoon Season Rainfall Data (2004-2016),Meteorology; Rainfall; Daily Data; Monsoon; Time Series,Telangana,Dept. of Planning,Agriculture & Farming,CSV,OPEN,2025-06-22T09:36:37+0530,1aa65713-0056-49e0-9ede-15be225013dc
"Environment, Forestry & Climate",Weather & climate,Telangana (TGDeX),Telangana Monthly Maximum Temperature by Mandal (June 2013-December 2017),Climate; Temperature; Monthly Records; Mandal; Heat Patterns,Telangana,Dept. of Agriculture & Co-operation,Agriculture & Farming,CSV,OPEN,2025-06-22T09:25:12+0530,f54d9063-7bb4-4151-aa53-561c50e083a2
"Environment, Forestry & Climate",Weather & climate,Telangana (TGDeX),Telangana State 2010 Monsoon Daily Rainfall,Meteorology; Rainfall; Monsoon; Daily; Time Series,Telangana,Dept. of Planning,Agriculture & Farming,CSV,OPEN,2025-06-22T09:35:28+0530,a0023341-2998-4040-a895-365d4a9469a9
"Environment, Forestry & Climate",Weather & climate,Telangana (TGDeX),Telangana State 2017 Rainfall Measurements,Meteorology; Rainfall; Daily; Time Series; Climate Monitoring,Telangana,Dept. of Planning,Agriculture & Farming,CSV,OPEN,2025-06-22T09:35:32+0530,530c4277-549a-4e6f-980c-31ef05b4f495
"Environment, Forestry & Climate",Weather & climate,Telangana (TGDeX),Telangana State 2018 Daily Wind Speed Records,Meteorology; Wind Speed; Daily Data; Climate; Weather Monitoring,Telangana,Dept. of Planning,Agriculture & Farming,CSV,OPEN,2025-06-22T09:35:02+0530,1de19320-e383-449e-bef9-0d3cc1c0028f
"Environment, Forestry & Climate",Weather & climate,Telangana (TGDeX),Telangana State 2019 Daily Rainfall and Humidity,Meteorology; Rainfall; Humidity; Daily; Time Series,Telangana,Dept. of Planning,Agriculture & Farming,CSV,OPEN,2025-06-22T09:35:23+0530,0146c0e8-859d-4547-a55e-eaacbc9ad7b3
"Environment, Forestry & Climate",Weather & climate,Telangana (TGDeX),Telangana State 2020 Daily Temperature Records,Meteorology; Temperature; Daily; Time Series; Climate Monitoring,Telangana,Dept. of Planning,Agriculture & Farming,CSV,OPEN,2025-06-22T09:35:58+0530,083d23c0-deae-454d-9b03-3e44e90733f3
"Environment, Forestry & Climate",Weather & climate,Telangana (TGDeX),Telangana State Daily Rainfall and Humidity Records 2022,Meteorology; Rainfall; Time Series; Climate Monitoring; Monsoon,Telangana,Dept. of Planning,Agriculture & Farming,CSV,OPEN,2025-06-22T09:37:17+0530,deed98c6-9248-4507-a887-e21577c5ad4c
"Environment, Forestry & Climate",Weather & climate,Telangana (TGDeX),Telangana State Daily Temperature Profiles 2022,Meteorology; Temperature; Time Series; Climate Monitoring; Heat Patterns,Telangana,Dept. of Planning,Agriculture & Farming,CSV,OPEN,2025-06-22T09:37:10+0530,c00adc0c-c181-4554-bf31-b5fe891e58af
"Environment, Forestry & Climate",Weather & climate,Telangana (TGDeX),Telangana State Daily Temperature Records 2019,Meteorology; Temperature; Daily; Time Series; Climate Monitoring,Telangana,Dept. of Planning,Agriculture & Farming,CSV,OPEN,2025-06-22T09:35:12+0530,fbff943d-c2c0-43ad-a980-adb41bda67f5
"Environment, Forestry & Climate",Weather & climate,Telangana (TGDeX),Telangana State Daily Weather Data 2021,Meteorology; Weather Observations; Time Series; Temperature; Rainfall,Telangana,Dept. of Planning,Agriculture & Farming,CSV,OPEN,2025-06-22T09:38:10+0530,54a73525-93ac-4157-8d50-b837085b148c
"Environment, Forestry & Climate",Weather & climate,Telangana (TGDeX),Telangana State Daily Weather Observations (2018-2019),Meteorology; Weather Observations; Daily Data; Time Series; Climate Monitoring,Telangana,Dept. of Planning,Agriculture & Farming,CSV,OPEN,2025-06-22T09:37:06+0530,74b946c3-3248-4f79-9963-36db366cd51e
"Environment, Forestry & Climate",Weather & climate,Telangana (TGDeX),Telangana State Daily Weather Observations 2019,Meteorology; Weather Observations; Time Series; Temperature; Rainfall,Telangana,Dept. of Planning,Agriculture & Farming,CSV,OPEN,2025-06-22T09:38:16+0530,348264a5-fe3e-498e-ab01-13b3bf0984e8
"Environment, Forestry & Climate",Weather & climate,Telangana (TGDeX),Telangana State Daily Wind Speed Measurements 2021,Meteorology; Wind Speed; Daily Data; Time Series; Renewable Energy,Telangana,Dept. of Planning,Agriculture & Farming,CSV,OPEN,2025-06-22T09:36:11+0530,b0c471b9-ea90-427c-8b4d-a12808ea38c0
"Environment, Forestry & Climate",Weather & climate,Telangana (TGDeX),Telangana State Daily Wind Speed Records 2019,Meteorology; Wind Speed; Daily Data; Time Series; Renewable Energy,Telangana,Dept. of Planning,Agriculture & Farming,CSV,OPEN,2025-06-22T09:36:17+0530,4dc1dd70-a1a0-4241-a718-4c5886f3ce0d
"Environment, Forestry & Climate",Weather & climate,Telangana (TGDeX),Telangana State Daily Wind Speed Statistics 2022,Meteorology; Wind Speed; Renewable Energy; Time Series; Climate Monitoring,Telangana,Dept. of Planning,Agriculture & Farming,CSV,OPEN,2025-06-22T09:38:03+0530,1bdb770b-0126-4347-96a4-040353d5d1d5
"Environment, Forestry & Climate",Weather & climate,Telangana (TGDeX),Telangana State Mandal-Level Wind Speed Records 2023-2025,Meteorology; Wind Speed; Renewable Energy; Time Series; Climate Monitoring,Telangana,Dept. of Planning,Agriculture & Farming,CSV,OPEN,2025-06-22T09:37:28+0530,9592ac82-5a09-413d-a6bd-cba302cb5f59
"Environment, Forestry & Climate",Weather & climate,Telangana (TGDeX),Telangana State Monsoon 2012 Daily Rainfall by Mandal,Meteorology; Rainfall; Time Series; Climate Monitoring; Monsoon,Telangana,Dept. of Planning,Agriculture & Farming,CSV,OPEN,2025-06-22T09:37:43+0530,8454b11e-b305-4c10-828b-c39159984cdc
"Environment, Forestry & Climate",Weather & climate,Telangana (TGDeX),Telangana State Monsoon 2016 Daily Rainfall,Meteorology; Rainfall; Monsoon; Daily; Time Series,Telangana,Dept. of Planning,Agriculture & Farming,CSV,OPEN,2025-06-22T09:35:46+0530,6f73153f-1da4-49bf-92a3-2b7598d4d7bb
"Environment, Forestry & Climate",Weather & climate,Telangana (TGDeX),Telangana State Monsoon Season Daily Rainfall 2005,Meteorology; Rainfall; Daily Data; Monsoon; Time Series,Telangana,Dept. of Planning,Agriculture & Farming,CSV,OPEN,2025-06-22T09:36:07+0530,e008649b-e218-4f62-9d15-c634d04f8969
"Environment, Forestry & Climate",Weather & climate,Telangana (TGDeX),Telangana State Precipitation Raster Data,Geospatial; Precipitation; Climate,Telangana,ADeX,Agriculture & Farming,API,OPEN,2025-07-01T08:08:12+0530,202ae28f-17e3-433f-a26a-8894103ca057
"Environment, Forestry & Climate",Weather & climate,Telangana (TGDeX),Telangana State Weather Observations 2023-2025,Meteorology; Multi-Year; Time Series; Climate Monitoring; Weather Stations,Telangana,Dept. of Planning,Agriculture & Farming,CSV,OPEN,2025-06-22T09:35:36+0530,d7e95b7a-1e85-4540-9725-ea85efbfd93b
"Environment, Forestry & Climate",Weather & climate,Telangana (TGDeX),Telangana Temperature Data 2023-2025,Meteorology; Temperature; Time Series; Climate Monitoring; Heat Trends,Telangana,Dept. of Planning,Agriculture & Farming,CSV,OPEN,2025-06-22T09:36:56+0530,d9bc4839-b774-4749-a1aa-4f4f3ed5c41a
"Environment, Forestry & Climate",Weather & climate,Telangana (TGDeX),Telangana Temperature Raster Data,Geospatial; Population; Agriculture,Telangana,ADeX,Agriculture & Farming,API,OPEN,2025-07-01T08:08:42+0530,d4244792-0602-4e2d-be05-14a78a4b402f
"Environment, Forestry & Climate",Weather & climate,Telangana (TGDeX),Telangana Weather Data 2022,Meteorology; Weather Observations; Temperature; Rainfall; Humidity,Telangana,Dept. of Planning,Agriculture & Farming,CSV,OPEN,2025-06-22T09:36:30+0530,91387a58-bf2e-4eb5-93c8-9742436e0578
"Environment, Forestry & Climate",Weather & climate,Telangana (TGDeX),Telangana Weather Information,Weather; Rainfall; Forecast,Telangana,ADeX,Agriculture & Farming,API,RESTRICTED,2025-07-01T08:07:54+0530,941b012b-8e81-47a7-bc6d-634ea43a69f2
"Environment, Forestry & Climate",Weather & climate,Telangana (TGDeX),Weather and Rainfall Data for Mandals in Khammam District,Weather; Rainfall; Forecast,Telangana,ADeX,Agriculture & Farming,API,RESTRICTED,2025-07-01T08:07:46+0530,c653d574-f2ef-448d-86a0-d161f63cda73
"Environment, Forestry & Climate",Weather & climate,Urban (IUDX COS),Device information of Weather Monitoring in IIIT Hyderabad,weather; humidity; rainfall; relative humidity; solar radiation; wind; wind direction; wind speed; gust; gust speed,"IIIT Hyderabad, Telangana",,,,,2022-08-06T10:31:53+0530,36769f6d-7ae4-43d0-adc5-6dcb025d9e5f
"Environment, Forestry & Climate",Weather & climate,Urban (IUDX COS),Rainfall Monitoring Sensors in Chennai City,rainfall; rain; rain sensor; rainfall level; flood; water; millimetre; mm; rains; precipitation; rain information,"Chennai, Tamil Nadu",,,,,2023-02-14T02:24:55+0530,3bf8cc5c-7cca-49c3-98ed-cb931e91b494
"Environment, Forestry & Climate",Weather & climate,Urban (IUDX COS),Weather Station in IIIT Hyderabad,weather; humidity; rainfall; relative humidity; solar radiation; wind; wind direction; wind speed; gust; gust speed,"IIIT Hyderabad, Telangana",,,,,2022-08-06T10:31:53+0530,e063fb28-cd18-418a-897d-7b1034e282b9
"Environment, Forestry & Climate",Weather & climate,Urban (IUDX COS),Weather Stations in Pune City,air pollutant; air; temperature; humidity; rainfall; relative humidity; uv radiation; ultra violet,Pune,,,,,2023-02-14T09:28:45+0530,be138096-0382-4093-a542-f66e7190a829
Geospatial & Land,Boundaries & cadastre,Geospatial (DX GeoSpatial),"Administrative Boundaries (OSM 50K Features) of Gurugram, Haryana",urban planning; survey of india; gis; haryana; infrastructure development; land cover and land use; gurugram; livelihoods and skilling; resource management; geospatial; gis mapping; agriculture; sustainability; dronagiri,"Gurugram, Haryana, India",,,,,2025-07-29T01:43:17+0530,97446a06-a70d-4435-afd5-355993f05fee
Geospatial & Land,Boundaries & cadastre,Geospatial (DX GeoSpatial),"Administrative Boundaries (OSM 50K Features) of Sonipat, Haryana",urban planning; spatial; survey of india; haryana; administrative boundaries; sonipat; governance; geography; dronagiri,"Sonipat, Haryana, India",,,,,2025-07-29T01:40:15+0530,a1b7d8d6-0942-11f0-a3f2-cbf1f56113b0
Geospatial & Land,Boundaries & cadastre,Geospatial (DX GeoSpatial),Administrative Boundaries of India,boundaries; kamrup; headquarters; geo spatial; Transportation and Logistics; varanasi; administrative boundaries; sonipat; perimeter; functional areas (administrative boundaries); administrations; agriculture; gurugram; area; vizianagaram; livelihoods and skilling; survey of india; major towns; cities; taluk; washim; department; states; functional areas; districts; sub-districts; tehsil; dronagiri,India,,,,,2025-07-29T01:41:33+0530,19c6dab5-5ed9-4224-b33f-d56060281587
Geospatial & Land,Boundaries & cadastre,Geospatial (DX GeoSpatial),Administrative Boundaries of Maharashtra,sub-districts; states; area; administrative boundaries; major towns; boundaries; tehsil; districts; taluk; department; perimeter; administrations; headquarters; functional areas; functional areas (administrative boundaries); geo spatial; cities; agriculture; livelihoods and skilling; transportation and logistics; dronagiri; washim,"Maharashtra, India.",,,,,2025-02-06T03:08:28+0530,148b5872-7e03-4d64-89e3-f2ff90759039
Geospatial & Land,Boundaries & cadastre,Geospatial (DX GeoSpatial),"Administrative boundaries of Vizianagaram, Andhra Pradesh",survey of india; boundaries; district; of; survey; livelihoods and skilling; transportation and logistics; functional areas (administrative boundaries); vizianagaram; india; geospatial; mandal; agriculture; dronagiri,"Vizianagaram, Andhra Pradesh, India",,,,,2025-07-29T01:40:21+0530,d60f1e10-2c09-4a8b-92f3-eb60da768c01
Geospatial & Land,Boundaries & cadastre,Geospatial (DX GeoSpatial),"Administrative Boundaries, Bangalore",geospatial; hydrography; natural waterbody; lake; river; pond; wetland; environment; conservation; ecology; functional areas (administrative boundaries),"Bengaluru, Karnataka",,,,,2024-09-05T06:14:53+0530,5fc60dff-b038-48d7-8941-d114aec471d9
Geospatial & Land,Boundaries & cadastre,Geospatial (DX GeoSpatial),"Administrative Boundaries, Sirmaur, Himachal Pradesh",survey of india; natural waterbody; conservation; lake; hydrography; functional areas (administrative boundaries); geospatial; ecology; pond; river; wetland; environment,"Sirmaur, Himachal Pradesh",,,,OPEN,2025-07-23T10:30:50+0530,013c5ccb-f91d-4bb7-a562-aeeaff76fe9d
Geospatial & Land,Boundaries & cadastre,Geospatial (DX GeoSpatial),"Administrative Boundaries, Varanasi, Uttar Pradesh",survey of india; varanasi; boundary; livelihoods and skilling; transportation and logistics; functional areas (administrative boundaries); region; Survey of India; soi; geospatial; gis mapping; administrative; agriculture; dronagiri,"Varanasi, Uttar Pradesh, India",,,,,2025-07-29T01:39:56+0530,b4e51509-b62a-4c24-a286-0b3015ee03ad
Geospatial & Land,Boundaries & cadastre,Geospatial (DX GeoSpatial),Agri Advisory and Promotion Field Survey.,Environment; Buildings and Settlements; Land Parcels,India,,,,,2025-08-01T11:33:48+0530,90589855-890a-4d80-b4dc-f1d7548d5cde
Geospatial & Land,Boundaries & cadastre,Geospatial (DX GeoSpatial),Agri Advisory and Promotion Field Visits,Buildings and Settlements; Environment; Land Parcels,India,,,,,2025-08-01T10:25:41+0530,1e74afb5-7bad-4cd3-81d2-56629ec80bd9
Geospatial & Land,Boundaries & cadastre,Geospatial (DX GeoSpatial),"Boundaries - limits (OSM 50K features) of Gurugram, Haryana",urban planning; survey of india; gis; haryana; Functional Areas (Administrative Boundaries); infrastructure development; land cover and land use; buildings and settlements; gurugram; livelihoods and skilling; physical infrastructure; resource management; geospatial; gis mapping; sustainability; dronagiri,"Gurugram, Haryana, India",,,,,2025-07-29T01:40:51+0530,74fad504-c102-4261-b306-3fcfa2b827e1
Geospatial & Land,Boundaries & cadastre,Geospatial (DX GeoSpatial),"Boundary features (25K), Sonipat, Haryana",survey of india; haryana; administrative boundaries; sonipat; Boundary_features; Functional_Areas; Administrative Boundaries; soi; geospatial; surveyofindia; Boundary features; dronagiri,"Sonipat, Haryana",,,,,2025-07-29T01:42:02+0530,4720716c-9749-458c-ab50-1cf3172ad897
Geospatial & Land,Boundaries & cadastre,Geospatial (DX GeoSpatial),"Boundary features (OSM 50K), Vizianagaram, Andhra Pradesh",survey of india; administrative_boundaries; administrative boundaries; boundaries; Vizianagaram; andhra pradesh; marginal area; boundary; Functional Areas; soi; geospatial; surveyofindia; dronagiri,"Vizianagaram, Andhra Pradesh",,,,,2025-07-29T01:39:14+0530,af5c81e0-fc66-4dfd-851f-6f99e57ba2ac
Geospatial & Land,Boundaries & cadastre,Geospatial (DX GeoSpatial),"Cadastral Boundary Data, Kamrup Metropolitan District, Assam","cadastral boundaries; land parcels; crop insurance; directorate of land records and surveys, assam; Kamrup; Assam; spatial data; land cover and land use; agriculture; dronagiri; kamrup metropolitan; assam","Kamrup metropolitan district, Assam, India",,,,,2025-06-18T02:03:55+0530,3d090c3b-0789-44c4-85f2-5fd8423ddf5b
Geospatial & Land,Boundaries & cadastre,Geospatial (DX GeoSpatial),Cadastral Boundary Dataset with Land Parcel Attributes – Assam,"cadastral; land records; parcel mapping; property boundaries; GIS; Assam; kamrup metropolitan; directorate of land records and surveys, assam; rural planning; spatial analysis; land use; remote sensing; beneficiary mapping; dronagiri","Assam, India",,,,,2025-07-15T03:12:52+0530,22e4698a-de21-419a-bf6f-b5a87799040b
Geospatial & Land,Boundaries & cadastre,Geospatial (DX GeoSpatial),"Land Parcel Data of Washim, Maharashtra",geospatial; maharashtra; washim; Settlement Commission & Director of Land Records Maharashtra Stateland parcels; parcels; buildings; dronagiri; land record; built; built-up; built_up; built up; land parcels; buildings and settlements; agriculture; livelihoods & skilling; transportation and logistics; dronagiri,"Washim, Maharashtra, India",,,,,2025-01-16T08:33:37+0530,e6c457f9-8bbd-4c07-b478-1d0761546668
Geospatial & Land,Boundaries & cadastre,Geospatial (DX GeoSpatial),"Line of Control (OSM 50K) – Sonipat, Haryana",survey of india; gis; haryana; sonipat; livelihoods and skilling; transportation and logistics; functional areas (administrative boundaries); physical infrastructure; geospatial; gis mapping; border; dronagiri,"Sonipat, Haryana, India",,,,,2025-07-29T01:43:20+0530,74a11bbb-aab5-49dd-976e-fc4ba45caeb5
Geospatial & Land,Boundaries & cadastre,Geospatial (DX GeoSpatial),"LSM Revenue Dataset of Sonipat, Haryana",geospatial; haryana; sonipat; revenue & disaster management department; parcels; built up; built_up; land records; land parcel; property; dronagiri; functional areas (administrative boundaries); land cover and land use; buildings and settlements; land parcels; transport networks; agriculture; livelihoods & skilling; transportation and logistics; dronagiri; sonipat,"Sonipat, Haryana, India",,,,,2025-01-20T02:21:51+0530,c8de6999-9845-4b67-b89f-e78fddd1a7eb
Geospatial & Land,Boundaries & cadastre,Geospatial (DX GeoSpatial),od,Geographical Names (Toponymy); Functional Areas (Administrative Boundaries); dronagiri,India,,,,,2025-10-17T10:10:39+0530,89044193-b17d-4dbe-8727-3ba1df4d595d
Geospatial & Land,Boundaries & cadastre,Geospatial (DX GeoSpatial),"Orthoimagery, Varanasi, Uttar Pradesh.",geospatial; polygon; area; perimeter; geographic information; urban planning; livelihoods and skilling; functional areas (administrative boundaries); geographical names (toponymy); geospatial data; land cover and land use; dronagiri; agriculture; transportation and logistics,"Varanasi, Uttar Pradesh, India",,,,,2024-12-02T12:49:43+0530,7151cd20-8c68-4023-bab7-83bbfaae67d5
Geospatial & Land,Boundaries & cadastre,Geospatial (DX GeoSpatial),"Orthoimagery, Vizianagram, Andhra Pradesh.",urban planning; geographic information; geographical names (toponymy); geospatial data; survey of india; land cover and land use; area; perimeter; livelihoods and skilling; functional areas (administrative boundaries); agriculture; transportation and logistics; geospatial; surveyofindia; polygon; dronagiri,"Vizianagaram, Uttar Pradesh, India",,,,,2025-07-29T01:41:07+0530,32892b6e-0a2c-11f0-8529-f73fc78bcbe6
Geospatial & Land,Boundaries & cadastre,Geospatial (DX GeoSpatial),"Other Boundaries, Sirmaur, Himachal Pradesh",survey of india; natural waterbody; conservation; lake; hydrography; functional areas (administrative boundaries); geospatial; ecology; pond; river; wetland; environment,"Sirmaur, Himachal Pradesh",,,,OPEN,2025-07-23T10:30:47+0530,1ea017f7-8a49-402d-9aa1-8a8e24489215
Geospatial & Land,Boundaries & cadastre,Geospatial (DX GeoSpatial),"Other Boundaries, Varanasi, Uttar Pradesh",survey of india; non-administrative; demarcation; varanasi; boundary; livelihoods and skilling; transportation and logistics; zoning; functional areas (administrative boundaries); Survey of India; soi; geospatial; gis mapping; agriculture; dronagiri,"Varanasi, Uttar Pradesh, India",,,,,2025-07-29T01:38:57+0530,4d4d153d-6bd4-4983-baa6-cb3451a7efc7
Geospatial & Land,Boundaries & cadastre,Geospatial (DX GeoSpatial),"Physical Boundaries, Bangalore",geospatial; hydrography; natural waterbody; lake; river; pond; wetland; environment; conservation; ecology; land cover and land use,"Bengaluru, Karnataka",,,,,2024-09-05T06:14:53+0530,06b0d7dd-ce87-4f35-9a33-a37a20b282bd
Geospatial & Land,Boundaries & cadastre,Geospatial (DX GeoSpatial),"Revenue Dataset of Varanasi, Uttar Pradesh",geospatial; Varanasi; revenue; revenue board; land parcel; land parcels; parcel; bor; board of revenue; Uttar Pradesh; land cover and land use; transport networks; agriculture; livelihoods and skilling; transportation and logistics; dronagiri; varanasi,"Varanasi, Uttar Pradesh, India",,,,,2024-11-12T12:18:07+0530,cfd0c873-07b8-439d-8d4c-2985204f1560
Geospatial & Land,Boundaries & cadastre,Geospatial (DX GeoSpatial),"Svamitva Dataset of Gurugram, Haryana",buildings; transportation and logistics; built_up; laldora; parcels; Haryana; built; haryana; road; SVAMITVA; land; transportation; functional areas (administrative boundaries); lal dora; soi; geospatial; roads; agriculture; built up; gurugram; transport networks; built-up; survey of india; Gurgaon; land record; buildings and settlements; land parcels; Gurugram; livelihoods & skilling; dronagiri,"Gurugram,  Haryana, India",,,,,2025-07-29T01:39:20+0530,1bd86bec-2c62-40f5-b330-a040261f22f6
Geospatial & Land,Boundaries & cadastre,Geospatial (DX GeoSpatial),"Svamitva Dataset of Sonipat, Haryana",property; built; sonipat; builtup; functional areas (administrative boundaries); agriculture; svamitva; built up; swamitva; transport networks; livelihoods and skilling; built-up; survey of india; land record; buildings and settlements; land parcels; gis mapping; villages; abadi; dronagiri,"Sonipat, Haryana",,,,,2025-07-29T01:42:15+0530,906671de-a917-415c-aa04-d55a1afa3f8c
Geospatial & Land,Boundaries & cadastre,Geospatial (DX GeoSpatial),"Svamitva Dataset of Varanasi, Uttar Pradesh",transportation and logistics; building; parcel; built; road; varanasi; build_up; SVAMITVA; functional areas (administrative boundaries); soi; geospatial; roads; Svamitva; agriculture; transport; built up; properties; transport networks; water; livelihoods and skilling; survey of india; settlement; Uttar Pradesh; buildings and settlements; Varanasi; land parcels; land parcel; Survey of India; waterbodies; dronagiri,"Varanasi, Uttar Pradesh, India",,,,,2025-07-29T01:41:53+0530,bf9ab194-a387-4c88-9d1f-affce4f7aca1
Geospatial & Land,Boundaries & cadastre,Geospatial (DX GeoSpatial),"Svamitva Dataset of Vizianagaram, Andhra Pradesh",spatial; gis; weather; livelihoods and financial inclusion; transportation and logistics; climate; rainfall; disaster management; geospatial; mandal; agriculture; apsdma; kharif; vizianagaram; transport networks; water; survey of india; buildings and settlements; land cover and land use; rabi; land parcels; gis mapping; dronagiri,"Vizianagaram, Andhra Pradesh, India",,,,,2025-07-29T01:42:22+0530,51e8c7e2-4147-4e3c-b880-40f12ef08f0e
Geospatial & Land,Boundaries & cadastre,Geospatial (DX GeoSpatial),"Svamitva Dataset of Washim, Maharashtra",buildings; transportation and logistics; built_up; laldora; parcels; built; road; SVAMITVA; land; functional areas (administrative boundaries); lal dora; soi; geospatial; roads; agriculture; built up; maharashtra; water; transport networks; built-up; survey of india; land record; buildings and settlements; land parcels; washim; waterbodies; livelihoods & skilling; dronagiri,"Washim, Maharashtra, India",,,,,2025-07-29T01:43:36+0530,9d5a4b33-7ecb-4d74-96bb-d01ca4a441ae
Geospatial & Land,Boundaries & cadastre,Geospatial (DX GeoSpatial),Village boundaries of India (Updated),survey of india; varanasi; zonning; boundary; village; transportation and logistics; functional areas (administrative boundaries); geospatial; india; village polygon; livelihoods and skilling; gis mapping; local governance; administrative; agriculture; dronagiri,India,,,,,2025-07-29T01:42:54+0530,5824e28b-3b80-465d-931e-d9ffdfe60228
Geospatial & Land,Boundaries & cadastre,Geospatial (DX GeoSpatial),"Village boundary of Washim, Maharashtra",geospatial; maharashtra; washim; settlement commission & director of land records maharashtra state; village boundary; functional areas; administrative boundaries; administrative; functional areas (administrative boundaries); agriculture; livelihoods & skilling; transportation and logistics; washim; maharashtra; dronagiri,"Washim, Maharashtra, India",,,,,2025-01-17T11:53:44+0530,ad5fd5b6-7c03-41c2-b2ee-309352113fa5
Geospatial & Land,Boundaries & cadastre,Telangana (TGDeX),Subdistrict Farm Boundaries and Agronomic Information in Telangana State,Farming; Crop Health; Irrigation,Telangana,ADeX,Agriculture & Farming,API,OPEN,2025-07-01T08:09:07+0530,ac7e7fc3-103d-4c10-8ecc-74430b8054ae
Geospatial & Land,Boundaries & cadastre,Telangana (TGDeX),Telangana Administrative Mandal Boundaries,Fiber optic network; Telecom; Infrastructure; GeoSpatial,Telangana,Dept. of ITE&C,Telecom,CSV,RESTRICTED,2025-10-28T05:44:34+0530,31e2cb88-8392-4146-a76a-76034a7c140f
Geospatial & Land,Boundaries & cadastre,Telangana (TGDeX),Telangana Mandal Administrative Boundaries,Fiber optic network; Telecom; Infrastructure; GeoSpatial,Telangana,Dept. of ITE&C,Telecom,CSV,RESTRICTED,2025-10-28T02:59:45+0530,b186b719-cea6-4bd2-aa38-881242ec0713
Geospatial & Land,Boundaries & cadastre,Telangana (TGDeX),Telangana Mandal Administrative Boundaries with Hierarchical Codes,Fiber optic network; Telecom; Infrastructure; GeoSpatial,Telangana,Dept. of ITE&C,Telecom,CSV,RESTRICTED,2025-10-28T05:45:05+0530,c793df26-9110-4bc2-9608-d1299211a436
Geospatial & Land,Land use & land cover,Geospatial (DX GeoSpatial),"Geothermal and Cryospheric Features (openstreet map), Uttarakhand",gis; geospatial; gis mapping; glacier; cryosphere; icehot spring; spring; openstreetmap; osm; land cover and land use,"Uttarakhand, India",,,,,2026-02-02T02:11:09+0530,f1ec07d4-fcb0-41a4-ac7a-524468056a5b
Geospatial & Land,Land use & land cover,Geospatial (DX GeoSpatial),"Geothermal and Cryospheric Features (openstreet map), Uttarakhand",gis; geospatial; gis mapping; glacier; cryosphere; icehot spring; spring; openstreetmap; osm; land cover and land use,"Uttarakhand, India",,,,,2026-02-02T02:35:28+0530,b988d90b-ad6e-4ae7-baa9-6d3169983212
Geospatial & Land,Land use & land cover,Geospatial (DX GeoSpatial),"Government Offices and Services in Pimpri Chinchwad, Maharashtra",government; public services; offices; government services; administration; geospatial; locations; public; civic services; digital services; land cover and land use; pimpri chinchwad,"Pimpri-Chinchwad, Maharashtra",,,,,2024-12-12T03:27:43+0530,b03f18e9-5d6a-41e9-936e-f9f8c1c8fcff
Geospatial & Land,Land use & land cover,Geospatial (DX GeoSpatial),Historic locations of India,geospatial; hydrography; natural waterbody; lake; river; pond; wetland; environment; conservation; ecology; buildings and settlements,India,,,,,2024-09-09T02:45:20+0530,7c879444-0d8a-402d-80ed-9026ac5e86cb
Geospatial & Land,Land use & land cover,Geospatial (DX GeoSpatial),"Hydrological Land Cover, Sirmaur, Himachal Pradesh",survey of india; natural waterbody; conservation; land cover and land use; lake; hydrography; water; geospatial; ecology; pond; river; wetland; environment,"Sirmaur, Himachal Pradesh",,,,OPEN,2025-07-23T10:31:12+0530,97fb62f1-2b40-43a9-a439-fca794695917
Geospatial & Land,Land use & land cover,Geospatial (DX GeoSpatial),"Hydrological Land Cover, Varanasi, Uttar Pradesh",survey of india; varanasi; hydrology; water; land cover; land cover and land use; water management; Survey of India; soi; geospatial; gis mapping; agriculture; sustainability; dronagiri,"Varanasi, Uttar Pradesh, India",,,,,2025-07-29T01:41:10+0530,c178c5e2-bad1-42c2-b992-24e28a3071fd
Geospatial & Land,Land use & land cover,Geospatial (DX GeoSpatial),"Land Cover (OSM 50K Features) of Sonipat, Haryana",urban planning; survey of india; natural resources; sonipat; spatial data; land cover; vegetation; land use; water bodies; sustainability; GIS; geospatial; forest; agriculture; environment; dronagiri,"Sonipat, Haryana, India",,,,,2025-07-29T01:40:03+0530,68cc5235-b07d-408e-bb24-a225e3c3a57a
Geospatial & Land,Land use & land cover,Geospatial (DX GeoSpatial),"Land Cover - Land Cover (OSM 50K Features) of Gurugram, Haryana",urban planning; survey of india; natural resources; spatial data; land cover; vegetation; land use; water bodies; ecological studies; resource management; biodiversity; geospatial; surveying; Gurugram; environment; dronagiri,"Gurugram, Haryana, India",,,,,2025-07-29T01:42:25+0530,ff07bfed-f08a-4b46-af05-88505ca6be76
Geospatial & Land,Land use & land cover,Geospatial (DX GeoSpatial),"Land Cover - Land Use Features (OSM 50K Features) of Gurugram, Haryana",urban planning; residential; survey of india; natural resources; environment; infrastructure; land cover; land use; commercial; OSM 50K; geospatial; zoning; surveying; Gurugram; agriculture; spatial data; dronagiri,"Gurugram, Haryana, India",,,,,2025-07-29T01:42:28+0530,e2e9c974-4252-4dd9-a7bc-e853915be6a5
Geospatial & Land,Land use & land cover,Geospatial (DX GeoSpatial),"Land Cover - Vegetation  (OSM 50K features) of Gurugram, Haryana.",survey of india; gis; haryana; tree types; grass; crop; land cover and land use; vegetation; gurugram; livelihoods and skilling; resource management; trees; plants; geospatial; gis mapping; agriculture; sustainability; dronagiri,"Gurugram, Haryana, India",,,,,2025-07-29T01:39:43+0530,8099ab3f-d241-48c4-826a-ca16636ca8ad
Geospatial & Land,Land use & land cover,Geospatial (DX GeoSpatial),"Land Cover and Land Use Features in Sonipat, Haryana",survey of india; gis; geology and soils; haryana; sonipat; land cover and land use; trees; land parcel; geospatial; gis mapping; agriculture; dronagiri,"Sonipat, Haryana, India",,,,,2025-07-29T01:42:38+0530,5b03ebef-0aaf-4ab1-863e-181132a44586
Geospatial & Land,Land use & land cover,Geospatial (DX GeoSpatial),"Land Cover Features, Sirmaur, Himachal Pradesh",survey of india; natural waterbody; conservation; land cover and land use; lake; hydrography; geospatial; ecology; pond; river; wetland; environment,"Sirmaur, Himachal Pradesh",,,,OPEN,2025-07-23T10:31:03+0530,76a1495a-c3da-4520-bdfe-d0583a403145
Geospatial & Land,Land use & land cover,Geospatial (DX GeoSpatial),"Land Cover Features, Varanasi, Uttar Pradesh",survey of india; varanasi; land cover and land use; land; livelihoods and skilling; transportation and logistics; biodiversity; ecosystem; Survey of India; soi; geospatial; gis mapping; agriculture; sustainability; dronagiri,"Varanasi, Uttar Pradesh, India",,,,,2025-07-29T01:41:26+0530,fd519fbb-c68a-4201-9d28-d013dfb51d7f
Geospatial & Land,Land use & land cover,Geospatial (DX GeoSpatial),"Land Cover Vegetation (OSM 50K Features) of Sonipat, Haryana",survey of india; gis; haryana; tree types; grass; crop; sonipat; land cover and land use; vegetation; livelihoods and skilling; resource management; trees; plants; geospatial; gis mapping; agriculture; sustainability; dronagiri,"Sonipat, Haryana, India",,,,,2025-07-29T01:40:34+0530,833f8725-530d-4f5b-b2d8-8114ee01e91c
Geospatial & Land,Land use & land cover,Geospatial (DX GeoSpatial),"Land Use and Allied Agricultural Activities, Vizianagaram, Andhra Pradesh",geospatial; dronagiri; vizianagaram; andhra Pradesh; crop; land use; land cover; crop area; crop yield; agriculture; livelihoods & skilling; environment; land cover and land use; land parcels; constituency_wise; maldal; crops; mandalwise; mandal wise; geographical area; forest area; barrren and unclutivable land; land put to non agri uses; other fallow lands; current fallow lands; net area sown; agriculture; livelihoods & skilling,"Vizianagaram, Andhra Pradesh",,,,,2025-09-17T11:59:04+0530,8e0315a1-be86-4186-aa24-edb9b732aeef
Geospatial & Land,Land use & land cover,Geospatial (DX GeoSpatial),"Land use and land cover features (25K), Sonipat, Haryana",buildings; transportation and logistics; religious buildings; residential buildings; Land parcel; Land Cover and Land Use; haryana; sonipat; vegetation; Environment; soi; geospatial; agriculture; Agriculture; land_cover; surveyofindia; survey of india; buildings and settlement; Land cover; livelihoods & skilling; dronagiri,"Sonipat, Haryana",,,,,2025-07-29T01:38:41+0530,afb9520c-5551-40bc-8c2d-7cdb51e42c8f
Geospatial & Land,Land use & land cover,Geospatial (DX GeoSpatial),"Land use and land cover features (OSM 50K), Vizianagaram, Andhra Pradesh",Vizianagaram; transportation and logistics; religious buildings; Elevation; vegetation; Environment; land_use; soi; geospatial; agriculture; Land Parcels; land use and land cover; land_cover; surveyofindia; survey of india; andhra pradesh; Livelihoods & Skilling; building and settlements; livelihoods & skilling; mountain; dronagiri,"Vizianagaram, Andhra Pradesh",,,,,2025-07-29T01:41:30+0530,e846ee57-251c-4675-be01-b6b865fc6df2
Geospatial & Land,Land use & land cover,Geospatial (DX GeoSpatial),"Land Use and Land Cover Map, India",agriculture; livelihoods & skilling; transportation and logistics; land use; nrsc; land; land cover; raster_tiles; national remote sensing center; lulc; india; stac,India,,,,,2025-12-12T01:52:58+0530,e9bf2e92-7326-487d-a52b-ea91a657fae4
Geospatial & Land,Land use & land cover,Geospatial (DX GeoSpatial),"Land Use Features (OSM 50K Features) of Sonipat, Haryana",urban planning; survey of india; commercial areas; natural resources; infrastructure; spatial data; land cover; development; land use; Sonipat; sustainability; GIS; geospatial; forest; agriculture; environment; dronagiri,"Sonipat, Haryana, India",,,,,2025-07-29T01:43:23+0530,86251203-9a51-4ba8-87c6-e29a9caf2e86
Geospatial & Land,Land use & land cover,Geospatial (DX GeoSpatial),"Land Use Features, Sirmaur, Himachal Pradesh",survey of india; natural waterbody; conservation; buildings and settlements; land cover and land use; lake; hydrography; geospatial; ecology; pond; river; wetland; environment,"Sirmaur, Himachal Pradesh",,,,OPEN,2025-07-23T10:31:00+0530,08406f88-305d-43dc-bfa7-86bd43690953
Geospatial & Land,Land use & land cover,Geospatial (DX GeoSpatial),"Land Use Features, Varanasi, Uttar Pradesh",survey of india; varanasi; buildings and settlements; land cover and land use; land; livelihoods and skilling; physical infrastructure; transportation and logistics; biodiversity; ecosystem; soi; geospatial; gis mapping; Resource management; agriculture; sustainability; dronagiri,"Varanasi, Uttar Pradesh, India",,,,,2025-07-29T01:38:44+0530,0dd5d1d1-0cfe-4ac4-a4cf-13a3afd88cb1
Geospatial & Land,Land use & land cover,Geospatial (DX GeoSpatial),"Land Use Land Cover from AMRUT Scheme, Dehradun, Uttarakhand",land use; land cover; AMRUT; urban planning; geospatial; Dehradun; Uttarakhand; vegetation; built-up areas; agricultural land; water bodies; urban sprawl; environmental monitoring; land parcels; forest cover; zoning; sustainability; geographical names; physical infrastructure,"Dehradun, Uttarakhand, India",,,,,2025-02-03T12:11:54+0530,19783e48-dfb7-11ef-83fb-bf03b4cd61ad
Geospatial & Land,Land use & land cover,Geospatial (DX GeoSpatial),"Landslide Damage Assessment, Wayanad, Kerala",geospatial; damage; risk; flood; disaster; conservation; ecology; landslide; water; transport networks; buildings and settlements; environment; physical infrastructure,"Wayanad, Kerala, India",,,,,2024-09-11T11:58:20+0530,65b2c71f-fb71-4326-8b74-aa0ae0f88e11
Geospatial & Land,Land use & land cover,Geospatial (DX GeoSpatial),"Large Scale Mapping (Urban) - Land Use and Land Cover Data, Gurugram, Haryana",survey of india; spatial; gis; parcel; land cover and land use; land cover; land; land use; LULC; livelihoods and skilling; gurugram; trees; soi; geospatial; gis mapping; agriculture; dronagiri,"Gurugram, Haryana, India",,,,,2025-07-29T01:42:05+0530,eb2b7270-ae8a-4cff-9290-e21b895f0aec
Geospatial & Land,Land use & land cover,Geospatial (DX GeoSpatial),"Line features at 50K scale, Varanasi, Uttar Pradesh",accessibility; transportation and logistics; geographical names (toponymy); urban planning; geology and soils; varanasi; physical infrastructure; geospatial; roads; agriculture; waterways; transport networks; livelihoods and skilling; water; survey of india; transportation infrastructure; buildings and settlements; land cover and land use; railways; dronagiri,"Varanasi, Uttar Pradesh, India",,,,,2025-07-29T01:42:09+0530,f273ac77-1deb-4d5b-93e6-d7ae6a116a82
Geospatial & Land,Land use & land cover,Geospatial (DX GeoSpatial),"Normalized Difference Vegetation Index for Maharashtra, India",india; agriculture; livelihoods & skilling; Maharashtra; NDVI; lulc; normalized difference vegetation index; ndvi; land cover; land; land cover and land use; satellite image; stac,"Maharashtra, India",,,,,2025-09-01T02:30:45+0530,34933b2f-d1a3-42b6-949c-a9736c828f36
Geospatial & Land,Land use & land cover,Geospatial (DX GeoSpatial),"Northern Settlements, Varanasi, Uttar Pradesh",dronagiri; varanasi; settlements; north extent; northern settlements; land cover and land use; buildings and settlements; livelihoods and skilling; geospatial; agriculture; geographic information; pmgs,"Varanasi, Uttar Pradesh, India",,,,,2024-11-12T01:29:45+0530,57e38911-5820-4831-abfb-a3b0c65f3f56
Geospatial & Land,Land use & land cover,Geospatial (DX GeoSpatial),Operation Dronagiri,Land Cover and Land Use; dronagiri,India,,,,,2025-10-17T09:30:42+0530,455c8b37-92f8-4140-869d-bb54fe28f9a1
Geospatial & Land,Land use & land cover,Geospatial (DX GeoSpatial),"Point features at 50K scale, Varanasi, Uttar Pradesh",hospital; dispensary; chatri; transportation and logistics; Geographical Names (Toponymy); church; service; varanasi; physical infrastructure; idagh; geospatial; mosque; agriculture; wells; post office; transport networks; water; livelihoods and skilling; vetinary hospital; survey of india; major towns; buildings and settlements; places of worship; village; monuments; police stations; hut; railway; dronagiri,"Varanasi, Uttar Pradesh, India",,,,,2025-07-29T01:43:43+0530,f76808ff-532d-4c8b-bfe6-c89f30c4e8fb
Geospatial & Land,Land use & land cover,Geospatial (DX GeoSpatial),"Point Features, Sonipat, Haryana",geospatial; physical infrastructure; buildings and settlements; sonipat; schools; iti; point; industries; railways; training institutes; service; livelihoods and skilling; dronagiri,"Sonipat, Haryana, India",,,,,2024-12-02T05:31:53+0530,65af360b-754b-4111-bbb8-e6094f7c7b70
Geospatial & Land,Land use & land cover,Geospatial (DX GeoSpatial),"Polygon Features, Gurugram, Haryana",dronagiri; geospatial; land use; land cover; water bodies; water; lulc; land cover and land use; land; ponds; lakes; agriculture; forests; haryana; polygon; urban planning; Gurugram; sustainability; agriculture; natural resources,"Gurugram, Haryana, India",,,,,2024-12-05T10:31:50+0530,6dd886ef-f21d-4d92-a015-bbc54ab93379
Geospatial & Land,Land use & land cover,Geospatial (DX GeoSpatial),"Polygon Features, Sonipat, Haryana",dronagiri; geospatial; land use; land cover; water bodies; water; lulc; land cover and land use; land; ponds; lakes; agriculture; forests; haryana; polygon; urban planning; sonipat; sustainability; agriculture; natural resources,"Sonipat, Haryana, India",,,,,2024-12-03T09:46:07+0530,aef75d56-3ca6-4aa4-9e59-5bcf794c8ed8
Geospatial & Land,Land use & land cover,Geospatial (DX GeoSpatial),"Public Amenities(OSM 50K Features) in Gurugram, Haryana",urban planning; survey of india; gis; haryana; infrastructure development; land cover and land use; buildings and settlements; gurugram; livelihoods and skilling; physical infrastructure; resource management; geospatial; gis mapping; agriculture; sustainability; dronagiri,"Gurugram, Haryana, India",,,,,2025-07-29T01:39:23+0530,90d47329-f425-4e8e-8c9a-ffcd3fc0255a
Geospatial & Land,Land use & land cover,Geospatial (DX GeoSpatial),"Residential Buildings (50K OSM Features) of Gurugram, Haryana",residential; urban planning; gis; haryana; survey of india; infrastructure; dwelling units; gurugram; land use; permanent structures; geospatial; housing; temporary housing; dronagiri,"Gurugram, Haryana, India",,,,,2025-07-29T01:38:54+0530,a2d7cb08-8229-4bc1-a689-66a8d9c40b0c
Geospatial & Land,Land use & land cover,Geospatial (DX GeoSpatial),"Town Plan Map of Ahmedabad, Gujarat",geospatial; ahmedabad; Gujarat; Notice data; Project_data; Buildings and Settlements; Ahmedabad; Transportation and Logistics; gujarat; townplanning; Town_Planning; bromap; Bro_map; livelihoods & skilling; transportation and logistics,"Ahmedabad, Gujarat",,,,,2025-06-24T04:05:27+0530,2d844c27-47ad-4076-810e-b194fbd9cf48
Geospatial & Land,Land use & land cover,Telangana (TGDeX),Telangana Gram Panchayat Land Cover Spatial Dataset,Fiber optic network; Telecom; Infrastructure; GeoSpatial,Telangana,Dept. of ITE&C,Telecom,CSV,RESTRICTED,2025-10-28T06:38:08+0530,78bd1cf1-5043-4c11-81c1-514a230af1d9
Geospatial & Land,Land use & land cover,Telangana (TGDeX),Telangana Land Cover Spatial Dataset,Fiber optic network; Telecom; Infrastructure; GeoSpatial,Telangana,Dept. of ITE&C,Telecom,CSV,RESTRICTED,2025-10-28T06:38:39+0530,e53cd77b-876c-4a89-9e15-114acd608f35
Geospatial & Land,Land use & land cover,Telangana (TGDeX),Telangana Land Use Land Cover Annual Rasters,Geospatial; Land Use; Urban,Telangana,ADeX,Agriculture & Farming,API,OPEN,2025-07-01T08:08:30+0530,eb05efaa-1098-47d2-90de-6664970571ce
Geospatial & Land,Other spatial layers,Geospatial (DX GeoSpatial),"Boundary Limits (OSM 50K Features) in Sonipat, Haryana",survey of india; spatial; haryana; fences; property delineation; sonipat; security; walls; boundary limits; soi; dronagiri,"Sonipat, Haryana, India",,,,,2025-07-29T01:43:26+0530,67c42828-0947-11f0-af97-ebf75a7ebc1b
Geospatial & Land,Other spatial layers,Geospatial (DX GeoSpatial),"Geological Data for a Part of Sonipat District, Haryana.",agriculture; livelihoods and skilling; transportation and logistics; geospatial; gis mapping; geology and soils; lithology; rock; conservation; stratigraphy; dronagiri; sonipat,"Sonipat, Haryana, India",,,,,2024-12-04T03:52:21+0530,897fb552-f41d-47b3-b06a-38dccd97e9d2
Geospatial & Land,Other spatial layers,Geospatial (DX GeoSpatial),IIT-T Test Resource Group,geo spatial,India,,,,,2025-02-19T05:04:54+0530,9bcf1b8a-22e6-4dcf-87f1-bf6b1d6ba71f
Geospatial & Land,Other spatial layers,Geospatial (DX GeoSpatial),"Large Scale Mapping (Urban) - Utilities, Gurugram, Haryana",power; spatial; gis; survey of india; utility; electricity; gurugram; substation; physical infrastructure; livelihoods and skilling; electric; pole; soi; geospatial; gis mapping; dronagiri,"Gurugram, Haryana, India",,,,,2025-07-29T01:43:33+0530,d6ff47e7-a737-4473-8c6c-9a06dd4f055a
Geospatial & Land,Other spatial layers,Geospatial (DX GeoSpatial),"Large Scale Mapping (Urban) - Water Sources, Gurugram, Haryana",survey of india; spatial; gis; well; waterbody; tank; gurugram; livelihoods and skilling; physical infrastructure; water; geospatial; gis mapping; watertank; soi; tubewell; dronagiri,"Gurugram, Haryana, India",,,,,2025-07-29T01:42:12+0530,29f69dcc-b701-4486-8ce1-c9d90ff8df74
Geospatial & Land,Other spatial layers,Maharashtra (MahaAgX),Development of spatial strategic plan for the Natuwadi project,irrigation; agriculture; optimization; linearprogramming; water; crop; command,Maharashtra,Dr. Balasaheb Sawant Konkan Krishi Vidyapeeth Dapoli,Agriculture,pdf,RESTRICTED,2026-06-02T12:24:46+0530,9c2b0e53-a141-4f9e-922e-bc89250eb5ef
Geospatial & Land,Other spatial layers,Telangana (TGDeX),Application Flow Translation Language Mapping,Fiber optic network; Telecom; Infrastructure; GeoSpatial,Telangana,Dept. of ITE&C,Telecom,CSV,RESTRICTED,2025-10-28T02:32:42+0530,4d019251-2832-4f34-936a-d97e9280e2e6
Geospatial & Land,Other spatial layers,Telangana (TGDeX),Attribute Mapping Definitions for Staging Schema,Fiber optic network; Telecom; Infrastructure; GeoSpatial,Telangana,Dept. of ITE&C,Telecom,CSV,RESTRICTED,2025-10-28T06:28:47+0530,c314e3f5-3fb0-4e53-a796-876004cfc9fd
Geospatial & Land,Other spatial layers,Telangana (TGDeX),Coordinate Operation Parameter Usage Mapping,Fiber optic network; Telecom; Infrastructure; GeoSpatial,Telangana,Dept. of ITE&C,Telecom,CSV,RESTRICTED,2025-10-28T06:10:34+0530,7ba6bba3-2959-41a8-92ed-f79986f95d00
Geospatial & Land,Other spatial layers,Telangana (TGDeX),Dataset to Job Mapping Table,Fiber optic network; Telecom; Infrastructure; GeoSpatial,Telangana,Dept. of ITE&C,Telecom,CSV,RESTRICTED,2025-10-28T03:42:24+0530,4cd40d31-0fa0-4342-8aa6-a4db3eb5bd5c
Geospatial & Land,Other spatial layers,Telangana (TGDeX),Existing Godown Infrastructure in Pre-Formation Telangana,Logistics; Warehousing; Storage Infrastructure; Inventory Management; Cold Storage,Telangana,Dept. of Agriculture & Co-operation,Agriculture & Farming,CSV,OPEN,2025-06-22T09:25:48+0530,7312e4fb-e0d3-4374-8581-598e1cc27074
Geospatial & Land,Other spatial layers,Telangana (TGDeX),Geopolitical Boundary Attribute Mapping,Fiber optic network; Telecom; Infrastructure; GeoSpatial,Telangana,Dept. of ITE&C,Telecom,CSV,RESTRICTED,2025-10-28T05:24:18+0530,d62ee42d-459b-4e76-b81c-a1ab6466db25
Geospatial & Land,Other spatial layers,Telangana (TGDeX),Geospatial Coordinate Axis Definitions,Fiber optic network; Telecom; Infrastructure; GeoSpatial,Telangana,Dept. of ITE&C,Telecom,CSV,RESTRICTED,2025-10-28T06:08:30+0530,85d75f15-6dbe-4ad8-b953-5e9cd0f9e6ec
Geospatial & Land,Other spatial layers,Telangana (TGDeX),Geospatial Validation Error Records,Fiber optic network; Telecom; Infrastructure; GeoSpatial,Telangana,Dept. of ITE&C,Telecom,CSV,RESTRICTED,2025-10-28T06:30:21+0530,c307a54e-0bc5-473f-a170-9487dc64e8f5
Geospatial & Land,Other spatial layers,Telangana (TGDeX),GIS to AutoCAD Layer Mapping Records,Fiber optic network; Telecom; Infrastructure; GeoSpatial,Telangana,Dept. of ITE&C,Telecom,CSV,RESTRICTED,2025-10-28T04:08:23+0530,ea2282e2-7738-4a49-8064-f62968b06db2
Geospatial & Land,Other spatial layers,Telangana (TGDeX),Number of Illiterates in Mahabubnagar Urban Areas by Ward and Gender,Education; Illiteracy; Urban; Ward-Level; Census Data,Mahabubnagar District,Dept. of School Education (SE Wing),Education,CSV,OPEN,2025-06-22T10:09:25+0530,bed4bd26-49ce-472d-b3de-c15ec419b7fe
Geospatial & Land,Other spatial layers,Telangana (TGDeX),Optical Line Terminal Infrastructure Inventory,Fiber optic network; Telecom; Infrastructure; GeoSpatial,Telangana,Dept. of ITE&C,Telecom,CSV,RESTRICTED,2025-10-28T05:56:32+0530,4501ee9a-650f-4de8-b5b6-3de1987391c4
Geospatial & Land,Other spatial layers,Telangana (TGDeX),Spatial Coordinate System Definitions,Fiber optic network; Telecom; Infrastructure; GeoSpatial,Telangana,Dept. of ITE&C,Telecom,CSV,RESTRICTED,2025-10-28T06:12:08+0530,ced49a87-719d-40b2-b253-2604e4e72c95
Geospatial & Land,Other spatial layers,Telangana (TGDeX),Spatial Datum Definitions and Transformation Parameters,Fiber optic network; Telecom; Infrastructure; GeoSpatial,Telangana,Dept. of ITE&C,Telecom,CSV,RESTRICTED,2025-10-28T07:11:27+0530,e16f56b4-6bee-47e5-b40f-e90018af3c04
Geospatial & Land,Other spatial layers,Telangana (TGDeX),Spatial Datum Reference Catalog,Fiber optic network; Telecom; Infrastructure; GeoSpatial,Telangana,Dept. of ITE&C,Telecom,CSV,RESTRICTED,2025-10-28T06:13:11+0530,0880e3be-8064-441c-9dcd-098f296d00b2
Geospatial & Land,Other spatial layers,Telangana (TGDeX),Spatial Reference System Definitions,Fiber optic network; Telecom; Infrastructure; GeoSpatial,Telangana,Dept. of ITE&C,Telecom,CSV,RESTRICTED,2025-10-28T06:03:17+0530,10ad527e-6045-4c4e-9ad4-7e7f455cdf7f
Geospatial & Land,Other spatial layers,Telangana (TGDeX),Staged Water Point Spatial Records,Fiber optic network; Telecom; Infrastructure; GeoSpatial,Telangana,Dept. of ITE&C,Telecom,CSV,RESTRICTED,2025-10-28T06:53:13+0530,4f7f1353-04ab-4383-8440-7aaf504da8c6
Geospatial & Land,Other spatial layers,Telangana (TGDeX),Telangana Cellular Tower Infrastructure Geospatial Data,Fiber optic network; Telecom; Infrastructure; GeoSpatial,Telangana,Dept. of ITE&C,Telecom,CSV,RESTRICTED,2025-10-28T07:00:31+0530,f4438713-4f28-49c7-af5f-18f5804a16e6
Geospatial & Land,Other spatial layers,Telangana (TGDeX),Telangana District Postal Office Counts,Infrastructure; Postal Services; Office Counts; Connectivity; Public Services,Telangana,Dept. of Planning,Public Enterprises,CSV,OPEN,2025-06-22T09:39:17+0530,1dda063a-73fb-4984-b789-3e2899983a87
Geospatial & Land,Other spatial layers,Telangana (TGDeX),Telangana Monthly Normalized Difference Water Index Rasters,Geospatial; Water; NDWI,Telangana,ADeX,Agriculture & Farming,API,OPEN,2025-07-01T08:08:56+0530,687cacc4-1365-4c94-9f65-b6a5777915b2
Geospatial & Land,Other spatial layers,Telangana (TGDeX),Telangana Water Route Spatial Layer,Fiber optic network; Telecom; Infrastructure; GeoSpatial,Telangana,Dept. of ITE&C,Telecom,CSV,RESTRICTED,2025-10-28T06:54:16+0530,3e8b57f7-bbd3-4700-a2a0-cd21489edb67
Geospatial & Land,Other spatial layers,Telangana (TGDeX),TFiber Building Attributes and Geospatial Data,Fiber optic network; Telecom; Infrastructure; GeoSpatial,Telangana,Dept. of ITE&C,Telecommunications & Networking,csv,RESTRICTED,2025-06-22T10:50:55+0530,f55aaeec-ffbf-4994-8479-c9c8c0cb44d1
Geospatial & Land,Other spatial layers,Telangana (TGDeX),Water Infrastructure Route Staging,Fiber optic network; Telecom; Infrastructure; GeoSpatial,Telangana,Dept. of ITE&C,Telecom,CSV,RESTRICTED,2025-10-28T06:54:47+0530,3d0ac9d8-e42e-47a9-b7af-443ff73a4cfc
Geospatial & Land,Other spatial layers,Telangana (TGDeX),Water Point Infrastructure Geospatial Staging,Fiber optic network; Telecom; Infrastructure; GeoSpatial,Telangana,Dept. of ITE&C,Telecom,CSV,RESTRICTED,2025-10-28T06:53:44+0530,9bdf256f-3c51-475a-8042-503a7f0bd25e
Geospatial & Land,Other spatial layers,Urban (IUDX COS),Geographic Information System (GIS) Data from Agra City,water; road; pipeline; reservoir; tank; gis; layers; geo; ersi; arcgis; boundary; zone; zones; worship; places; tranport; service,"Agra, Uttar Pradesh",,,,,2023-02-24T12:59:35+0530,201310bc-5ca1-4bc8-b86d-8cd71e237d6b
Geospatial & Land,Other spatial layers,Urban (IUDX COS),Geographic Information System (GIS) Data from Bhubaneswar City,water; road; pipeline; reservoir; tank; gis; layers; geo; ersi; arcgis; boundary; zone; zones; worship; places; tranport; service,"Bhubaneswar, Odisha",,,,,2023-02-24T01:18:31+0530,b2cf36ca-bc53-4ae4-8473-384a9a379fa5
Geospatial & Land,Other spatial layers,Urban (IUDX COS),Geographic Information System (GIS) Data from Vadodara City,water; road; pipeline; reservoir; tank; gis; layers; geo; ersi; arcgis; boundary; zone; zones; worship; places; tranport; service,"Vadodara, Gujarat",,,,,2023-02-17T02:40:12+0530,e5431869-382c-456b-a2af-3af904d6ce06
Geospatial & Land,Other spatial layers,Urban (IUDX COS),Geographic Information System (GIS) Data from Varanasi City,water; road; pipeline; reservoir; tank; gis; layers; geo; ersi; arcgis; boundary; zone; zones; worship; places; tranport; service,"Varanasi, Uttar Pradesh",,,,,2023-03-09T10:12:02+0530,ef40a5c3-8838-4c4a-b0cb-43abe996e472
Geospatial & Land,Other spatial layers,Urban (IUDX COS),GIS data from Aurangabad City,water; road; pipeline; reservoir; tank; gis; layers; geo; arcgis; boundary; zone; zones; worship; places; transport; parking; stations; service,"Aurangabad, Maharashtra",,,,SECURE,2024-04-03T09:57:35+0530,bac90a3a-44af-4a77-b599-6ad83fcd0599
Geospatial & Land,Other spatial layers,Urban (IUDX COS),GIS data from Bilaspur City,water; road; pipeline; reservoir; tank; gis; layers; geo; arcgis; boundary; zone; zones; worship; places; transport; parking; stations; service,"Bilaspur, Chhattisgarh",,,,SECURE,2024-03-26T09:11:02+0530,b5199ef5-e1d6-4516-a615-b966abc78cd4
Geospatial & Land,Other spatial layers,Urban (IUDX COS),GIS data from Davanagere City,water; road; pipeline; reservoir; tank; gis; layers; geo; arcgis; boundary; zone; zones; worship; places; transport; parking; stations; service,"Davanagere, Karnataka",,,,SECURE,2024-04-10T04:49:43+0530,522fb6f2-2894-446e-942b-3d26a0dc426b
Geospatial & Land,Other spatial layers,Urban (IUDX COS),GIS data from Dehradun City,water; road; pipeline; reservoir; tank; gis; layers; geo; arcgis; boundary; zone; zones; worship; places; tranport; parking; stations; service,"Dehradun, Uttarakhand",,,,,2024-02-21T02:21:27+0530,c62b13b7-a37a-4963-837a-d0e942f1f1c4
Geospatial & Land,Other spatial layers,Urban (IUDX COS),GIS data from Gandhinagar City,water; road; pipeline; reservoir; tank; gis; layers; geo; ersi; arcgis; boundary; zone; zones; worship; places; tranport; service,"Gandhinagar, Gujarat",,,,,2023-02-14T09:44:01+0530,0d0c8456-6287-419d-bf0d-441d98c90833
Geospatial & Land,Other spatial layers,Urban (IUDX COS),GIS data from Indore City,water; road; pipeline; reservoir; tank; gis; layers; geo; arcgis; boundary; zone; zones; worship; places; transport; parking; stations; service,"Indore, Madhya Pradesh",,,,SECURE,2024-02-23T12:51:23+0530,4a143130-5888-42ce-a23b-633d110734bc
Geospatial & Land,Other spatial layers,Urban (IUDX COS),GIS data from Kannaur City,water; road; pipeline; reservoir; tank; gis; layers; geo; boundary; zone; zones; worship; places; tranport; service,"Kannur, Kerala",,,,,2023-02-16T03:14:34+0530,fb17811c-2610-405c-817b-0dafc543a8b8
Geospatial & Land,Other spatial layers,Urban (IUDX COS),GIS data from Kanpur City,water; road; pipeline; reservoir; tank; gis; layers; geo; arcgis; boundary; zone; zones; worship; places; tranport; parking; stations; service,"Kanpur, Uttar Pradesh",,,,,2023-05-15T10:15:08+0530,37c0e7b2-ba73-41ec-bc3b-b19f3c66412d
Geospatial & Land,Other spatial layers,Urban (IUDX COS),GIS data from Lucknow City,water; road; pipeline; reservoir; tank; gis; layers; geo; arcgis; boundary; zone; zones; worship; places; tranport; parking; stations; service,"Lucknow, Uttar Pradesh",,,,SECURE,2024-02-21T12:23:22+0530,0582d3dc-bfee-44dd-80a1-d9e749ddf3a0
Geospatial & Land,Other spatial layers,Urban (IUDX COS),GIS data from Rajkot City,water; road; pipeline; reservoir; tank; gis; layers; geo; esri; arcgis; boundary; zone; zones; worship; places; transport; service,"Rajkot, Gujarat",,,,,2023-02-14T01:35:55+0530,b8e7499f-7ac7-4faf-a5f0-105a6f6b0e10
Geospatial & Land,Other spatial layers,Urban (IUDX COS),GIS data from Sagar City,water; road; banks; pipeline; reservoir; atm; agriculture; gis; fuel station; hospital; layers; fire station; public toilets; geo; arcgis; boundary; zone; zones; worship; places; transport; parking; stations; bridges,"Sagar, Madhya Pradesh",,,,OPEN,2024-07-22T05:21:28+0530,0cc28f79-2b62-47eb-9b37-c56f9e000117
Geospatial & Land,Points of interest,Geospatial (DX GeoSpatial),"Places of Interest (openstreetmap) in Chennai, Tamil Nadu",gis; geospatial; gis mapping; poi; points of interest; places of interest; osm; openstreetmap; landmarks; geographical names (toponymy),"Chennai, Tamil Nadu, India",,,,,2026-02-02T02:27:07+0530,5f945272-9376-48f9-941a-4b796208a884
Geospatial & Land,Points of interest,Geospatial (DX GeoSpatial),"Places of Interest (openstreetmap) in Raipur, Chhattisgarh",gis; geospatial; gis mapping; poi; points of interest; places of interest; osm; openstreetmap; landmarks; geographical names (toponymy); buildings and settlements,"Raipur, Chhattisgarh, India",,,,,2026-02-02T02:27:11+0530,2dbedb2f-12e3-4915-9200-90d3314a9668
Geospatial & Land,Points of interest,Geospatial (DX GeoSpatial),Places of Interest in Ahmedabad City,physical infrastructure; geospatial; geographic information; locations; point of interest; places; smart toilet; smart toilet locations; e-toilets; public toilet; sbn toilet; sbn; sanitation,"Ahmedabad, Gujarat",,,,,2024-07-15T06:02:19+0530,599baa0b-d9cc-4d07-ad70-44e3f874cab5
Geospatial & Land,Points of interest,Geospatial (DX GeoSpatial),Places of Interest in Chandigarh City,physical infrastructure; geospatial; geographic information; parking; docking; leave; station; stop; places; parking lot; paid parking; vehicle; car; bike; scooter; two wheeler; four wheeler; vehicle wheeler,Chandigarh,,,,,2024-07-15T06:02:10+0530,82a51f7b-6fc2-4b1b-b630-eb8f742e0ad2
Geospatial & Land,Points of interest,Geospatial (DX GeoSpatial),Places of Interest in Kohima City,physical infrastructure; geospatial; geographic information; locations; point of interest; places; hospital; healthcare; poi,"Kohima, Nagaland",,,,,2024-07-15T06:02:23+0530,3ec20c12-67d0-41d1-8581-3c47f63b3018
Geospatial & Land,Points of interest,Geospatial (DX GeoSpatial),Places of Interest in Pimpri Chinchwad City,physical infrastructure; geospatial; geographic information; locations; point of interest; places; variable message; display; public display; caution; information; digital; message board; vmsb; wifi; hotspot; kiosk; poi,"Pimpri-Chinchwad, Maharashtra",,,,,2024-07-15T06:02:14+0530,5a77ba37-8b0d-41d0-9304-d371f360e0ae
Geospatial & Land,Points of interest,Geospatial (DX GeoSpatial),"Places of Interest, Bangalore City, Karnataka",geospatial; india; bangalore; road; tourism; transport; transport infrastructure; karnataka; open street maps; osm; Transportation and Logistics; livelihoods & skilling; geographical names; parks; theme park; monuments; memorial sites; viewpoints; picnic sites; forts; Land Parcels; Buildings and Settlements; livelihoods & skilling; transportation and logistics,"Bangalore City, Karnataka",,,,,2025-09-09T11:53:10+0530,06258803-a44c-4a45-a911-f80777c19b20
Geospatial & Land,Points of interest,Geospatial (DX GeoSpatial),"Places of interest, Vizianagaram, Andhra Pradesh",geospatial; dronagiri; places of interest; vizianagaram; andhra pradesh; banking infrastructure; bank atm; atm location; physical infrastructure; addresses; buildings and settlements; atm; automated teller machines; financial services; atm network; atm infrastructure; livelihoods & skilling; transportation and logistics,"Vizianagaram, Andhra Pradesh",,,,,2025-07-08T10:27:43+0530,b33b82c7-9ef9-4496-8b33-05a6b5ba1b7b
Geospatial & Land,Points of interest,Geospatial (DX GeoSpatial),"Points of interest (OSM), Varanasi, Uttar Pradesh",gis; geospatial; gis mapping; poi; points of interest; places of interest; osm; openstreetmap; landmarks; amenity; shop; tourism; historic; geographical names (toponymy),"Varanasi, Uttar Pradesh, India",,,,,2025-06-30T04:13:00+0530,dd896be0-4082-4e5c-8b26-a61095c052aa
Geospatial & Land,Points of interest,Geospatial (DX GeoSpatial),"Points of Interest, Gurugram, Haryana",livelihoods and skilling; geospatial; physical infrastructure; school; bank; post; post office; atm; facility; service; amenity; dronagiri; gurugram,"Gurugram, Haryana, India",,,,,2024-11-12T12:15:01+0530,107fc533-cd61-4c63-9fc6-2c12e7df45d9
Geospatial & Land,Points of interest,Geospatial (DX GeoSpatial),"Points of Interest, Kamrup Metropolitan District, Assam",livelihoods and skilling; geospatial; physical infrastructure; school; bank; post; post office; atm; facility; service; amenity; dronagiri; kamrup,"Kamrup, Assam, India",,,,,2024-11-12T12:15:04+0530,5c1b83c7-a202-487a-8a77-454f3d39fb8d
Geospatial & Land,Points of interest,Geospatial (DX GeoSpatial),"Points of Interest, Sonipat, Haryana",livelihoods and skilling; geospatial; physical infrastructure; school; bank; post; post office; atm; ecology; conservation; dronagiri; sonipat,"Sonipat, Haryana, India",,,,,2024-11-12T12:15:08+0530,1ff19b67-7d1c-4f4f-8ba9-3b7164f61b37
Geospatial & Land,Points of interest,Geospatial (DX GeoSpatial),"Points of Interest, Varanasi, Uttar Pradesh",livelihoods and skilling; geospatial; physical infrastructure; school; bank; post; post office; atm; facility; service; amenity; dronagiri; varanasi,"Varanasi, Uttar Pradesh, India",,,,,2024-11-12T12:15:12+0530,4c618c90-0fbd-4490-9cc0-86689808236e
Geospatial & Land,Points of interest,Geospatial (DX GeoSpatial),"Points of Interest, Vizianagaram, Andhra Pradesh.",livelihoods and skilling; geospatial; physical infrastructure; school; bank; post; post office; atm; facility; service; amenity; dronagiri; vizianagaram,"Vizianagaram, Andhra Pradesh, India",,,,,2024-11-12T12:15:15+0530,36777597-a019-4bbf-99ba-89a0367f3442
Geospatial & Land,Points of interest,Geospatial (DX GeoSpatial),"Points of Interest, Washim, Maharashtra",livelihoods and skilling; geospatial; physical infrastructure; school; bank; post; post office; atm; facility; service; amenity; dronagiri; washim,"Washim, Maharashtra, India",,,,,2024-11-12T12:15:19+0530,66c5a9d0-b165-476a-9568-2aa7baa1dad7
Geospatial & Land,Points of interest,Geospatial (DX GeoSpatial),Points of Interests in India,geographical names (toponymy); geographic information; miscellaneous; survey of india; toponymy; geographical names; sites; geospatial; zoo; wildlife sanctuary; poi,India,,,,,2025-09-16T03:50:34+0530,f3199937-865a-4a6c-858a-17ae14db5681
Geospatial & Land,Points of interest,Urban (IUDX COS),Places of Interest in Chandigarh City,camera; cctv; location; surveillance; junction; locations; point of interest; places; traffic management; transit management; itms; rlvd; anpr; red light; red light violation; number plate; number plate recognition; recognition; violation; violation detection; parking; docking; leave; station; stop; places; parking lot; paid parking,chandigarh,,,,,2023-02-14T09:31:40+0530,f662c815-eb79-4156-b31a-7c73d52e6295
Geospatial & Land,Points of interest,Urban (IUDX COS),Point of Interest in Namchi City,camera; cctv; location; camera feed; surveillance; junction; locations; point of interest; places; public addressing; public message; public awareness; broadcast; led display; road information; WiFi; wireless internet access; digital information system,"Namchi, Sikkim",,,,,2024-04-15T05:43:27+0530,b19475b4-540b-4cd4-8bfe-3dffba3891ba
Geospatial & Land,Points of interest,Urban (IUDX COS),Point of Interest in New Town Kolkata City,camera; cctv; location; camera feed; surveillance; junction; locations; point of interest; places; public addressing; public message; public awareness; broadcast; led display; road information; WiFi; wireless internet access; digital information system,"New Town Kolkata, West Bengal",,,,,2024-04-17T03:57:03+0530,81fffc2c-cb48-4223-8681-48cdf527472a
Geospatial & Land,Points of interest,Urban (IUDX COS),Point of Interest in Satna City,camera; cctv; location; camera feed; surveillance; junction; locations; point of interest; places; public addressing; public message; public awareness; broadcast; led display; road information; WiFi; wireless internet access; digital information system,"Satna, Madhya Pradesh",,,,,2024-04-17T04:56:22+0530,a5aa1cda-8723-4a18-b547-723ed38f7f4b
Geospatial & Land,Points of interest,Urban (IUDX COS),Point of Interest in Tumakuru City,camera; cctv; location; camera feed; surveillance; junction; locations; point of interest; places; public addressing; public message; public awareness; broadcast; led display; road information; WiFi; wireless internet access; digital information system,"Tumakuru, Karnataka",,,,,2023-02-14T01:11:34+0530,740f558e-1859-42d3-acfe-e2649686a3a2
Geospatial & Land,Points of interest,Urban (IUDX COS),Point of Interests (POI) in Agartala City,ecb; sos; call box; emergency call; emergency; emergency booth; call booth; phone; locality; public addressing; public message; public awareness; emergency message; broadcast; variable message; display; public display; caution; information; digital; message board; WiFi; hotspot; internet; WiFi access; WiFi near me; wireless internet access; kiosk; kiosk machine; kiosk spots near me; digital information system,"Agartala, Tripura",,,,,2023-03-20T04:03:22+0530,86d65496-2432-4784-ac7b-e301453c2314
Geospatial & Land,Points of interest,Urban (IUDX COS),Point of Interests (POI) in Agra City,public addressing; locality; public message; public awareness; emergency message; announcement; broadcast; addressing; sign board; traffic; caution; led display; road information,"Agra, Uttar Pradesh",,,,,2023-02-24T12:59:38+0530,72e45694-8994-4eb4-be6f-39ff8ffccaf0
Geospatial & Land,Points of interest,Urban (IUDX COS),Point of Interests (POI) in Ahmedabad City,ecb; sos; call box; emergency call; emergency; emergency booth; call booth; phone; locality; public addressing; public message; public awareness; emergency message; broadcast; variable message; display; public display; caution; information; digital; message board,"Ahmedabad, Gujarat",,,,,2023-02-14T02:21:36+0530,52160534-aed8-459a-8fc6-19affa45badb
Geospatial & Land,Points of interest,Urban (IUDX COS),Point of Interests (POI) in Aurangabad City,violation sensor; red light; locality; cctv; number plate recognition; caution; information; rlvd; anpr; facial recognition; public addressing,"Aurangabad, Maharashtra",,,,,2024-03-22T03:24:59+0530,3f251d0b-07bc-443b-a744-fd15fe4b3cd8
Geospatial & Land,Points of interest,Urban (IUDX COS),Point of Interests (POI) in Bareilly City,camera; cctv; location; camera feed; surveillance; junction; locations; point of interest; places; public addressing; public message; anpr; paecb; vmsb; itms; ems; public awareness; emergency message; broadcast; sign board; traffic; caution; led display; road information; WiFi; hotspot; internet; WiFi access; WiFi near me; wireless internet access; kiosk; kiosk machine; kiosk spots near me; digital information system,"Bareilly, Uttar Pradesh",,,,,2023-02-14T10:29:12+0530,20dc852b-4cb1-4a85-815a-f85732f695b7
Geospatial & Land,Points of interest,Urban (IUDX COS),Point of Interests (POI) in Belagavi City,camera; cctv; location; camera feed; surveillance; junction; locations; point of interest; places; public addressing; public message; anpr; paecb; vmsb; itms; ems; public awareness; emergency message; broadcast; sign board; traffic; caution; led display; road information; WiFi; hotspot; internet; WiFi access; WiFi near me; wireless internet access; kiosk; kiosk machine; kiosk spots near me; digital information system,"Belagavi, Karnataka",,,,,2023-02-14T10:29:59+0530,b23fda9a-6186-4914-a262-ddbf8d5217af
Geospatial & Land,Points of interest,Urban (IUDX COS),Point of Interests (POI) in Bhopal City,WiFi; hotspot; internet; WiFi access; WiFi near me; wireless internet access,"Bhopal, Madhya Pradesh",,,,,2023-02-27T10:19:15+0530,941b5346-fb5c-4ab9-9763-3093e3f7085c
Geospatial & Land,Points of interest,Urban (IUDX COS),Point of Interests (POI) in Bhubaneswar City,public addressing; public message; public awareness; emergency message; broadcast; sign board; traffic; caution; led display; road information; WiFi; hotspot; internet; WiFi access; WiFi near me; wireless internet access; kiosk; kiosk machine; kiosk spots near me; digital information system; solid waste; waste pickup; garbage; locality; pickup vehicle; waste vehicle; dustbin,Bhubaneswar,,,,,2023-02-24T01:18:46+0530,62ef96a9-8226-43ea-b82b-958e439b18c1
Geospatial & Land,Points of interest,Urban (IUDX COS),Point of Interests (POI) in Bilaspur City,environment sensor; violation sensor; red light; surveillance; swm; cctv; locality; atcs; vmd; broadcast; variable message; number plate recognition; caution; information; rlvd; message board; anpr,"Bilaspur, Chhattisgarh",,,,,2024-03-26T01:28:16+0530,062ee7f4-cefd-48aa-8135-b5d4dfe5bd28
Geospatial & Land,Points of interest,Urban (IUDX COS),Point of Interests (POI) in Chennai City,ecb; sos; call box; emergency call; emergency; emergency booth; call booth; phone; locality; public addressing; public message; public awareness; emergency message; broadcast; variable message; display; public display; caution; information; digital; message board; smart light; led; street light; pole; ipole; streetlight; smartlight; lamp; pole lamp; environment; env; sensor,"Chennai, Tamil Nadu",,,,,2023-02-14T02:25:01+0530,58dfc5ae-33b0-4dc4-be57-09073ff0a0af
Geospatial & Land,Points of interest,Urban (IUDX COS),Point of Interests (POI) in Coimbatore City,ecb; sos; call box; emergency call; emergency; emergency booth; call booth; phone; locality; public addressing; public message; public awareness; emergency message; broadcast; variable message; display; public display; caution; information; digital; message board,"Coimbatore, Tamil Nadu",,,,,2023-02-14T02:20:17+0530,b4be3221-a7cb-4a39-a894-a42a657d4c95
Geospatial & Land,Points of interest,Urban (IUDX COS),Point of Interests (POI) in Dahod City,camera; cctv; location; camera feed; surveillance; junction; locations; point of interest; places; public addressing; public message; public awareness; broadcast; led display; road information; WiFi; wireless internet access; digital information system,"Dahod, Gujarat",,,,,2023-02-14T09:34:03+0530,4334816d-d1a4-4a35-b785-a4dd08b425a8
Geospatial & Land,Points of interest,Urban (IUDX COS),Point of Interests (POI) in Davanagere City,environment sensor; violation sensor; red light; surveillance; swm; cctv; locality; atcs; vmd; broadcast; variable message; number plate recognition; caution; information; rlvd; message board; anpr,"Davanagere, Karnataka",,,,,2024-03-22T12:26:10+0530,e45a972b-ed65-4362-b410-4269b7ac7891
Geospatial & Land,Points of interest,Urban (IUDX COS),Point of Interests (POI) in Dehradun City,environment sensor; violation sensor; red light; surveillance; swm; cctv; locality; atcs; vmd; broadcast; variable message; number plate recognition; caution; information; rlvd; message board; anpr,"Dehradun, Uttarakhand",,,,,2024-02-20T05:32:48+0530,ffae6e54-44ff-4b9e-a112-089e157c5824
Geospatial & Land,Points of interest,Urban (IUDX COS),Point of Interests (POI) in Dharamshala City,camera; cctv; location; camera feed; surveillance; junction; locations; point of interest; places; public addressing; public message; anpr; paecb; vmsb; itms; ems; public awareness; emergency message; broadcast; sign board; waste bin locations,"Dharamshala, Himachal Pradesh",,,,,2023-02-14T09:34:55+0530,cd9b0b76-c9e1-4d4c-9fdc-6b8804f8c803
Geospatial & Land,Points of interest,Urban (IUDX COS),Point of Interests (POI) in Gandhinagar City,aqm; environment sensors; camera; cctv; location; camera feed; surveillance; junction; locations; point of interest; atcs; public addressing; ecb; anpr; pacb; vmsb; ems; rlvd; smartpole; broadcast; sign board; traffic; svd; led display; swm; wifi; hotspot,"Gandhinagar, Gujarat",,,,,2023-02-14T09:44:04+0530,3637182f-23a4-4af9-8c9d-cc249a9ab13d
Geospatial & Land,Points of interest,Urban (IUDX COS),Point of Interests (POI) in Gwalior City,itms; speed detection; violation sensor; red light; radar; locality; atcs; number plate recognition; caution; information; rlvd; anpr,"Gwalior, Madhya Pradesh",,,,,2024-04-05T04:34:02+0530,9d25225d-4876-4af7-b224-a29c7da1974a
Geospatial & Land,Points of interest,Urban (IUDX COS),Point of Interests (POI) in Indore City,environment sensor; violation sensor; red light; surveillance; swm; cctv; locality; atcs; vmd; broadcast; variable message; number plate recognition; caution; information; rlvd; message board; anpr,"Indore, Madhya Pradesh",,,,,2024-02-21T02:15:43+0530,38bf53e7-a13e-433f-808e-6708c7484d51
Geospatial & Land,Points of interest,Urban (IUDX COS),Point of Interests (POI) in Jabalpur City,environment sensor; violation sensor; red light; surveillance; swm; cctv; locality; atcs; vmd; broadcast; variable message; public addressing system; number plate recognition; caution; information; rlvd; message board; anpr; pas,"Jabalpur, Madhya Pradesh",,,,,2024-05-29T04:02:16+0530,8f10fcb0-99c3-4cc3-8155-e887991a5549
Geospatial & Land,Points of interest,Urban (IUDX COS),Point of Interests (POI) in Jaipur City,camera; cctv; location; camera feed; surveillance; junction; locations; point of interest; places; public addressing; public message; public awareness; emergency message; broadcast; sign board; traffic; caution; led display; road information; WiFi; hotspot; internet; WiFi access; WiFi near me; wireless internet access; kiosk; kiosk machine; kiosk spots near me; digital information system; solid waste; waste pickup; manhole; sensors,"Jaipur, Rajasthan",,,,,2024-05-09T11:00:48+0530,5004baa8-a1ca-45f0-b639-4cef1ec6b089
Geospatial & Land,Points of interest,Urban (IUDX COS),Point of Interests (POI) in Jammu City,environment sensor; violation sensor; red light; surveillance; swm; cctv; locality; atcs; vmd; broadcast; variable message; number plate recognition; caution; information; rlvd; message board; anpr,Jammu,,,,,2024-02-06T05:48:40+0530,2c721660-f474-4810-bb40-1dc183e48ced
Geospatial & Land,Points of interest,Urban (IUDX COS),Point of Interests (POI) in Kalyan-Dombivli City,public addressing; locality; public message; public awareness; emergency message; announcement; broadcast; addressing; sign board; traffic; caution; led display; road information,"Kalyan-Dombivli, Maharashtra",,,,,2024-09-06T11:20:35+0530,09cb26aa-5baf-486b-8b02-62deee25881d
Geospatial & Land,Points of interest,Urban (IUDX COS),Point of Interests (POI) in Kannur City,public awareness; emergency message; broadcast; sign board; traffic; caution; led display; road information; WiFi; cctv; surveillance; hotspot; internet; WiFi access; WiFi near me; wireless internet access; digital information system; solid waste; waste pickup; garbage; locality; waste vehicle; dustbin,"Kannur, Kerala",,,,,2023-02-14T06:11:00+0530,d945dbbc-aa01-492c-b5e8-442c59644c22
Geospatial & Land,Points of interest,Urban (IUDX COS),Point of Interests (POI) in Kanpur City,camera; cctv; location; camera feed; surveillance; junction; locations; point of interest; places; public addressing; public message; anpr; paecb; vmsb; itms; ems; public awareness; emergency message; broadcast; sign board; traffic; caution; led display; road information; WiFi; hotspot; internet; WiFi access; WiFi near me; wireless internet access; kiosk; kiosk machine; kiosk spots near me; digital information system,"Kanpur, Uttar Pradesh",,,,,2023-05-15T10:15:05+0530,ef23c3fb-721c-4fac-bb92-d7f545c50716
Geospatial & Land,Points of interest,Urban (IUDX COS),Point of Interests (POI) in Karimnagar City,environment sensor; violation sensor; red light; surveillance; swm; cctv; locality; atcs; vmd; broadcast; variable message; number plate recognition; caution; information; rlvd; message board; anpr,"Karimnagar, Telangana",,,,,2024-03-18T12:12:39+0530,687623a2-5611-4cca-b7e8-6f4e6541d9c0
Geospatial & Land,Points of interest,Urban (IUDX COS),Point of Interests (POI) in Kohima City,pa; public addressing system; locality; public message; public awareness; emergency message; announcement; broadcast; addressing; sign board; traffic; caution; led display; road information; tourist; hospital; ecb; emergency call box; tourism; tourist location; places; private hospital; public hospital; civil hospital; emergency,"Kohima, Nagaland",,,,,2023-04-05T03:17:53+0530,9c17581b-c3ad-40c4-bb36-1465ffb3aae9
Geospatial & Land,Points of interest,Urban (IUDX COS),Point of Interests (POI) in Lucknow City,camera; cctv; location; camera feed; surveillance; junction; locations; point of interest; places; public addressing; public message; anpr; pacb; vmsb; ems; public awareness; emergency message; broadcast; sign board; traffic; caution; led display; road information; wifi; hotspot; kiosk,"Lucknow, Uttar Pradesh",,,,,2023-06-14T10:06:48+0530,cdef041a-d63d-4bc3-8fe6-bc4f43c65aa6
Geospatial & Land,Points of interest,Urban (IUDX COS),Point of Interests (POI) in Nagpur City,camera; cctv; location; camera feed; surveillance; junction; locations; point of interest; places; public addressing; public message; anpr; pacb; vmsb; ems; public awareness; emergency message; broadcast; sign board; traffic; caution; led display; road information; wifi; hotspot; kiosk,"Nagpur, Maharashtra",,,,,2023-02-14T01:42:57+0530,21c8c06a-b94e-4570-a762-0e26ccdb3906
Geospatial & Land,Points of interest,Urban (IUDX COS),Point of Interests (POI) in Nashik City,WiFi; WiFi zone; hotspot; internet; WiFi access; WiFi location; WiFi near me; wireless internet access; sign board; sign board; traffic; caution; led display; road information; digital display; atcs sensor; flood sensor; enviroment sensor,Nashik,,,,,2024-12-31T04:54:38+0530,1507e5ca-c761-11ef-b8d5-0ff2fa5dcdc3
Geospatial & Land,Points of interest,Urban (IUDX COS),Point of Interests (POI) in Pasighat City,environment sensor; violation sensor; red light; surveillance; swm; cctv; locality; atcs; vmd; broadcast; variable message; number plate recognition; caution; information; rlvd; message board; anpr,"Pasighat, Arunachal Pradesh",,,,,2024-04-17T07:28:57+0530,a74cff96-07b3-411d-859d-dc4f6dfedb1f
Geospatial & Land,Points of interest,Urban (IUDX COS),Point of Interests (POI) in Pimpri-Chinchwad City,camera; cctv; location; camera feed; surveillance; junction; locations; point of interest; places; public addressing; public message; anpr; pacb; vmsb; ems; public awareness; emergency message; broadcast; sign board; traffic; caution; led display; road information; wifi; hotspot; kiosk,"Pimpri-Chinchwad, Maharashtra",,,,,2023-02-14T01:44:00+0530,05f7350e-2bc9-45d1-8b18-1fe94a261303
Geospatial & Land,Points of interest,Urban (IUDX COS),Point of Interests (POI) in Prayagraj City,environment sensor; violation sensor; red light; surveillance; swm; cctv; locality; atcs; vmd; broadcast; variable message; number plate recognition; caution; information; rlvd; message board; anpr,Prayagraj,,,,,2023-07-12T10:08:12+0530,3bef86d1-d115-4d65-ac82-2d6d3374f3f6
Geospatial & Land,Points of interest,Urban (IUDX COS),Point of Interests (POI) in Pune City,ecb; sos; call box; emergency call; emergency; emergency booth; call booth; phone; locality; public addressing; public message; public awareness; emergency message; broadcast; variable message; display; public display; caution; information; digital; message board,Pune,,,,,2023-02-14T09:28:48+0530,2601add3-0591-4b76-8b6b-83d37739c39b
Geospatial & Land,Points of interest,Urban (IUDX COS),Point of Interests (POI) in Raipur City,camera; cctv; location; camera feed; surveillance; junction; locations; point of interest; places; public addressing; public message; public awareness; emergency message; broadcast; sign board; traffic; caution; led display; road information; WiFi; hotspot; internet; WiFi access; WiFi near me; wireless internet access; kiosk; kiosk machine; kiosk spots near me; digital information system; solid waste; waste pickup,"Raipur, Chhattisgarh",,,,,2023-03-23T10:10:57+0530,f55454cc-df2c-4b92-911b-245601366782
Geospatial & Land,Points of interest,Urban (IUDX COS),Point of Interests (POI) in Rajkot City,ecb; sos; call box; emergency call; emergency; emergency booth; call booth; phone; locality; public addressing; public message; public awareness; emergency message; broadcast; variable message; display; public display; caution; information; digital; message board; anpr,Rajkot,,,,,2023-02-14T01:35:58+0530,47cd1ab6-46fa-4e00-bbd1-5682b1239510
Geospatial & Land,Points of interest,Urban (IUDX COS),Point of Interests (POI) in Ranchi City,environment sensor; violation sensor; red light; surveillance; swm; cctv; locality; atcs; vmd; broadcast; variable message; number plate recognition; caution; information; rlvd; message board; anpr,"Ranchi, Jharkhand",,,,,2024-02-20T02:53:33+0530,30b28625-57a4-450e-a605-58b2c3e1a0aa
Geospatial & Land,Points of interest,Urban (IUDX COS),Point of Interests (POI) in Sagar City,camera; cctv; camera feed; surveillance; junctions; locations; point of interest; places; lane; route; road information; svd; anpr; rlvd; traffic voilation,"Sagar, Madhya Pradesh",,,,,2023-05-22T10:06:12+0530,b564d960-e17d-4ebf-b5c8-bef1b13d775a
Geospatial & Land,Points of interest,Urban (IUDX COS),Point of Interests (POI) in Srinagar City,camera; cctv; location; camera feed; surveillance; junction; locations; point of interest; places; public addressing; public message; anpr; pacb; vmsb; ems; public awareness; emergency message; broadcast; sign board; traffic; caution; led display; road information; wifi; hotspot; kiosk,"Srinagar, Jammu and Kashmir",,,,,2023-02-14T01:26:59+0530,5e9d2d0b-5c62-41d5-8392-2bc6181ec088
Geospatial & Land,Points of interest,Urban (IUDX COS),Point of Interests (POI) in Surat City,solid waste; waste pickup; garbage; locality; pickup vehicle; waste vehicle; dustbin; interest points; poi; places,Surat,,,,,2024-02-22T01:08:46+0530,39d2814b-124e-44a5-809a-564e111e844b
Geospatial & Land,Points of interest,Urban (IUDX COS),Point of Interests (POI) in Thiruvananthapuram City,e-vehicle; charging; charging station; electric bike; power consumption; Charging point; locality; public addressing; public message; public awareness; emergency message,"Thiruvananthapuram, Kerala",,,,,2023-02-14T01:15:11+0530,978c7713-2442-4fc1-ae44-b9f138184ba8
Geospatial & Land,Points of interest,Urban (IUDX COS),Point of Interests (POI) in Vadodara City,WiFi; WiFi zone; hotspot; internet; WiFi access; WiFi location; WiFi near me; wireless internet access; sign board; sign board; traffic; caution; led display; road information; digital display,Vadodara,,,,,2023-02-17T02:40:30+0530,c4a834c7-fd29-4d15-9e61-7281cebc610a
Geospatial & Land,Points of interest,Urban (IUDX COS),Point of Interests (POI) in Varanasi City,public addressing; locality; public message; public awareness; emergency message; announcement; broadcast; addressing; sign board; traffic; caution; led display; road information,Varanasi,,,,,2024-02-22T04:28:11+0530,9b1b3b73-24e4-45da-a294-f43cdfd0f0ee
Geospatial & Land,Points of interest,Urban (IUDX COS),Point of Interests (POI) in Visakhapatnam City,camera; cctv; camera feed; surveillance; junctions; locations; point of interest; places; variable messaging; vmb; rlvd; red light violation detection; smart poles; streetlights; charging stations; led display; sign board; caution; traffic; intelligent poles; road information,"Visakhapatnam, Andhra Pradesh",,,,,2023-05-15T08:38:52+0530,3a2bc644-ed76-47f2-968d-ccac4fba42ec
Geospatial & Land,Satellite & aerial imagery,Geospatial (DX GeoSpatial),"Benchmark LiDAR Dataset of Thiruvananthapuram, Kerala",lidar; kerala; agriculture; Livelihoods & Skilling; transportation and logistics; geodetic reference frame; academia and research; high resolution; thiruvananthapuram; trivandrum; iist; point; point cloud; 3D; elevation; dense; disaster; mapping; stac,India,,,,,2025-06-19T11:02:54+0530,021a3f5f-a7ce-4f3b-a532-bc1a2486b005
Geospatial & Land,Satellite & aerial imagery,Geospatial (DX GeoSpatial),"Cartosat-3 Satellite Imagery for Kamrup Metropolitan District, Assam",dronagiri; kamrup; agriculture; livelihoods and skilling; transportation and logistics; satellite; satellite imagery; imagery; cartosat-3; cartosat; assam; stac,"Kamrup metropolitan district, Assam, India",,,,,2024-11-12T12:17:58+0530,d0400c7c-be11-4cdd-bb57-f5fadb96d8ce
Geospatial & Land,Satellite & aerial imagery,Geospatial (DX GeoSpatial),"Cartosat-3 Satellite Imagery for Sonipat District, Haryana",dronagiri; sonipat; haryana; agriculture; livelihoods and skilling; transportation and logistics; satellite; satellite imagery; imagery; cartosat-3; cartosat; stac,"Sonipat, Haryana, India",,,,,2024-11-12T12:18:04+0530,0add7985-7617-4b0f-8463-747f5da4a50e
Geospatial & Land,Satellite & aerial imagery,Geospatial (DX GeoSpatial),"Cartosat-3 Satellite Imagery for Varanasi District, Uttar Pradesh",dronagiri; uttar pradesh; agriculture; livelihoods and skilling; transportation and logistics; satellite; satellite imagery; imagery; cartosat-3; cartosat; varanasi; stac,"Varanasi, Uttar Pradesh, India",,,,,2024-11-12T12:18:01+0530,e6d49183-0ad6-4abb-88e4-372b0a1b603d
Geospatial & Land,Satellite & aerial imagery,Geospatial (DX GeoSpatial),"Cartosat-3 Satellite Imagery for Vizianagaram District, Andhra Pradesh",dronagiri; vizianagaram; andhra pradesh; agriculture; livelihoods and skilling; transportation and logistics; satellite; satellite imagery; imagery; cartosat-3; cartosat; vizianagaram; stac,"Vizianagaram, Andhra Pradesh, India",,,,,2024-11-12T12:17:54+0530,df353eee-2b92-41eb-ba08-5f0176c3d803
Geospatial & Land,Satellite & aerial imagery,Geospatial (DX GeoSpatial),"High-Resolution Orthorectified images, Andhra Pradesh.",dronagiri; vizianagaram; agriculture; livelihoods & skilling; transportation and logistics; ori; orthorectified; images; ortho; high resolution; orthoimagery; andhra pradesh; andhra; visakhapatnam; stac,"Andhra Pradesh, India",,,,,2025-12-08T01:01:14+0530,bc838f47-a405-458d-bd11-1ef557955edc
Geospatial & Land,Satellite & aerial imagery,Geospatial (DX GeoSpatial),"High-Resolution Orthorectified Images, Kamrup Metropolitan District.",drone; ori; kamrup; transportation and logistics; satellite; kamrup metropolitan; stac; orthorectified; satellite imagery; agriculture; assam; ortho; images; survey of india; orthoimagery; kamrup metro; livelihoods & skilling; high resolution; dronagiri,"Kamrup metropolitan, Assam, India",,,,,2025-07-29T01:40:57+0530,012ff14c-7eb3-41e0-aedf-b2030b79543e
Geospatial & Land,Satellite & aerial imagery,Geospatial (DX GeoSpatial),"Land Use Land Cover Data (ESRI) from Sentinel 2 Imagery, India",india; agriculture; livelihoods & skilling; transportation and logistics; esri; lulc; thematic imagery; land use; land cover; land; land cover and land use; sentinel; stac,India,,,,,2025-08-28T11:42:30+0530,3c54278f-4142-4ee9-a2a4-f8e8967ba285
Geospatial & Land,Satellite & aerial imagery,Geospatial (DX GeoSpatial),Leaf Area Index for Karnataka,Environment; Satellite imagery; Thematic imagery,India,,,,,2025-07-30T11:49:50+0530,c293ccdc-7e60-4727-87e3-63da8be3f8bb
Geospatial & Land,Satellite & aerial imagery,Geospatial (DX GeoSpatial),"Orthorectified Image (SOI), India",survey of india; varanasi; ori; imagery; orthoimagery; gurugram; sonipat; livelihoods and financial inclusion; transportation and logistics; orthorectified imagery; satellite; survery of india; satellite imagery; uttar pradesh; soi; stac; agriculture; dronagiri,India,,,,,2025-09-19T11:44:29+0530,e7fd272c-86ff-4980-bd65-0f2f68e1dada
Geospatial & Land,Satellite & aerial imagery,Geospatial (DX GeoSpatial),"Satellite Images of Vizianagaram, Andhra Pradesh.",survey of india; Vizianagaram; andhra pradesh; imagery; planet lab; transportation and logistics; satellite; satellite imagery; stac; high resolution; livelihoods & skilling; satellite image; planetary image; agriculture; dronagiri," Vizianagaram, Andhra Pradesh, India",,,,,2025-07-29T01:39:53+0530,c36d0a3c-3b52-4df1-8480-4529339c056e
Geospatial & Land,Satellite & aerial imagery,Geospatial (DX GeoSpatial),Vegetation Index For Belagavi,Geographical Names (Toponymy); Environment; Satellite imagery; Thematic imagery,India,,,,,2025-07-31T09:48:08+0530,6a421bad-3489-4554-8514-9a9dcc6a93c7
Geospatial & Land,Satellite & aerial imagery,Geospatial (DX GeoSpatial),Vegetation Index For Karnataka,Environment; Satellite imagery; Thematic imagery,India,,,,,2025-07-31T01:18:11+0530,36570320-2a05-462b-969e-a0c8467929f1
Geospatial & Land,"Terrain, elevation & geodesy",Geospatial (DX GeoSpatial),"Digital Elevation and Surface Model (DEM/DSM) from SOI, India.",dronagiri; vizianagaram; agriculture; livelihoods & skilling; transportation and logistics; dem; dsm; thematic imagery; elevation and depth; digital elevation model; digital surface model; terrain; high resolution; stac,India,,,,,2025-08-20T12:26:27+0530,adeb3b59-f078-4898-a23a-fe623da06592
Geospatial & Land,"Terrain, elevation & geodesy",Geospatial (DX GeoSpatial),"Digital Terrain Model (DTM), India",survey of india; livelihoods and financial inclusion; transportation and logistics; orthorectified imagery; soi; thematic imagery; stac; elevation and depth; dtm; digital terrain model; elevation; india; terrain; agriculture,India,,,,,2025-10-28T03:42:13+0530,fbce9409-e49b-4ee8-885d-5607f4ae09a6
Geospatial & Land,"Terrain, elevation & geodesy",Geospatial (DX GeoSpatial),"Embankment and Cutting Landform, Sirmaur, Himachal Pradesh",survey of india; natural waterbody; conservation; land cover and land use; lake; hydrography; geospatial; ecology; pond; river; wetland; environment,"Sirmaur, Himachal Pradesh",,,,,2025-07-23T10:30:53+0530,f152e65b-d178-4f67-ac0e-5e646de6f557
Geospatial & Land,"Terrain, elevation & geodesy",Geospatial (DX GeoSpatial),"Embankment and Cutting Landform, Varanasi, Uttar Pradesh",survey of india; topography; varanasi; land cover and land use; elevation; transportation and logistics; physical infrastructure; Survey of India; soi; geospatial; gis mapping; agriculture; embankment; elevation and depth; dronagiri,"Varanasi, Uttar Pradesh, India",,,,,2025-07-29T01:42:57+0530,bf8103d8-19a1-435a-85df-bbdab873b581
Geospatial & Land,"Terrain, elevation & geodesy",Geospatial (DX GeoSpatial),gnss data,Geodetic Reference Frame,India,,,,,2025-09-30T11:06:57+0530,808760a1-b7cf-4f7f-9701-3cfd49eee1a3
Geospatial & Land,"Terrain, elevation & geodesy",Geospatial (DX GeoSpatial),Gnss Data,Geodetic Reference Frame,India,,,,,2025-12-16T05:10:14+0530,ae94abd2-1472-4e77-a975-b3e8dff2de97
Geospatial & Land,"Terrain, elevation & geodesy",Geospatial (DX GeoSpatial),"Hypsographic Landforms, Sirmaur, Himachal Pradesh",survey of india; natural waterbody; conservation; geodetic reference frame; elevation and depth; lake; hydrography; geospatial; ecology; pond; river; wetland; environment,"Sirmaur, Himachal Pradesh",,,,OPEN,2025-07-23T10:30:44+0530,341489d8-3691-480c-bbc5-f28e851f0aef
Geospatial & Land,"Terrain, elevation & geodesy",Geospatial (DX GeoSpatial),"Hypsographic Landforms, Varanasi, Uttar Pradesh",survey of india; topography; varanasi; elevation and depth; geodetic reference frame; hypsoigraphy; transportation and logistics; Survey of India; soi; geospatial; gis mapping; ground truth; relief; agriculture; elevation; dronagiri,"Varanasi, Uttar Pradesh, India",,,,,2025-07-29T01:42:44+0530,a13389cc-e47e-4155-8126-313247aff449
Geospatial & Land,"Terrain, elevation & geodesy",Geospatial (DX GeoSpatial),"Hypsography - Contour (OSM 50K features) of Gurugram, Haryana.",hypsography; topography; survey of india; natural resources; environment; spatial data; terrain; gurugram; land use; contours; geospatial; surveying; mapping; elevation; dronagiri,"Gurugram, Haryana, India",,,,,2025-07-29T01:43:53+0530,eee61602-92e9-4f32-a995-e243f4707d25
Geospatial & Land,"Terrain, elevation & geodesy",Geospatial (DX GeoSpatial),"Hypsography - Contour (OSM 50K Features) of Sonipat, Haryana",hypsography; topography; survey of india; natural resources; environment; spatial data; terrain; land use; contours; geospatial; surveying; mapping; Sonipat; elevation; dronagiri,"Sonipat, Haryana, India",,,,,2025-07-29T01:40:41+0530,53b75e1e-ea22-415a-8e1c-95aa79cbcaf7
Geospatial & Land,"Terrain, elevation & geodesy",Geospatial (DX GeoSpatial),"Hypsography - Height, BMS, and Control Points (OSM 50K Features) of Gurugram, Haryana",hypsography; topography; survey of india; natural resources; terrain analysis; gurugram; land use; benchmarks; GIS; control points; height; geospatial; surveying; mapping; elevation; dronagiri,surveyofindia,,,,,2025-07-29T01:43:01+0530,1e48a1fc-a09e-4f0a-a57e-d7fb432beab5
Geospatial & Land,"Terrain, elevation & geodesy",Geospatial (DX GeoSpatial),"Hypsography - Height, BMS, and Control Points (OSM 50K Features) of Sonipat, Haryana",hypsography; topography; survey of india; natural resources; sonipat; terrain analysis; land use; benchmarks; GIS; control points; height; geospatial; surveying; mapping; elevation; dronagiri,"Sonipat, Haryana, India",,,,,2025-07-29T01:39:46+0530,70d61c62-e304-4cc5-9f37-5c772b8e6cec
Geospatial & Land,"Terrain, elevation & geodesy",Geospatial (DX GeoSpatial),"Hypsography - High Mountain Features (OSM 50K Features) of Gurugram, Haryana",hypsography; topography; survey of india; mountains; natural resources; environment; terrain analysis; mapping; land use; peaks; GIS; ridges; geospatial; surveying; Gurugram; elevation; dronagiri,surveyofindia,,,,,2025-07-29T01:39:30+0530,2135ab12-a1d6-484c-858f-d07b9b7f460c
Geospatial & Land,"Terrain, elevation & geodesy",Geospatial (DX GeoSpatial),"Hypsography - High Mountain Features (OSM 50K Features) of Sonipat, Haryana",topography; terrain; mountain features; biodiversity conservation; geology; land use; peaks; ridges; disaster management; geospatial; agriculture; environment; hypsography; elevation; survey of india; GIS; surveying; mapping; dronagiri,"Sonipat, Haryana, India",,,,,2025-07-29T01:43:30+0530,fccc5413-2f34-4e09-9815-ff7be66ac333
Geospatial & Land,"Terrain, elevation & geodesy",Geospatial (DX GeoSpatial),"Hypsography - High Mountains (OSM 50K features) of Gurugram, Haryana",survey of india; moraine; gis; haryana; elevation and depth; medial; gurugram; transportation and logistics; livelihoods and skilling; resource management; geospatial; gis mapping; sustainability; dronagiri,"Gurugram, Haryana, India",,,,,2025-07-29T01:42:41+0530,72cd2802-534e-4574-a900-35b7f7f32f65
Geospatial & Land,"Terrain, elevation & geodesy",Geospatial (DX GeoSpatial),"Hypsography - Mountain Features (OSM 50K Features) of Gurugram, Haryana",hypsography; topography; slopes; mountains; natural resources; environment; terrain analysis; survey of india; GIS; land use planning; geospatial; elevation; surveying; Gurugram; hills; dronagiri,"Gurugram, Haryana, India",,,,,2025-07-29T01:43:10+0530,818b752b-dbc6-41a0-89ca-e59f41c02155
Geospatial & Land,"Terrain, elevation & geodesy",Geospatial (DX GeoSpatial),"Hypsography - Sand Features  (OSM 50K features) of Gurugram, Haryana",survey of india; gis; geology and soils; haryana; gurugram; transportation and logistics; dune; livelihoods and skilling; geospatial; gis mapping; elevation and depth; dronagiri,"Gurugram, Haryana, India",,,,,2025-07-29T01:38:47+0530,96be076d-ee00-45d5-bd5d-e965278473ab
Geospatial & Land,"Terrain, elevation & geodesy",Geospatial (DX GeoSpatial),"Hypsography features  (25K), Sonipat, Haryana",hypsography; survey of india; haryana; Elevation and Depth; sonipat; Soi; surey of india; Height BMs and control points; transportation and logistics; Geographical Names (Toponymy); geospatial; livelihoods & skilling; Embankments and cuttings; Geodetic Reference Frame; agriculture; dronagiri,"Sonipat, Haryana",,,,,2025-07-29T01:41:43+0530,f5915f57-495c-43a4-ac09-01d0761e4582
Geospatial & Land,"Terrain, elevation & geodesy",Geospatial (DX GeoSpatial),"Hypsography features (OSM 50K), Vizianagaram, Andhra Pradesh",Vizianagaram; transportation and logistics; Geodetic Reference Frame; Transportation and Logistics; Contour_line; Contour; height bench mark; soi; geospatial; agriculture; surveyofindia; Embankments and cuttings; survey of india; Elevation and Depth; andhra pradesh; Livelihoods & Skilling; control_point; livelihoods & skilling; dronagiri,"Vizianagaram, Andhra Pradesh",,,,,2025-07-29T01:41:17+0530,68461845-d9e3-4a72-8270-07c087c83200
Geospatial & Land,"Terrain, elevation & geodesy",Geospatial (DX GeoSpatial),Integrated Catchment Attributes of Peninsular India,geospatial; india; rivers; catchment; guage; guage station; icwar; peninsular rivers; south india; water; agriculture; hydrology; catchment area; river basin; drainage area; streamflow; peninsular; anthropogenic feature; anthropogenic; land; land cover; land use; topography; soil; geology; hydrology; climate; agriculture; livelihoods & skilling,Peninsular India,,,,,2025-12-29T01:09:15+0530,a33dbfa6-e496-428b-bfb8-fb8f19a08e91
Geospatial & Land,"Terrain, elevation & geodesy",Geospatial (DX GeoSpatial),"Open Series Map, India",agriculture; livelihoods & skilling; transportation and logistics; toposheet; survey of india; soi; topographical map; open series map; osm; india; stac,India,,,,,2025-12-08T04:44:00+0530,358102ac-ebfd-4b61-adf3-d6ba00ea8fce
Geospatial & Land,"Terrain, elevation & geodesy",Geospatial (DX GeoSpatial),SRTM 30 m Dem,Elevation and Depth; dronagiri,India,,,,,2025-09-16T04:21:55+0530,a6605913-5b9d-44a1-b1fe-9659f4a391c7
Geospatial & Land,"Terrain, elevation & geodesy",Geospatial (DX GeoSpatial),SRTM 30 m Digital elevation model,Elevation and Depth; dronagiri,India,,,,,2025-09-16T04:32:09+0530,6373e4ae-b58f-468d-82fe-1bee965bc4cd
Geospatial & Land,"Terrain, elevation & geodesy",Geospatial (DX GeoSpatial),Topography Of Karnataka,Environment; Satellite imagery; Thematic imagery,India,,,,,2025-07-31T09:40:04+0530,ab317678-5b05-47b6-9154-b2c29775b524
Geospatial & Land,"Terrain, elevation & geodesy",Maharashtra (MahaAgX),Compartmental Bunding And Deep Continuous Contour Trenches For Soil Carbon Sequestration,agriculture; forest; horticulture; mango; carbon; soil; sequestration,Maharashtra,Mahatma Phule Krishi Vidyapeeth Rahuri,Agriculture,docx,RESTRICTED,2026-06-10T23:41:24+0530,19dae627-7b83-49b6-a6ae-09420b40610c
Geospatial & Land,"Terrain, elevation & geodesy",Maharashtra (MahaAgX),Effect of Deep Continuous Contour Trenches (cct) On Ground Water Table,deep cct; groundwater recharge; watershed management; soil and water conservation; marathwada; runoff control; karwadi-nandapur; hingoli; vnmkv,Maharashtra,Vasantrao Naik Marathwada Krishi Vidyapeeth Parbhani,Agriculture,pdf,OPEN,2026-02-16T03:45:12+0530,238694c1-7c43-451e-9b44-44e93139407d
Geospatial & Land,"Terrain, elevation & geodesy",Telangana (TGDeX),Geodetic Ellipsoid Definitions,Fiber optic network; Telecom; Infrastructure; GeoSpatial,Telangana,Dept. of ITE&C,Telecom,CSV,RESTRICTED,2025-10-28T06:03:49+0530,6673197b-4c98-44ee-93f7-12f11047c64f
"Governance, Welfare & Citizen Services","Administration, HR & legal",Geospatial (DX GeoSpatial),"Administrative Divisions (OSM 50K Features) of Gurugram, Haryana",urban planning; survey of india; gis; haryana; infrastructure development; land cover and land use; gurugram; livelihoods and skilling; resource management; geospatial; gis mapping; agriculture; sustainability; dronagiri,"Gurugram, Haryana, India",,,,,2025-07-29T01:41:39+0530,990f1db8-2fd0-4dc6-ba50-3880aab30ed7
"Governance, Welfare & Citizen Services","Administration, HR & legal",Geospatial (DX GeoSpatial),Administrative Headquarters of India,geographical names (toponymy); survey of india; major towns; geo spatial; headquarters; geographical names; toponymy; cities; taluk; department; states; sub-districts; districts; administrations; tehsil,India,,,,,2025-07-23T10:31:25+0530,9571d26c-8543-41f4-99ab-b409f8d4aa8c
"Governance, Welfare & Citizen Services","Administration, HR & legal",Geospatial (DX GeoSpatial),"Commercial Establishments in Pimpri-Chinchwad, Maharashtra",point of interest; commercial establishment; shopping mall; retail outlet; banquet hall; office space; entertainment center; business facility; hospitality; retail sector; public services; public access; economic growth; urban planning; commercial infrastructure; business development; commercial real estate; recreation; urban economy; tourism; local government; public infrastructure; retail services; event space; commercial services; pimpri chinchwad city; maharashtra; commercial infrastructure; retail sector; hospitality; entertainment; business development; urban planning; economic growth; public services; local government; public access; commercial facilities; retail outlets; office spaces; recreation; public services; business infrastructure; service sector; urban economy; tourism; land cover and land use; physical infrastructure; buildings and settlements; public infrastructure,"Pimpri Chinchwad City, Maharashtra",,,,,2024-12-12T04:07:10+0530,bbe2a3e3-8cdf-4459-b791-5b83729626f5
"Governance, Welfare & Citizen Services","Administration, HR & legal",Maharashtra (MahaAgX),Agristack District Wise List of VLEs Operating CSCs in Maharashtra,csc; vle; maharashtra; governance; digital-india; digital india; village; rural,Maharashtra,"Agristack Ministry of Agriculture and Farmer Welfare, Government of India",Agriculture,JSON,RESTRICTED,2026-04-06T17:49:39+0530,ff2ee34b-61a0-4881-afa3-f6f2d0e66911
"Governance, Welfare & Citizen Services","Administration, HR & legal",Telangana (TGDeX),Contract Labour Principal Employer Establishment Registrations in Telangana (2017-2024),Labor; Contract Workers; Principal Employer; Registration; Regulation,Telangana,"Dept. of Labour, Employment Training & Factories",Human Resources & Staffing,CSV,OPEN,2025-06-22T10:19:03+0530,4a4ca19f-7ae9-4b91-a400-95530d81f788
"Governance, Welfare & Citizen Services","Administration, HR & legal",Telangana (TGDeX),Establishment Registrations under the Contract Labour Contractor Act in Telangana (January-March 2025),Labor; Contract Workers; Contractor Act; Establishment Registrations; Regulatory Compliance,Telangana,"Dept. of Labour, Employment Training & Factories",Human Resources & Staffing,CSV,OPEN,2025-06-22T10:20:38+0530,0ec6e69e-b8a3-47e5-8001-32ccceb3b5ec
"Governance, Welfare & Citizen Services","Administration, HR & legal",Telangana (TGDeX),Establishments Registered under the Beedi and Cigar Workers Act in Telangana,Labor; Beedi Workers; Cigar Workers; Establishments; Regulatory Compliance,Telangana,"Dept. of Labour, Employment Training & Factories",Human Resources & Staffing,CSV,OPEN,2025-06-22T10:20:46+0530,8b2e1dcc-690e-47c7-88bc-f8060467f54c
"Governance, Welfare & Citizen Services","Administration, HR & legal",Telangana (TGDeX),Hyderabad District Shop and Establishment Registrations,Data Quality; Placeholder; Metadata; Validation; Data Governance,Hyderabad,Dept. of Public Enterprises,Public Enterprises,CSV,OPEN,2025-06-22T10:03:58+0530,85f277ea-77af-4bda-9bca-85f8fa13b67f
"Governance, Welfare & Citizen Services","Administration, HR & legal",Telangana (TGDeX),Interstate Migrant Workman Establishment Registrations in Telangana,Labor; Migrant Workmen; Establishments; Registration; Industrial Relations,Telangana,"Dept. of Labour, Employment Training & Factories",Construction,CSV,OPEN,2025-06-22T10:21:13+0530,441e4e22-a684-4ec3-9733-6f5873b6fc71
"Governance, Welfare & Citizen Services","Administration, HR & legal",Telangana (TGDeX),Interstate Migrant Workmen Principal Employer Registrations in Telangana,Labor; Migrant Workmen; Principal Employer; Registration; Labor Law,Telangana,"Dept. of Labour, Employment Training & Factories",Construction,CSV,OPEN,2025-06-22T10:20:54+0530,05bd3a88-e3e6-4ecc-a13c-d4b586affa23
"Governance, Welfare & Citizen Services","Administration, HR & legal",Telangana (TGDeX),"Registrations of Building and Construction Establishments under the Building and Other Construction Workers Act, Telangana, 2017-2024",Labor; Construction; Establishments; Registration; Compliance,Telangana,"Dept. of Labour, Employment Training & Factories",Construction,CSV,OPEN,2025-06-22T10:21:32+0530,60adbbb4-299f-4462-a33e-e8b50a4ebeaa
"Governance, Welfare & Citizen Services","Administration, HR & legal",Telangana (TGDeX),Social Audit Documentation Compliance in Telangana Mandals,Social Audit; Record Keeping; Compliance; Governance; Public Accountability,Telangana,Dept. of Panchayat Raj & Rural Development,Welfare,CSV,OPEN,2025-06-22T09:43:34+0530,f3eb4264-fe02-452d-87ff-2161927dcb48
"Governance, Welfare & Citizen Services","Administration, HR & legal",Telangana (TGDeX),Telangana Building and Other Construction Workers Act Establishment Registrations 2025,Labor; Construction; Workers Act; Establishments; Registration,Telangana,"Dept. of Labour, Employment Training & Factories",Human Resources & Staffing,CSV,OPEN,2025-06-22T10:18:59+0530,8ff99344-92b7-43f9-baac-16cabbebb199
"Governance, Welfare & Citizen Services","Administration, HR & legal",Telangana (TGDeX),Telangana Contract Labour Contractor Registrations,Labor; Contract Workers; Contractors; Registration; Industrial Relations,Telangana,"Dept. of Labour, Employment Training & Factories",Human Resources & Staffing,CSV,OPEN,2025-06-22T10:19:25+0530,d2ebce1e-8d8a-4433-9f62-2eb2a20477cd
"Governance, Welfare & Citizen Services","Administration, HR & legal",Telangana (TGDeX),Telangana Contract Labour Establishment Registrations,Labor; Contract Workers; Establishments; Registration; Workforce Compliance,Telangana,"Dept. of Labour, Employment Training & Factories",Human Resources & Staffing,CSV,OPEN,2025-06-22T10:19:47+0530,9f7beb4c-e95c-499b-a2c3-9a80163dd4fe
"Governance, Welfare & Citizen Services","Administration, HR & legal",Telangana (TGDeX),Telangana District Public Distribution System Statistics (2015-2016),Governance; Public Distribution; PDS; Food Security; Supply Chain,Telangana,Dept. of Consumer Affairs Food & Civil Supplies,Welfare,CSV,OPEN,2025-06-22T10:02:46+0530,a4de4bad-fed7-4601-8804-9b33d9e3365e
"Governance, Welfare & Citizen Services","Administration, HR & legal",Telangana (TGDeX),Telangana Mulberry Sericulture Acreage and Administrative Units,Land; Crop Type; Mandal,Telangana,ADeX,Agriculture & Farming,API,RESTRICTED,2025-07-01T08:08:08+0530,666853da-bbeb-4854-a789-f9664c3a9ee6
"Governance, Welfare & Citizen Services","Administration, HR & legal",Telangana (TGDeX),Telangana Shops and Establishment Registrations (2017-2024),Commerce; Shops; Establishments; Registration; Business Licensing,Telangana,"Dept. of Labour, Employment Training & Factories",Human Resources & Staffing,CSV,OPEN,2025-06-22T10:19:51+0530,0ee87886-2261-4d73-a4f5-dd016c9c9bcb
"Governance, Welfare & Citizen Services","Administration, HR & legal",Telangana (TGDeX),Telangana Shops and Establishments Registration Data (January to March 2025),Commerce; Shops; Establishments; Registration; Economic Snapshot,Telangana,"Dept. of Labour, Employment Training & Factories",Human Resources & Staffing,CSV,OPEN,2025-06-22T10:20:42+0530,52c40c98-cb3e-4967-bb4c-2e102d418374
"Governance, Welfare & Citizen Services","Administration, HR & legal",Telangana (TGDeX),Telangana Social Audit Staff Activity Records (June 2017-December 2017),Social Audit; Staffing; Human Resources; Governance; Capacity Building,Telangana,Dept. of Panchayat Raj & Rural Development,Welfare,CSV,OPEN,2025-06-22T09:43:53+0530,cf0f96aa-fe68-43b1-a78c-65d9f45ce275
"Governance, Welfare & Citizen Services","Administration, HR & legal",Telangana (TGDeX),Telangana State Law Department Ordinances,Governance; Legal; Ordinances; Legislative Acts; Regulatory Framework,Telangana,Dept. of Law,Legal Services,CSV,OPEN,2025-06-22T10:24:48+0530,6c09ddaa-7295-4c2e-a3f4-044a3b7d7a6b
"Governance, Welfare & Citizen Services","Administration, HR & legal",Telangana (TGDeX),Telangana State Mandal Administrative and Geospatial Reference,Fiber optic network; Telecom; Infrastructure; GeoSpatial,Telangana,Dept. of ITE&C,Telecom,CSV,RESTRICTED,2025-10-28T05:44:03+0530,84738364-d019-463f-95e9-ca73781f901a
"Governance, Welfare & Citizen Services","Administration, HR & legal",Telangana (TGDeX),Telangana Sub-Registrar Office Daily Document Registrations and Revenue 2018,Governance; Sub-Registrar Office; Document Registration; Land Records; Administrative Data,Telangana,Dept. of Revenue,Finance,CSV,OPEN,2025-06-22T10:25:31+0530,e725985a-9e9a-4fc5-bd6d-abf8b3fb6cab
"Governance, Welfare & Citizen Services",Census & demography,Geospatial (DX GeoSpatial),"Population Data 2011 Census, Vizianagaram, Andhra Pradesh",geospatial; dronagiri; vizianagaram; andhra Pradesh; population; density; literacy; literacy rate; female; male population; livelihoods & skilling; child population; constituency_wise; maldal; costituency; mandalwise; mandal wise; livelihoods & skilling,"Vizianagaram, Andhra Pradesh",,,,,2025-09-12T11:29:56+0530,ce25968c-a4ad-412a-b651-d292aee98cd2
"Governance, Welfare & Citizen Services",Census & demography,Geospatial (DX GeoSpatial),"Primary census abstract of India, 2011",agriculture; livelihoods and skilling; transportation and logistics; demography; geospatial; population distribution; statistics; census; household; dronagiri; varansi; kamrup; sonipat; gurugram; vizianagaram; washim,India,,,,,2024-11-12T12:07:10+0530,9c363287-e03d-4a9f-8d7e-5cb7aa254d0a
"Governance, Welfare & Citizen Services",Census & demography,Telangana (TGDeX),Child Population in Telangana Districts (Age 0 to 6) - 2011 Census,Demographics; Child Population; Census Data; Household Statistics; Public Health,Telangana,Dept. of Women & Child Development,Welfare,CSV,OPEN,2025-06-22T10:04:35+0530,0a82bb9e-5e69-49ce-8b26-6adee2bef321
"Governance, Welfare & Citizen Services",Census & demography,Telangana (TGDeX),"District-wise Scheduled Caste and Scheduled Tribe Population Indicators, Telangana, Census 2011",Demographics; Scheduled Tribes; Scheduled Castes; Census Data; Social Groups,Telangana,Dept. of Planning,Welfare,CSV,OPEN,2025-06-22T09:38:50+0530,909617da-5463-4649-a2e0-fca46813ea88
"Governance, Welfare & Citizen Services",Census & demography,Telangana (TGDeX),Telangana 2011 Census Primary Abstract by District and Mandal - Adilabad,Demographics; Census 2011; Population; District; Mandal,Adilabad District,Dept. of Planning,Agriculture & Farming,CSV,OPEN,2025-06-22T09:38:29+0530,8e95f8af-362a-482e-96cb-4089022ba663
"Governance, Welfare & Citizen Services",Census & demography,Telangana (TGDeX),Telangana District Area and Population Density (2015-2016),Demographics; Area; Population Density; Census Data; Spatial Analysis,Telangana,Dept. of Planning,Rural Development,CSV,OPEN,2025-06-22T09:38:58+0530,128ecbc6-c039-4851-b7e0-918276d5fb7f
"Governance, Welfare & Citizen Services",Census & demography,Telangana (TGDeX),Telangana District Workforce and Non-Workforce Census 2011,Demographics; Workforce; Employment; Occupational Categories; Labor Statistics,Telangana,Dept. of Planning,Human Resources & Staffing,CSV,OPEN,2025-06-22T09:38:47+0530,d9531289-a715-481d-aee2-0ca4e6e6f221
"Governance, Welfare & Citizen Services",Census & demography,Telangana (TGDeX),Telangana State District-Level Demographic Statistics (Census 2011),Demographics; Census 2011; District Data; Population; Household Statistics,Telangana,Dept. of Planning,Welfare,CSV,OPEN,2025-06-22T09:39:02+0530,ad73a08a-6930-43c1-8efe-c2af84d7424c
"Governance, Welfare & Citizen Services",Elections & legislature,Telangana (TGDeX),Greater Hyderabad Municipal Corporation 2020 Ward-Level Election Results,Governance; Elections; Ward-Level; Political Data; Urban Governance,Hyderabad,Dept. of Telangana State Election Commission,Public Enterprises,CSV,OPEN,2025-06-22T10:24:00+0530,29797a60-fb36-4b5e-afc0-fd5c015a6957
"Governance, Welfare & Citizen Services",Elections & legislature,Telangana (TGDeX),Telangana Gram Panchayat Sarpanch Election Results 2019,Governance; Elections; Gram Panchayat; Rural Governance; Electoral Outcomes,Telangana,Dept. of Telangana State Election Commission,Public Enterprises,CSV,OPEN,2025-06-22T10:24:03+0530,6b3e8872-4296-456b-91b0-4985c5d2eab8
"Governance, Welfare & Citizen Services",Elections & legislature,Telangana (TGDeX),Telangana MPTC Elections Data 2019,Governance; Elections; Mandal Parishad; Voting Patterns; Electoral Outcomes,Telangana,Dept. of Telangana State Election Commission,Public Enterprises,CSV,OPEN,2025-06-22T10:24:07+0530,db668d2e-4f11-439b-b0ea-3f5699471edc
"Governance, Welfare & Citizen Services",Elections & legislature,Telangana (TGDeX),Telangana State Legislative Acts with PDF Links,Governance; Legislation; Acts; Policy Tracking; Parliamentary Records,Telangana,Dept. of Law,Legal Services,CSV,OPEN,2025-06-22T10:24:44+0530,c9af9ded-7e94-4beb-a77e-367f552796a3
"Governance, Welfare & Citizen Services",Elections & legislature,Telangana (TGDeX),Telangana State Legislative Bills with PDF Links,Governance; Legislation; Bills; Policy Tracking; Parliamentary Records,Telangana,Dept. of Law,Legal Services,CSV,OPEN,2025-06-22T10:24:40+0530,9f4eede0-289f-4fc9-b91e-d000000059a5
"Governance, Welfare & Citizen Services",Elections & legislature,Telangana (TGDeX),Telangana Urban Local Body Casual Election Results 2021,Governance; Elections; Casual Polls; Urban Local Body; Electoral Administration,Telangana,Dept. of Telangana State Election Commission,Public Enterprises,CSV,OPEN,2025-06-22T10:23:56+0530,78714bfc-d537-40ec-acb0-6ac90158b562
"Governance, Welfare & Citizen Services",Elections & legislature,Telangana (TGDeX),Telangana Urban Local Body Election Results 2021,Governance; Elections; Urban Local Bodies; Voting Patterns; Electoral Outcomes,Telangana,Dept. of Telangana State Election Commission,Public Enterprises,CSV,OPEN,2025-06-22T10:24:15+0530,918899ce-b30c-4d30-a20e-f43bfc4d7411
"Governance, Welfare & Citizen Services",Elections & legislature,Telangana (TGDeX),Telangana Urban Local Body Elections January 2020 - Ward-Level Contest Results,Governance; Elections; Urban Local Bodies; Political Data; Electoral Outcomes,Telangana,Dept. of Telangana State Election Commission,Public Enterprises,CSV,OPEN,2025-06-22T10:24:11+0530,a5559735-a804-4811-9a20-d41f8f1ee7f8
"Governance, Welfare & Citizen Services",Elections & legislature,Telangana (TGDeX),Telangana Urban Local Body Ward-Level Election Results January 2020,Governance; Elections; Urban Local Body; Political Data; Voting Patterns,Telangana,Dept. of Telangana State Election Commission,Public Enterprises,CSV,OPEN,2025-06-22T10:23:52+0530,1974f4e5-eecf-40fb-9c35-ada087070418
"Governance, Welfare & Citizen Services",Municipal services & grievances,Geospatial (DX GeoSpatial),"Buildings Others of (OSM 50K Features) Sonipat, Haryana",urban planning; spatial; survey of india; buildings; haryana; sonipat; infrastructure; architecture; construction; geospatial; geography; dronagiri,"Sonipat, Haryana, India",,,,,2025-07-29T01:41:49+0530,ee5e974e-00b2-11f0-a15c-5b37b58a15b9
"Governance, Welfare & Citizen Services",Municipal services & grievances,Telangana (TGDeX),Digital Mee Seva Transactions by District in Telangana,E-Governance; Mee Seva; Digital Transactions; Citizen Services; Service Delivery,Telangana,Dept. of ITE&C,Public Enterprises,CSV,OPEN,2025-06-22T10:11:45+0530,fc28668a-d2a4-4aab-848c-e105379c2bc5
"Governance, Welfare & Citizen Services",Municipal services & grievances,Telangana (TGDeX),Greater Hyderabad Municipal Corporation Geo-Tagged Public Amenity Locations,Infrastructure; Public Amenities; GHMC; Geotagging; Facility Mapping,Hyderabad,Dept. of Municipal Administration & Urban Development,Public Enterprises,CSV,OPEN,2025-06-22T10:16:09+0530,b268a6b0-e77b-4536-9231-633b7efdf489
"Governance, Welfare & Citizen Services",Municipal services & grievances,Telangana (TGDeX),Greater Hyderabad Municipal Corporation New Trade License Approvals by Circle,Governance; GHMC; Trade Licenses; Urban Commerce; Regulatory Compliance,Hyderabad,Dept. of Municipal Administration & Urban Development,Public Enterprises,CSV,OPEN,2025-06-22T10:15:34+0530,cd9e2df8-41c2-479e-b2e2-1ea6ba8b47f6
"Governance, Welfare & Citizen Services",Municipal services & grievances,Telangana (TGDeX),Infrastructure Inventory in Telangana Urban Local Bodies,Infrastructure; Urban Local Bodies; Asset Inventory; Facility Mapping; Service Coverage,Telangana,Dept. of Municipal Administration & Urban Development,Construction,CSV,OPEN,2025-06-22T10:15:31+0530,bf261dbc-61f0-4267-8f73-645c9d56552c
"Governance, Welfare & Citizen Services",Municipal services & grievances,Telangana (TGDeX),Monthly Urban Local Body Trade License Issuance Counts in Telangana,Governance; Trade Licenses; Urban Local Bodies; Commerce; Regulatory Compliance,Telangana,Dept. of Municipal Administration & Urban Development,Public Enterprises,CSV,OPEN,2025-06-22T10:15:19+0530,4804fb62-5858-4ab2-8b3a-911ebeb6c79f
"Governance, Welfare & Citizen Services",Municipal services & grievances,Telangana (TGDeX),Sada Baimana Regularization Applications and Survey Coverage by District (2015-2016),Housing; Regularization; Land Survey; Urban Planning; Public Policy,Telangana,Dept. of Planning,Construction,CSV,OPEN,2025-07-01T07:07:12+0530,9b970905-8e79-40bf-b77a-edda45454b3b
"Governance, Welfare & Citizen Services",Municipal services & grievances,Telangana (TGDeX),Statewide Social Audit Grievance Details in Telangana (June-December 2017),Social Audit; Grievances; Public Complaints; Governance; Accountability,Telangana,Dept. of Panchayat Raj & Rural Development,Welfare,CSV,OPEN,2025-06-22T09:44:09+0530,a5f0a668-4824-49b5-a9ad-f9535737a8cd
"Governance, Welfare & Citizen Services",Municipal services & grievances,Telangana (TGDeX),Telangana Panchayat Raj and Rural Development Panchayat-wise Trade License Permissions,Governance; Trade Licenses; Panchayat Raj; Regulatory Compliance; Rural Commerce,Telangana,Dept. of Panchayat Raj & Rural Development,Rural Development,CSV,OPEN,2025-06-22T09:45:25+0530,a57e8d76-3c46-453f-95eb-bf540c13b8d0
"Governance, Welfare & Citizen Services",Municipal services & grievances,Telangana (TGDeX),Telangana Urban Local Bodies Profiles,Governance; Urban Bodies; Municipalities; Demographics; Infrastructure,Telangana,Dept. of Municipal Administration & Urban Development,Public Enterprises,CSV,OPEN,2025-06-22T10:14:48+0530,43598e45-40b2-43a8-b082-969b64fdbbfb
"Governance, Welfare & Citizen Services",Municipal services & grievances,Telangana (TGDeX),Telangana Urban Local Body Property Tax Certificate Counts,Finance; Property Tax; Certificates; Municipal Revenue; Tax Compliance,Telangana,Dept. of Municipal Administration & Urban Development,Finance,CSV,OPEN,2025-06-22T10:14:59+0530,0f2ed811-8ac5-4275-8bd3-68ba3a7540aa
"Governance, Welfare & Citizen Services",Municipal services & grievances,Telangana (TGDeX),Urban Local Body Grievance Monitoring,Governance; Grievances; Urban Local Bodies; Citizen Feedback; Accountability,Telangana,Dept. of Municipal Administration & Urban Development,Public Enterprises,CSV,OPEN,2025-06-22T10:15:43+0530,8886a2cf-6fb8-4a61-a497-0c4c489b02f4
"Governance, Welfare & Citizen Services",Municipal services & grievances,Telangana (TGDeX),Urban Poverty Alleviation in Urban Local Bodies of Telangana,Social Welfare; Poverty Alleviation; Program Monitoring; Beneficiary Data; Economic Development,Telangana,Dept. of Municipal Administration & Urban Development,Welfare,CSV,OPEN,2025-06-22T10:15:50+0530,d010c496-b8b4-4b63-97a0-9e989fbef70e
"Governance, Welfare & Citizen Services",Municipal services & grievances,Urban (IUDX COS),Civic Issues Reported from GVMC Portal,grievance status; escalation level; complaints handling; grievance redress; civic issues; complaints; drainage; street sanity; water issues; garbage and cleanliness; public health; hospital and dispensary; gas line,"Visakhapatnam, Andhra Pradesh",,,,,2023-02-14T12:58:17+0530,f3b219c0-a737-40b1-8507-cccaf52a4d62
"Governance, Welfare & Citizen Services",Municipal services & grievances,Urban (IUDX COS),Civic Issues Reported from Nirmalyam Portal in Vadodara City,grievance; escalation level; complaints handling; grievance redress; civic issues; complaints; drainage; water issues; garbage; cleanliness; public health; hospital; dispensary; gas line,"Vadodara, Gujarat",,,,,2023-04-11T03:30:57+0530,7a3d4154-a3a4-4522-a58c-4681e2493e84
"Governance, Welfare & Citizen Services",Municipal services & grievances,Urban (IUDX COS),Civic Issues Reported from the 311 App in Indore City,citizen grievances; complaints; registered grievances; grievance status; public grievances; sanitation; drainage; indore 311 app; garbage collection; cleanliness; public health; open defecation; stray animals; swm; civic issues; issue reporting,"Indore, Madhya Pradesh",,,,,2024-04-08T01:24:07+0530,deb4be6a-b2bf-43ce-910f-aefb1013d369
"Governance, Welfare & Citizen Services",Municipal services & grievances,Urban (IUDX COS),Civic Issues Reported in Kalyan-Dombivli City,tracking grievances; status; citizen grievances; complaints; registered grievances; grievance handling; public grievances; grievance severity; sanitation; drainage; garbage collection; garbage and cleanliness; Employee Complaint,"Kalyan-Dombivli, Maharashtra",,,,,2024-09-06T03:27:47+0530,d9eca45c-d0be-45d2-9b8f-4fa1bbd762ae
"Governance, Welfare & Citizen Services",Municipal services & grievances,Urban (IUDX COS),Revenue Collection by the Administration in Bhubaneswar City,trade licenses; business license; commercial license; business permit; trade; issued; trade permit; tax; receipt; collected tax; property tax; fiscal year; monthly tax; property; asset tax,"Bhubaneswar, Odisha",,,,,2023-02-24T01:18:53+0530,d66e834a-1eb9-425f-86c5-756a902f18f6
"Governance, Welfare & Citizen Services",Municipal services & grievances,Urban (IUDX COS),Revenue Collection by the Administration in Surat City,tax receipt; tax amount; receipt; tax rate; collected tax; revenue,"Surat, Gujarat",,,,,2023-03-08T02:37:12+0530,4a6e80c4-8b93-43d6-9735-621c08f6fad1
"Governance, Welfare & Citizen Services",Municipal services & grievances,Urban (IUDX COS),Revenue Collection Details in Kalyan-Dombivli City,revenue collection; water collection; trade license; license fees; tax payments; municipal revenue; service charges; payment status; pending dues; financial services; billing and payment,"Kalyan-Dombivli, Maharashtra",,,,,2024-11-20T10:52:38+0530,50980937-86c8-4654-afff-eaef95048216
"Governance, Welfare & Citizen Services",Municipal services & grievances,Urban (IUDX COS),Trade License Information from Bhubaneswar City,trade license; revenue license; trade name; trade; commercial establishment; establishment; license expiry; business license; commercial license; business permit; trade; trade permit; business; commercial; trading tax; property; property tax; holding tax; property holding; residential,"Bhubaneswar, Odisha",,,,,2023-02-24T01:18:49+0530,aefd9351-12fe-4ced-ac10-cf273e859a6a
"Governance, Welfare & Citizen Services",Welfare schemes & rural development,Geospatial (DX GeoSpatial),"Public Amenities from AMRUT Scheme, Dehradun, Uttarakhand",public amenities; AMRUT; land use; land cover; urban infrastructure; community facilities; sanitation; drinking water; parks; public toilets; geospatial; GIS; Dehradun; Uttarakhand; municipal services; urban planning; smart cities; public health; accessibility; land use zoning; addresses; civic infrastructure; social equity,"Dehradun, Uttarakhand, India",,,,,2025-02-03T12:12:03+0530,0ac54074-dfb9-11ef-aff9-fb0c9197c74f
"Governance, Welfare & Citizen Services",Welfare schemes & rural development,Geospatial (DX GeoSpatial),"Residential Buildings (OSM 50K Features) of Sonipat, Haryana",survey of india; spatial; haryana; sonipat; residential buildings; huts; housing; geography; dronagiri,"Sonipat, Haryana, India",,,,,2025-07-29T01:38:51+0530,d2f8d9a0-3c32-11f1-b3f7-cbf1f56113b0
"Governance, Welfare & Citizen Services",Welfare schemes & rural development,Geospatial (DX GeoSpatial),"Water Sources from AMRUT Scheme, Dehradun, Uttarakhand",water sources; AMRUT; groundwater; surface water; water quality; hydrology; geospatial; GIS; Dehradun; Uttarakhand; reservoirs; aquifers; water supply; water management; drought mitigation; urban planning; public health; environmental monitoring; water conservation; infrastructure; sustainability; rivers; lakes,"Dehradun, Uttarakhand, India",,,,,2025-02-03T12:12:00+0530,9f66e9cc-dfb8-11ef-ad07-cbef98d41cb6
"Governance, Welfare & Citizen Services",Welfare schemes & rural development,Maharashtra (MahaAgX),"Economic Analysis of Value Added Products of Pht Scheme, Mpkv, Rahuri",economics; pht; value-addition; salad; vegetables; maharashtra; profitability; mpkv,Maharashtra,Mahatma Phule Krishi Vidyapeeth Rahuri,Agriculture,docx,RESTRICTED,2026-02-16T01:05:10+0530,6fc466c2-bf15-458e-921a-30d4857096b3
"Governance, Welfare & Citizen Services",Welfare schemes & rural development,Telangana (TGDeX),Aasara Pension Sanctions in Telangana Districts,Social Welfare; Pensions; Aasara Scheme; Beneficiary Data; Social Security,Telangana,Dept. of Panchayat Raj & Rural Development,Welfare,CSV,OPEN,2025-06-22T09:44:04+0530,7d7acbca-f106-4bb7-980e-ce23a4d83f38
"Governance, Welfare & Citizen Services",Welfare schemes & rural development,Telangana (TGDeX),Mahatma Gandhi National Rural Employment Guarantee Act Expenditure and Audit Deviations by Mandal in Telangana,Social Audit; EGS; Expenditure; Rural Employment; Fund Utilization,Telangana,Dept. of Panchayat Raj & Rural Development,Welfare,CSV,OPEN,2025-06-22T09:43:49+0530,d9497b6d-15ac-47a8-8c85-aaf9bbf89fdb
"Governance, Welfare & Citizen Services",Welfare schemes & rural development,Telangana (TGDeX),"Number of Illiterate Persons in Rural Nizamabad District by Gram Panchayat, 2014",Education; Illiteracy; Rural; Gram Panchayat; Census Data,Nizamabad District,Dept. of School Education (SE Wing),Education,CSV,OPEN,2025-06-22T10:09:21+0530,447b8716-58aa-446e-92b1-a2bfe53b46b1
"Governance, Welfare & Citizen Services",Welfare schemes & rural development,Telangana (TGDeX),Social Audit Financial Deviations for Telangana Gram Panchayats,Social Audit; Financial Deviation; Governance; Budget Oversight; Compliance,Telangana,Dept. of Panchayat Raj & Rural Development,Welfare,CSV,OPEN,2025-06-22T09:43:45+0530,baa5a7be-5a0f-4acd-b755-478139bd67e7
"Governance, Welfare & Citizen Services",Welfare schemes & rural development,Telangana (TGDeX),Telangana Gram Panchayat Office Geographic Coordinates,Governance; Panchayat Raj; Rural Development; Geolocation; Public Administration,Telangana,Dept. of Panchayat Raj & Rural Development,Rural Development,CSV,OPEN,2025-06-22T09:43:30+0530,27925ac7-6cfb-4abd-8d1f-76872b765207
"Governance, Welfare & Citizen Services",Welfare schemes & rural development,Telangana (TGDeX),Telangana Mandal-Level Social Audit Metrics for Mahatma Gandhi National Rural Employment Guarantee Scheme,Social Audit; District Metrics; Governance; Performance Indicators; Audit Reporting,Telangana,Dept. of Panchayat Raj & Rural Development,Welfare,CSV,OPEN,2025-06-22T09:44:01+0530,5a3f71aa-9bc0-4987-bb63-ce8e353d4aa3
"Governance, Welfare & Citizen Services",Welfare schemes & rural development,Telangana (TGDeX),Telangana MNREGA Social Audit Entitlements,Social Audit; Entitlements; MGNREGS; Governance; Beneficiary Rights,Telangana,Dept. of Panchayat Raj & Rural Development,Welfare,CSV,OPEN,2025-06-22T09:43:57+0530,aa74bf95-6151-4c6f-a440-a7ea2e191bb5
"Governance, Welfare & Citizen Services",Welfare schemes & rural development,Telangana (TGDeX),Telangana Panchayat Building Permission Applications and Processing Metrics,Governance; Building Permissions; Panchayat Raj; Regulatory Compliance; Land Use,Telangana,Dept. of Panchayat Raj & Rural Development,Construction,CSV,OPEN,2025-06-22T09:45:07+0530,7383fed1-4c32-4362-8f74-ed43d2638d1d
"Governance, Welfare & Citizen Services",Welfare schemes & rural development,Telangana (TGDeX),Telangana Panchayat Raj Layout Permission Records,Governance; Panchayat Raj; Layout Permissions; Land Use; Regulatory Compliance,Telangana,Dept. of Panchayat Raj & Rural Development,Rural Development,CSV,OPEN,2025-06-22T09:44:29+0530,b059f1dd-21ca-47aa-ac8d-79b2cdf6cd53
"Governance, Welfare & Citizen Services",Welfare schemes & rural development,Telangana (TGDeX),Telangana Panchayat Raj Mutation Permission Applications Data,Governance; Panchayat Raj; Land Mutation; Rural Administration; Land Records,Telangana,Dept. of Panchayat Raj & Rural Development,Rural Development,CSV,OPEN,2025-06-22T09:44:13+0530,c4d7bbcf-5ce1-437a-842f-1f30ecfd6cb1
"Governance, Welfare & Citizen Services",Welfare schemes & rural development,Telangana (TGDeX),Telangana Social Audit Details for Mahatma Gandhi National Rural Employment Guarantee Scheme,Social Audit; Program Details; Governance; Public Accountability; Community Monitoring,Telangana,Dept. of Panchayat Raj & Rural Development,Welfare,CSV,OPEN,2025-06-22T09:43:42+0530,f1c55e92-ab7c-45fa-afde-ae52f5a36334
"Governance, Welfare & Citizen Services",Welfare schemes & rural development,Telangana (TGDeX),Telangana Social Audit Expenditure by Gram Panchayat,Social Audit; Expenditure; Financial Oversight; Governance; Public Funds,Telangana,Dept. of Panchayat Raj & Rural Development,Welfare,CSV,OPEN,2025-06-22T09:43:38+0530,135580bb-c6a8-4baa-a57c-4dc134b0e000
"Governance, Welfare & Citizen Services",Welfare schemes & rural development,Telangana (TGDeX),Two Bedroom Housing Allotment and Sanction Data by District in Telangana (2015-2016),Housing; Allotment; Sanctions; Public Housing; Urban Development,Telangana,Dept. of Housing,Construction,CSV,OPEN,2025-06-28T10:54:54+0530,f049eec1-0832-4b2d-8ff7-5fe7d72795a8
"Governance, Welfare & Citizen Services",Welfare schemes & rural development,Urban (IUDX COS),Public Welfare Schemes in Shimla City,welfare scheme; women empowerment schemes; women and child care; public scheme; rehabilitation of women; beti bachao beti padhao; beti hai anmol yojna; yojana,"Shimla, Himachal Pradesh",,,,,2023-02-14T01:32:58+0530,37cab448-2216-4fd3-82b0-174f77d45873
Healthcare & Public Health,Clinical coding & standards,Telangana (TGDeX),International Classification of Diseases Diagnostic Code Repository,Fiber optic network; Telecom; Infrastructure; GeoSpatial,Telangana,Dept. of ITE&C,Telecom,CSV,RESTRICTED,2025-10-28T02:24:52+0530,e01d2e4e-e0b9-490d-9288-64fea2875151
Healthcare & Public Health,Clinical coding & standards,Telangana (TGDeX),International Classification of Diseases Procedure Code Reference,Fiber optic network; Telecom; Infrastructure; GeoSpatial,Telangana,Dept. of ITE&C,Telecom,CSV,RESTRICTED,2025-10-28T02:25:23+0530,d507041d-1ae9-47e4-a920-c8cc5a571e4b
Healthcare & Public Health,Health services & records,Geospatial (DX GeoSpatial),"Healthcare Services in Pimpri Chinchwad, Maharashtra",healthcare; medical services; hospitals; clinics; health centers; community health; urban planning; health access; pimpri chinchwad; maharashtra; health facilities; public health,"Pimpri-Chinchwad, Maharashtra",,,,,2024-12-12T03:26:20+0530,204e6b76-525f-457e-b785-fe415d7f8361
Healthcare & Public Health,Health services & records,Maharashtra (MahaAgX),Design And Development Of Animal Lifting Device,animallifting; device; dairy; technology; healthcare,Maharashtra,Vasantrao Naik Marathwada Krishi Vidyapeeth Parbhani,Agriculture,pdf,RESTRICTED,2026-06-05T15:50:35+0530,ce1173e3-6dd7-4658-9f5c-c03216d13590
Healthcare & Public Health,Health services & records,Telangana (TGDeX),Antenatal Care (ANC) Visit Details Table,ANC Visits; Medical Assessments; Supplement Tracking,Telangana,"Dept. of Health, Medical & Family Welfare",Healthcare,Parquet,OPEN,2025-06-22T08:43:45+0530,03d39fa0-d707-41fd-abf4-a46cfde6e705
Healthcare & Public Health,Health services & records,Telangana (TGDeX),Area of Government Area Hospitals in Telangana,Healthcare Infrastructure; Hospitals; Geospatial; Government Facilities; Infrastructure Planning,Telangana,"Dept. of Health, Medical & Family Welfare",Healthcare,CSV,OPEN,2025-06-27T07:29:10+0530,402f4cb9-df22-4c1c-936e-ef381a690226
Healthcare & Public Health,Health services & records,Telangana (TGDeX),Chest XRay Images,Chest X-ray Imaging; TB Detection; COPD; Lung Cancer Screening; Radiology Dataset,Telangana,"Dept. of Health, Medical & Family Welfare",Healthcare,DICOM,OPEN,2025-06-22T08:43:56+0530,c74f3b11-6106-433d-ae09-f01088ec1fc0
Healthcare & Public Health,Health services & records,Telangana (TGDeX),Child Immunization Details Table,Immunization Records; Vaccine Tracking; Dose History,Telangana,"Dept. of Health, Medical & Family Welfare",Healthcare,tsv,OPEN,2025-06-28T09:46:02+0530,2e4f182e-e063-4a68-843a-2ea6dbbe831a
Healthcare & Public Health,Health services & records,Telangana (TGDeX),Current Stock details table,Inventory Status; Batch Expiry; Stock Availability,Telangana,"Dept. of Health, Medical & Family Welfare",Healthcare,csv,OPEN,2025-06-28T09:42:21+0530,cc2981a9-06ec-498a-a54b-7eb000886c00
Healthcare & Public Health,Health services & records,Telangana (TGDeX),District-level Veterinary Healthcare Infrastructure in Telangana,Veterinary; Healthcare; Infrastructure; Animal Health; Public Health,Telangana,Dept. of Animal Husbandry & Fisheries,Agriculture & Farming,CSV,OPEN,2025-06-22T09:58:13+0530,941965b1-7a53-446f-bea0-a0efd6375418
Healthcare & Public Health,Health services & records,Telangana (TGDeX),Drug Issue Item Details Table,Item Level Issuance; Batch Information; Reconciliation,Telangana,"Dept. of Health, Medical & Family Welfare",Healthcare,csv,OPEN,2025-06-28T09:47:37+0530,ee9791e1-1a68-4c7b-8308-0f51c609f721
Healthcare & Public Health,Health services & records,Telangana (TGDeX),Drug Issue Transaction Details Table,Issuance Records; Approval Status; Financial Tracking,Telangana,"Dept. of Health, Medical & Family Welfare",Healthcare,Parquet,OPEN,2025-06-22T08:44:22+0530,0258639d-420b-46e2-9258-3d42742d88be
Healthcare & Public Health,Health services & records,Telangana (TGDeX),eAushadhi - District Master Table,District Codes; Hospital Zones; Facility Mapping,Telangana,"Dept. of Health, Medical & Family Welfare",Healthcare,Parquet,OPEN,2025-06-22T08:44:27+0530,28253d7c-f01b-433c-8f43-453eb79884f3
Healthcare & Public Health,Health services & records,Telangana (TGDeX),eAushadhi - Store Master Table,Store Directory; Facility Type; Operational Details,Telangana,"Dept. of Health, Medical & Family Welfare",Healthcare,xml,OPEN,2025-06-28T09:41:53+0530,351fe599-6460-4918-ab3d-f68abe53475d
Healthcare & Public Health,Health services & records,Telangana (TGDeX),eAushadhi - Store Type Master Table,Store Categories; Permissions; Workflow Control,Telangana,"Dept. of Health, Medical & Family Welfare",Healthcare,Parquet,OPEN,2025-06-22T08:44:34+0530,e017cb77-63bf-464a-8434-969ef12acd16
Healthcare & Public Health,Health services & records,Telangana (TGDeX),Eligible Couple Registration Table,Couple Registration; Demographic Information; Reproductive Status,Telangana,"Dept. of Health, Medical & Family Welfare",Healthcare,Parquet,OPEN,2025-06-22T08:44:38+0530,cb8e1abd-7304-49bf-b2b9-edaf09cff955
Healthcare & Public Health,Health services & records,Telangana (TGDeX),Eligible Couple Tracking Table,Couple Tracking; Pregnancy Status; Visit History,Telangana,"Dept. of Health, Medical & Family Welfare",Healthcare,Parquet,OPEN,2025-06-22T08:44:43+0530,a7260a9b-1c6e-430c-9674-c0422c462a52
Healthcare & Public Health,Health services & records,Telangana (TGDeX),Family Health Registrar for Village-Level Health Records,Family Registry; Household Data; Health Indicators,Telangana,"Dept. of Health, Medical & Family Welfare",Healthcare,Parquet,OPEN,2025-06-22T08:44:47+0530,6d1aa196-1f01-4a85-83a0-7cb1bfae7248
Healthcare & Public Health,Health services & records,Telangana (TGDeX),Family Member Health Registration Table,Member Records; Biometric Information; Health Status,Telangana,"Dept. of Health, Medical & Family Welfare",Healthcare,Parquet,OPEN,2025-06-22T08:44:53+0530,2655ef7e-45d4-4c35-8f5a-851597972dc6
Healthcare & Public Health,Health services & records,Telangana (TGDeX),GHMC Pet Dog Licence Approvals,Governance; Pet Licensing; Animal Control; Public Health; Regulatory Compliance,Hyderabad,Dept. of Municipal Administration & Urban Development,Public Enterprises,CSV,OPEN,2025-06-22T10:14:16+0530,fc5370a9-fda2-4a67-a287-221d62602714
Healthcare & Public Health,Health services & records,Telangana (TGDeX),"Government Healthcare Facilities and Resources by District in Telangana, 2015-2016",Health; Hospitals; Healthcare Facilities; Infrastructure; Public Health,Telangana,"Dept. of Health, Medical & Family Welfare",Healthcare,CSV,OPEN,2025-06-27T07:28:29+0530,b29254f5-fcdb-4280-bd9c-b27afdaa9591
Healthcare & Public Health,Health services & records,Telangana (TGDeX),Home-Based Newborn and Postnatal Care (HBNC) Tracking Table,HBNC Tracking; Postnatal Visits; Risk Assessment,Telangana,"Dept. of Health, Medical & Family Welfare",Healthcare,Parquet,OPEN,2025-06-22T08:45:05+0530,c45adf67-cd21-4e59-9609-c5805c2427e1
Healthcare & Public Health,Health services & records,Telangana (TGDeX),Home-Based Young Child Care (HBYC) Tracking Table,HBYC Visits; Nutrition Monitoring; Growth Tracking,Telangana,"Dept. of Health, Medical & Family Welfare",Healthcare,Parquet,OPEN,2025-06-22T08:45:10+0530,9d40b414-0783-4dcd-82f5-fa514284c54a
Healthcare & Public Health,Health services & records,Telangana (TGDeX),MCH - Constituency Master Table,Constituency Reference; District Linkage; Status Flag,Telangana,"Dept. of Health, Medical & Family Welfare",Healthcare,Parquet,OPEN,2025-06-22T08:45:14+0530,6df4d20e-4a36-4294-80c8-72abfc5f19e7
Healthcare & Public Health,Health services & records,Telangana (TGDeX),MCH - District Master Table,District Directory; LGD Integration; Administrative Reference,Telangana,"Dept. of Health, Medical & Family Welfare",Healthcare,Parquet,OPEN,2025-06-22T08:45:17+0530,faf5670f-7324-4ca6-a301-ebbab93c9d44
Healthcare & Public Health,Health services & records,Telangana (TGDeX),MCH - Division Master Table,Division Mapping; Subdistrict Units; Activity Status,Telangana,"Dept. of Health, Medical & Family Welfare",Healthcare,Parquet,OPEN,2025-06-22T08:45:21+0530,182e1468-31cb-4e58-ac26-2ffe6dd45548
Healthcare & Public Health,Health services & records,Telangana (TGDeX),MCH - Village Master Table,Village Directory; Mandal Linkage; SHC Mapping,Telangana,"Dept. of Health, Medical & Family Welfare",Healthcare,Parquet,OPEN,2025-06-22T08:45:25+0530,fa3ff8f3-3db3-4202-b80c-2e67f6504229
Healthcare & Public Health,Health services & records,Telangana (TGDeX),Mother and Child Details Table,Birth Outcomes; Child Health; Screening Results,Telangana,"Dept. of Health, Medical & Family Welfare",Healthcare,Parquet,OPEN,2025-06-22T08:45:29+0530,3c346fb8-a66b-4ea9-9a63-7e68eef06c2b
Healthcare & Public Health,Health services & records,Telangana (TGDeX),Mother Delivery Details Table,Delivery Events; Complications; Facility Admissions,Telangana,"Dept. of Health, Medical & Family Welfare",Healthcare,Parquet,OPEN,2025-06-22T08:45:34+0530,6668ace6-3738-483a-9061-dd2aaf23d042
Healthcare & Public Health,Health services & records,Telangana (TGDeX),Mother Pregnancy Details Table,Pregnancy Tracking; Risk Factors; ANC Coverage,Telangana,"Dept. of Health, Medical & Family Welfare",Healthcare,Parquet,OPEN,2025-06-22T08:45:40+0530,76232a79-aaf7-47bd-8975-1dc6af7c982b
Healthcare & Public Health,Health services & records,Telangana (TGDeX),Mother Registration Table,Mother Identifier; Risk Flags; Contact Details,Telangana,"Dept. of Health, Medical & Family Welfare",Healthcare,Parquet,OPEN,2025-06-22T08:45:45+0530,40087baf-ea9d-46e5-8ded-dc78b287112d
Healthcare & Public Health,Health services & records,Telangana (TGDeX),Postpartum Details for First 12 Months After Delivery,Postpartum Tracking; Complication Monitoring; Maternal Outcomes,Telangana,"Dept. of Health, Medical & Family Welfare",Healthcare,Parquet,OPEN,2025-06-22T08:45:50+0530,e8f80d98-1078-426c-b604-aeedaec88ba5
Healthcare & Public Health,Health services & records,Telangana (TGDeX),Purchase Order (PO) Master Table,Purchase Orders; Procurement Metadata; Approval Workflows,Telangana,"Dept. of Health, Medical & Family Welfare",Healthcare,CSV,OPEN,2025-06-22T08:45:54+0530,c174b80a-d622-4af1-ba3c-1d4c74407985
Healthcare & Public Health,Health services & records,Telangana (TGDeX),Purchase Order Item Log Table,PO Amendments; Item Status; Fulfillment Tracking,Telangana,"Dept. of Health, Medical & Family Welfare",Healthcare,CSV,OPEN,2025-06-22T08:45:58+0530,09266e7f-36f6-4e7b-b1f5-99f3d33132b4
Healthcare & Public Health,Health services & records,Telangana (TGDeX),Store-to-Store Transfer Details Table,Transfer Logs; Inventory Redistribution; Transfer Acknowledgement,Telangana,"Dept. of Health, Medical & Family Welfare",Healthcare,Parquet,OPEN,2025-06-22T08:46:03+0530,06ff4948-db0b-4756-b99d-bfb9f9f3f6ad
Healthcare & Public Health,Health services & records,Telangana (TGDeX),Supplier Challan Item Details Table,Batch Delivery; Quality Check; Acceptance Status,Telangana,"Dept. of Health, Medical & Family Welfare",Healthcare,Parquet,OPEN,2025-06-22T08:46:11+0530,d127fe22-6582-402f-8eb2-5271b717549a
Healthcare & Public Health,Health services & records,Telangana (TGDeX),Telangana Anganwadi Enrolment of Pregnant and Lactating Women,Public Health; Anganwadi; Enrollment; Maternal Health; Service Delivery,Telangana,Dept. of Women & Child Development,Welfare,CSV,OPEN,2025-06-22T10:05:41+0530,171e50a4-c3ab-4078-a164-fdedefbf50cf
Healthcare & Public Health,Health services & records,Telangana (TGDeX),Telangana Drug Manufacturing Licenses,Public Health; Pharmaceutical Industry; Drug Manufacturing; Licensing; Regulatory Compliance,Telangana,"Dept. of Health, Medical & Family Welfare",Manufacturing,CSV,OPEN,2025-06-27T07:29:37+0530,78e91405-2ccc-4152-bb4e-b956c02f890c
Healthcare & Public Health,Health services & records,Telangana (TGDeX),Telangana Drug Sales License Records,Public Health; Pharmaceuticals; Drug Licenses; Licensing Data; Health Policy,Telangana,"Dept. of Health, Medical & Family Welfare",Healthcare,CSV,OPEN,2025-06-28T10:30:58+0530,8b8c7b17-cb22-49a7-8749-3ff6bc90c56f
Healthcare & Public Health,Health services & records,Telangana (TGDeX),Telangana Health Department Diagnostics Data,Health; Diagnostics; Medical Tests; Laboratory Data; Public Health,Telangana,"Dept. of Health, Medical & Family Welfare",Healthcare,CSV,OPEN,2025-06-27T07:28:33+0530,c2ab09b7-2a72-4e26-ba2d-766685483735
Healthcare & Public Health,Health services & records,Telangana (TGDeX),Telangana Health Facility Geolocations,Health; Facilities; Public Health Infrastructure; Mapping; Service Coverage,Telangana,"Dept. of Health, Medical & Family Welfare",Healthcare,CSV,OPEN,2025-06-27T07:29:26+0530,67aadd1c-5249-4387-8ed0-b35eaee34e46
Healthcare & Public Health,Health services & records,Telangana (TGDeX),Telangana Mother and Child Health Kit Distribution,Public Health; Maternal Health; Child Health; ICDS; Service Delivery,Telangana,"Dept. of Health, Medical & Family Welfare",Healthcare,CSV,OPEN,2025-06-27T07:29:29+0530,f3b9029b-3040-4125-b690-4b1b5a194483
Healthcare & Public Health,Health services & records,Telangana (TGDeX),Telangana Narcotic Drugs and Psychotropic Substances License Records,Public Health; Narcotics Regulation; Licensing; Regulatory Data; Enforcement,Telangana,"Dept. of Health, Medical & Family Welfare",Healthcare,CSV,OPEN,2025-06-27T07:29:15+0530,46afba0d-93e5-422f-b087-20635418d85f
Healthcare & Public Health,Health services & records,Telangana (TGDeX),Telangana Panchayat Raj and Rural Development Panchayat-wise Birth Registrations,Public Health; Birth Registrations; Panchayat Raj; Vital Statistics; ICDS,Telangana,Dept. of Panchayat Raj & Rural Development,Rural Development,CSV,OPEN,2025-06-22T09:44:44+0530,8b1c7f85-d864-4dae-8f7b-542a8a63f7dd
Healthcare & Public Health,Health services & records,Telangana (TGDeX),Telangana Panchayat-Wise Death Registrations (2014-2025),Public Health; Death Registrations; Panchayat; Mortality Data; Administrative Data,Telangana,Dept. of Panchayat Raj & Rural Development,Rural Development,CSV,OPEN,2025-06-22T09:44:55+0530,7bd3d796-e7a6-4345-bd03-da410599a9bb
Healthcare & Public Health,Health services & records,Telangana (TGDeX),Transfer Item Details Table,Transfer Items; Batch Movement; Stock Audit,Telangana,"Dept. of Health, Medical & Family Welfare",Healthcare,Parquet,OPEN,2025-06-22T08:46:15+0530,359008e7-bb10-49a5-bd5a-4e9b43276ce9
Healthcare & Public Health,Health services & records,Telangana (TGDeX),Transfer Order Item Details Table,Transfer Orders; Item Tracking; Order Status,Telangana,"Dept. of Health, Medical & Family Welfare",Healthcare,Parquet,OPEN,2025-06-22T08:46:19+0530,657f06e9-4f67-45ca-8c6d-6b02a17a046d
Healthcare & Public Health,Health services & records,Urban (IUDX COS),BWSSB Issues reported in Bengaluru City,bwssb; sewerage; water supply; citizen grievances; complaints; registered grievances; grievance status; public grievances; sanitation; drainage; garbage collection; cleanliness; public health; open defecation; stray animals; swm; civic issues; issue reporting,"Bengaluru, Karnataka",,,,,2024-11-14T02:26:03+0530,729378c2-87dc-4a90-8f8e-6dfedbbb6181
Healthcare & Public Health,Health services & records,Urban (IUDX COS),Clinical Information of Covid-19 patients from Covicore platform,medical; healthcare; health; covicore; pkc; covid-19; covid positive; inpatient records; clinical; 2023; pune knowledge cluster; pmc; pune municipal corporation,"Pune, Maharashtra",,,,,2025-02-27T07:49:06+0530,9a868b5c-b461-4085-93c9-68a06f99c9e5
Healthcare & Public Health,Health services & records,Urban (IUDX COS),Issues reported in Ahmedabad City,citizen grievances; complaints; registered grievances; grievance status; public grievances; sanitation; drainage; garbage collection; cleanliness; public health; open defecation; stray animals; swm; civic issues; issue reporting,"Ahmedabad, Gujarat",,,,,2023-06-15T12:53:33+0530,4bf3676e-f080-4934-9a9d-b1a1b1446a36
Healthcare & Public Health,Health services & records,Urban (IUDX COS),Issues reported in Davanagere City,citizen grievances; complaints; registered grievances; grievance status; public grievances; sanitation; drainage; garbage collection; cleanliness; public health; open defecation; stray animals; swm; civic issues; issue reporting,"Davanagere, Karnataka",,,,,2024-04-15T01:29:49+0530,8a05536a-cf72-4c11-9131-6bd2ae7c29d6
Healthcare & Public Health,Health services & records,Urban (IUDX COS),Life Support Capablities of Ambulances in Bengaluru City,life support; emergency vehicle; ambulance; advance life support; basic life support; als; bls; sos; on call; emergency service; patient; hospital; on duty; help; siren,"Bengaluru, Karnataka",,,,,2023-02-17T03:24:45+0530,6c44198c-9c70-495f-89a6-2a069c069ca1
Healthcare & Public Health,Health services & records,Urban (IUDX COS),Mosquito Density Information in Thiruvananthapuram City.,mosquito density; density info; species info; species count; device info; mosquito count,"Thiruvananthapuram, Kerala",,,,,2023-02-14T01:15:08+0530,d8f7476c-8357-4e77-b68a-9b44a8f106fb
Healthcare & Public Health,Health services & records,Urban (IUDX COS),Realtime Info of Ambulances in Chandigarh City.,ambulance; emergency vehicle; license plate; sos; on call; emergency service; patient; hospital; on duty; help; siren; emergency transit; make way; green corridor,Chandigarh,,,,,2023-02-14T09:31:37+0530,01bb1b2a-1dcf-47cb-9f59-5d969956afa9
Healthcare & Public Health,Health services & records,Urban (IUDX COS),Realtime Info of Ambulances in Dehradun City,ambulance; emergency vehicle; license plate; sos; on call; emergency service; patient; hospital; on duty; help; siren; emergency transit; make way; green corridor,"Dehradun, Uttarakhand",,,,SECURE,2024-05-31T02:09:52+0530,48e36238-1414-465e-bb15-983a274fd8ad
Healthcare & Public Health,Health services & records,Urban (IUDX COS),Realtime Info of Ambulances in Kochi City.,ambulance; emergency vehicle; license plate; sos; on call; emergency service; patient; hospital; on duty; help; siren; emergency transit; make way; green corridor; kerala; kochi,"Kochi, Kerala",,,,,2025-03-06T04:57:01+0530,501acde2-607a-4f34-aa37-f5f00801ae61
Healthcare & Public Health,Health services & records,Urban (IUDX COS),Realtime Info of Ambulances in Raipur City.,ambulance; emergency vehicle; license plate; sos; on call; emergency service; patient; hospital; on duty; help; siren; emergency transit; make way; green corridor,"Raipur, Chhattisgarh",,,,,2023-03-27T06:06:02+0530,b9880135-a368-4ade-88f6-0736af967a1a
Healthcare & Public Health,Health services & records,Urban (IUDX COS),Realtime Info of Ambulances in Vadodara City,ambulance; emergency vehicle; license plate; sos; on call; emergency service; patient; hospital; on duty; help; siren; emergency transit; make way; green corridor,Vadodara,,,,,2023-02-17T02:40:18+0530,931e7d23-220f-4498-a67c-93e11d154cb2
Healthcare & Public Health,Health services & records,Urban (IUDX COS),Realtime Location Info of Ambulances in Bengaluru City,ambulance; motor cycle ambulance; bike ambulance; emergency vehicle; license plate; sos; on call; emergency service; patient; hospital; on duty; help; siren; emergency transit; make way; green corridor,Bengaluru,,,,,2023-02-17T03:24:48+0530,c6e27321-b0f3-43c3-9e70-3512b5ed1638
Healthcare & Public Health,Health services & records,Urban (IUDX COS),UPHC Locations in Bengaluru City,healthcare; hospital; clinics; uphc; urban health centre; primary health centre; health centre; hospital locations,Bengaluru,,,,,2024-12-03T08:20:55+0530,9534d739-916b-426b-897b-8b8f504e3183
IT / Application System Metadata,GIS/DB platform system tables,Telangana (TGDeX),Advanced Report Columns Metadata for T-Fiber Network Management,Fiber optic network; Telecom; Infrastructure; GeoSpatial,Telangana,Dept. of ITE&C,Telecom,CSV,RESTRICTED,2025-10-28T03:05:28+0530,b87dd1f4-09df-4fa0-b7b4-af5654c7717a
IT / Application System Metadata,GIS/DB platform system tables,Telangana (TGDeX),Airport Facilities Administrative and Geospatial Registry,Fiber optic network; Telecom; Infrastructure; GeoSpatial,Telangana,Dept. of ITE&C,Telecom,CSV,RESTRICTED,2025-10-28T02:23:19+0530,e09aa83b-2be8-40b5-b8c6-ea94479b6451
IT / Application System Metadata,GIS/DB platform system tables,Telangana (TGDeX),APEX Application Page Group Metadata,Fiber optic network; Telecom; Infrastructure; GeoSpatial,Telangana,Dept. of ITE&C,Telecom,CSV,RESTRICTED,2025-10-30T11:09:48+0530,116285d1-2743-446b-bf5c-ea15edb03467
IT / Application System Metadata,GIS/DB platform system tables,Telangana (TGDeX),APEX Display Group Metadata,Fiber optic network; Telecom; Infrastructure; GeoSpatial,Telangana,Dept. of ITE&C,Telecom,CSV,RESTRICTED,2025-10-28T02:54:33+0530,3826d340-d42f-4347-999c-767b915c3923
IT / Application System Metadata,GIS/DB platform system tables,Telangana (TGDeX),APEX Flow Plugin Attribute Values,Fiber optic network; Telecom; Infrastructure; GeoSpatial,Telangana,Dept. of ITE&C,Telecom,CSV,RESTRICTED,2025-10-28T02:41:02+0530,070b7be1-c1e0-411d-a6d4-9a9219a4912b
IT / Application System Metadata,GIS/DB platform system tables,Telangana (TGDeX),APEX Flow Plugins Metadata,Fiber optic network; Telecom; Infrastructure; GeoSpatial,Telangana,Dept. of ITE&C,Telecom,CSV,RESTRICTED,2025-10-28T02:40:00+0530,59817fa7-918a-4d8c-bad8-3e697f353b09
IT / Application System Metadata,GIS/DB platform system tables,Telangana (TGDeX),APEX Flow Step Processing Definitions,Fiber optic network; Telecom; Infrastructure; GeoSpatial,Telangana,Dept. of ITE&C,Telecom,CSV,RESTRICTED,2025-10-28T02:48:50+0530,a83d0b65-b769-4647-b9e6-9da63a4a74cf
IT / Application System Metadata,GIS/DB platform system tables,Telangana (TGDeX),APEX List-of-Values Configuration Metadata,Fiber optic network; Telecom; Infrastructure; GeoSpatial,Telangana,Dept. of ITE&C,Telecom,CSV,RESTRICTED,2025-10-28T02:33:44+0530,a90bcf4b-11f1-4d2f-818a-54c7ac45e5b5
IT / Application System Metadata,GIS/DB platform system tables,Telangana (TGDeX),APEX Page Engine Properties Metadata,Fiber optic network; Telecom; Infrastructure; GeoSpatial,Telangana,Dept. of ITE&C,Telecom,CSV,RESTRICTED,2025-10-28T02:55:04+0530,501edde9-1754-42d2-a05c-9a60e11338a9
IT / Application System Metadata,GIS/DB platform system tables,Telangana (TGDeX),APEX Page Flow Template Metadata,Fiber optic network; Telecom; Infrastructure; GeoSpatial,Telangana,Dept. of ITE&C,Telecom,CSV,RESTRICTED,2025-10-28T02:49:52+0530,3e8314e4-a205-4c62-9546-ade60ff35b90
IT / Application System Metadata,GIS/DB platform system tables,Telangana (TGDeX),APEX Page Plug Template Configurations,Fiber optic network; Telecom; Infrastructure; GeoSpatial,Telangana,Dept. of ITE&C,Telecom,CSV,RESTRICTED,2025-10-28T02:37:55+0530,856ca623-e4b4-44be-a8d7-47f97a355b30
IT / Application System Metadata,GIS/DB platform system tables,Telangana (TGDeX),APEX View Dictionary Metadata,Fiber optic network; Telecom; Infrastructure; GeoSpatial,Telangana,Dept. of ITE&C,Telecom,CSV,RESTRICTED,2025-10-28T02:29:03+0530,a0209ad9-4127-4f20-acdc-f4cae6a88e55
IT / Application System Metadata,GIS/DB platform system tables,Telangana (TGDeX),APEX Workflow Display Component Configurations,Fiber optic network; Telecom; Infrastructure; GeoSpatial,Telangana,Dept. of ITE&C,Telecom,CSV,RESTRICTED,2025-10-28T02:42:04+0530,b14e2040-be14-427a-98aa-33ab71981963
IT / Application System Metadata,GIS/DB platform system tables,Telangana (TGDeX),APEX Worksheet Report Configuration,Fiber optic network; Telecom; Infrastructure; GeoSpatial,Telangana,Dept. of ITE&C,Telecom,CSV,RESTRICTED,2025-10-28T02:52:59+0530,d7bd995f-4778-4873-9c5e-2f3d5fe35ed4
IT / Application System Metadata,GIS/DB platform system tables,Telangana (TGDeX),Application Express Flow Item Metadata,Fiber optic network; Telecom; Infrastructure; GeoSpatial,Telangana,Dept. of ITE&C,Telecom,CSV,RESTRICTED,2025-10-28T02:30:05+0530,0126773d-dcbe-4f9d-8fc1-b7f4c81245e3
IT / Application System Metadata,GIS/DB platform system tables,Telangana (TGDeX),Application Express Region Column Metadata,Fiber optic network; Telecom; Infrastructure; GeoSpatial,Telangana,Dept. of ITE&C,Telecom,CSV,RESTRICTED,2025-10-28T02:42:36+0530,80407b6c-0341-4497-8484-f520050f09bd
IT / Application System Metadata,GIS/DB platform system tables,Telangana (TGDeX),Application Express Report Column Configuration Metadata,Fiber optic network; Telecom; Infrastructure; GeoSpatial,Telangana,Dept. of ITE&C,Telecom,CSV,RESTRICTED,2025-10-28T02:43:38+0530,90bff7c3-442e-4a8b-ba34-cc1b015d3791
IT / Application System Metadata,GIS/DB platform system tables,Telangana (TGDeX),Application Express Translatable Columns Metadata,Fiber optic network; Telecom; Infrastructure; GeoSpatial,Telangana,Dept. of ITE&C,Telecom,CSV,RESTRICTED,2025-10-28T02:51:26+0530,c105db96-d169-483c-83a3-5930abf6c626
IT / Application System Metadata,GIS/DB platform system tables,Telangana (TGDeX),Application Flow Branch Configuration,Fiber optic network; Telecom; Infrastructure; GeoSpatial,Telangana,Dept. of ITE&C,Telecom,CSV,RESTRICTED,2025-10-28T02:46:14+0530,f09858f8-a75d-42f5-93be-fda029d68339
IT / Application System Metadata,GIS/DB platform system tables,Telangana (TGDeX),Application Flow Step Button Configuration,Fiber optic network; Telecom; Infrastructure; GeoSpatial,Telangana,Dept. of ITE&C,Telecom,CSV,RESTRICTED,2025-10-28T02:46:45+0530,cc2b510c-d6e2-4112-bc7f-d6936e17526d
IT / Application System Metadata,GIS/DB platform system tables,Telangana (TGDeX),Application List-Of-Values Configuration for T-Fiber APEX Flows,Fiber optic network; Telecom; Infrastructure; GeoSpatial,Telangana,Dept. of ITE&C,Telecom,CSV,RESTRICTED,2025-10-28T02:34:46+0530,49f73d2a-1eee-4153-80ac-2493f69218b3
IT / Application System Metadata,GIS/DB platform system tables,Telangana (TGDeX),Application Page Dynamic Action Event Definitions,Fiber optic network; Telecom; Infrastructure; GeoSpatial,Telangana,Dept. of ITE&C,Telecom,CSV,RESTRICTED,2025-10-28T02:36:52+0530,d18d8611-8a75-4537-a38b-e9c7655c6575
IT / Application System Metadata,GIS/DB platform system tables,Telangana (TGDeX),Application Property List-of-Values Metadata,Fiber optic network; Telecom; Infrastructure; GeoSpatial,Telangana,Dept. of ITE&C,Telecom,CSV,RESTRICTED,2025-10-28T02:55:35+0530,872a87f1-350a-41c3-b8a9-bc4bbcd84c14
IT / Application System Metadata,GIS/DB platform system tables,Telangana (TGDeX),Arabic Unicode Code Point Joining Classification,Fiber optic network; Telecom; Infrastructure; GeoSpatial,Telangana,Dept. of ITE&C,Telecom,CSV,RESTRICTED,2025-10-28T07:02:05+0530,2d50388b-a264-4bbc-a32f-a7c2db359ba2
IT / Application System Metadata,GIS/DB platform system tables,Telangana (TGDeX),AutoCAD Layer Mapping Configuration for Fiber Network Design,Fiber optic network; Telecom; Infrastructure; GeoSpatial,Telangana,Dept. of ITE&C,Telecom,CSV,RESTRICTED,2025-10-28T04:08:54+0530,1a7ac67f-9b8f-4514-a12c-3ab2a2ac076f
IT / Application System Metadata,GIS/DB platform system tables,Telangana (TGDeX),Automotive Specifications and Pricing from T-Fiber Asset Registry,Fiber optic network; Telecom; Infrastructure; GeoSpatial,Telangana,Dept. of ITE&C,Telecom,CSV,RESTRICTED,2025-10-28T02:24:21+0530,11c945a6-e2cb-4ceb-8dc3-b53fb1284fd6
IT / Application System Metadata,GIS/DB platform system tables,Telangana (TGDeX),Backup Log of Dialog Events in Geographic Information System,Fiber optic network; Telecom; Infrastructure; GeoSpatial,Telangana,Dept. of ITE&C,Telecom,CSV,RESTRICTED,2025-10-31T02:56:11+0530,d78370db-7dba-48e8-b39a-5c697cf4f0ef
IT / Application System Metadata,GIS/DB platform system tables,Telangana (TGDeX),Building Geometry Change Log for T-Fiber Network,Fiber optic network; Telecom; Infrastructure; GeoSpatial,Telangana,Dept. of ITE&C,Telecom,CSV,RESTRICTED,2025-10-28T03:10:40+0530,52547dd8-4ab6-4b4e-ba97-507d6cabbba0
IT / Application System Metadata,GIS/DB platform system tables,Telangana (TGDeX),Chart Axis Configuration for T-Fiber APEX Dashboards,Fiber optic network; Telecom; Infrastructure; GeoSpatial,Telangana,Dept. of ITE&C,Telecom,CSV,RESTRICTED,2025-10-28T02:30:36+0530,52997c18-22f8-4789-8a03-e6fa306a0c15
IT / Application System Metadata,GIS/DB platform system tables,Telangana (TGDeX),Coordinate Operation Methods Metadata,Fiber optic network; Telecom; Infrastructure; GeoSpatial,Telangana,Dept. of ITE&C,Telecom,CSV,RESTRICTED,2025-10-28T06:04:51+0530,acf5948e-194e-49fe-8d20-a6b879e960c6
IT / Application System Metadata,GIS/DB platform system tables,Telangana (TGDeX),Coordinate Reference Systems Registry,Fiber optic network; Telecom; Infrastructure; GeoSpatial,Telangana,Dept. of ITE&C,Telecom,CSV,RESTRICTED,2025-10-28T06:07:27+0530,3af78fe6-ba1c-4777-963c-bf3d367f5183
IT / Application System Metadata,GIS/DB platform system tables,Telangana (TGDeX),CTXSYS Schema Database Object Directory,Fiber optic network; Telecom; Infrastructure; GeoSpatial,Telangana,Dept. of ITE&C,Telecom,CSV,RESTRICTED,2025-10-28T02:57:40+0530,26f300a2-1cf6-4c32-9674-b233d437bfa2
IT / Application System Metadata,GIS/DB platform system tables,Telangana (TGDeX),Database Table Privilege Assignments,Fiber optic network; Telecom; Infrastructure; GeoSpatial,Telangana,Dept. of ITE&C,Telecom,CSV,RESTRICTED,2025-10-28T03:59:33+0530,26b93870-6a31-4d25-96f1-f0b5c7c0e2bf
IT / Application System Metadata,GIS/DB platform system tables,Telangana (TGDeX),Feature Attribute Metadata for T-Fiber Network,Fiber optic network; Telecom; Infrastructure; GeoSpatial,Telangana,Dept. of ITE&C,Telecom,CSV,RESTRICTED,2025-10-28T06:33:28+0530,59075aaf-d06b-4d9e-838f-8604b25b81f7
IT / Application System Metadata,GIS/DB platform system tables,Telangana (TGDeX),Feature Placement Configuration Metadata for T-Fiber Network,Fiber optic network; Telecom; Infrastructure; GeoSpatial,Telangana,Dept. of ITE&C,Telecom,CSV,RESTRICTED,2025-10-28T04:14:06+0530,20373609-9c2f-45da-92e9-f48a836aa2c7
IT / Application System Metadata,GIS/DB platform system tables,Telangana (TGDeX),Feature Relationship Configuration in T-Fiber GIS,Fiber optic network; Telecom; Infrastructure; GeoSpatial,Telangana,Dept. of ITE&C,Telecom,CSV,RESTRICTED,2025-10-28T04:11:30+0530,d6134222-4a8c-41e6-8a82-edf273988f8a
IT / Application System Metadata,GIS/DB platform system tables,Telangana (TGDeX),Fiber Attribute Metadata for T-Fiber Infrastructure,Fiber optic network; Telecom; Infrastructure; GeoSpatial,Telangana,Dept. of ITE&C,Telecom,CSV,RESTRICTED,2025-10-28T05:08:11+0530,a198f7ea-d448-49be-aaf9-327d11d14aa4
IT / Application System Metadata,GIS/DB platform system tables,Telangana (TGDeX),Fiber Bundle Modification Log,Fiber optic network; Telecom; Infrastructure; GeoSpatial,Telangana,Dept. of ITE&C,Telecom,CSV,RESTRICTED,2025-10-28T05:10:46+0530,4faee695-6065-45bb-a8b8-38d197806769
IT / Application System Metadata,GIS/DB platform system tables,Telangana (TGDeX),Fiber Distribution Plate Position Registry,Fiber optic network; Telecom; Infrastructure; GeoSpatial,Telangana,Dept. of ITE&C,Telecom,CSV,RESTRICTED,2025-10-28T07:09:22+0530,c96eb365-bbde-450b-a53d-4a6a92ce1820
IT / Application System Metadata,GIS/DB platform system tables,Telangana (TGDeX),Fiber Network Attribute Configuration Metadata,Fiber optic network; Telecom; Infrastructure; GeoSpatial,Telangana,Dept. of ITE&C,Telecom,CSV,RESTRICTED,2025-10-28T03:47:05+0530,ec3e9ab7-83d4-446d-8b3b-5e2675c353ec
IT / Application System Metadata,GIS/DB platform system tables,Telangana (TGDeX),Fiber Network Component Configuration Change Log,Fiber optic network; Telecom; Infrastructure; GeoSpatial,Telangana,Dept. of ITE&C,Telecom,CSV,RESTRICTED,2025-10-28T03:51:14+0530,5c0ba097-636d-4b90-bb97-9a8c199d7f64
IT / Application System Metadata,GIS/DB platform system tables,Telangana (TGDeX),Fiber Network Dialog Configuration Metadata,Fiber optic network; Telecom; Infrastructure; GeoSpatial,Telangana,Dept. of ITE&C,Telecom,CSV,RESTRICTED,2025-10-28T04:04:45+0530,f7c7a0ac-58b9-47b1-9961-fa23df8a1247
IT / Application System Metadata,GIS/DB platform system tables,Telangana (TGDeX),Fiber Network GIS Attribute Configuration,Fiber optic network; Telecom; Infrastructure; GeoSpatial,Telangana,Dept. of ITE&C,Telecom,CSV,RESTRICTED,2025-10-28T05:43:01+0530,ef2b4404-385f-4c09-be3a-4bf24db13410
IT / Application System Metadata,GIS/DB platform system tables,Telangana (TGDeX),Fiber Network GIS Legend Entry Definitions,Fiber optic network; Telecom; Infrastructure; GeoSpatial,Telangana,Dept. of ITE&C,Telecom,CSV,RESTRICTED,2025-10-28T07:07:48+0530,4af246d7-9049-4f15-925f-623371d076a7
IT / Application System Metadata,GIS/DB platform system tables,Telangana (TGDeX),Fiber Network GIS Legend Entry Metadata,Fiber optic network; Telecom; Infrastructure; GeoSpatial,Telangana,Dept. of ITE&C,Telecom,CSV,RESTRICTED,2025-10-28T04:29:43+0530,190a42f3-4539-4ecf-b42c-2093cdeb1170
IT / Application System Metadata,GIS/DB platform system tables,Telangana (TGDeX),Fiber Network GIS Point Style Configuration,Fiber optic network; Telecom; Infrastructure; GeoSpatial,Telangana,Dept. of ITE&C,Telecom,CSV,RESTRICTED,2025-10-28T04:51:01+0530,b61f1845-d07e-47bf-8312-746d4c9d5cd8
IT / Application System Metadata,GIS/DB platform system tables,Telangana (TGDeX),Fiber Network Localization Audit Logs,Fiber optic network; Telecom; Infrastructure; GeoSpatial,Telangana,Dept. of ITE&C,Telecom,CSV,RESTRICTED,2025-10-28T04:21:23+0530,6ce8a656-6fe4-47a1-8f1a-42034ac9215e
IT / Application System Metadata,GIS/DB platform system tables,Telangana (TGDeX),Fiber Network Migration Destinations Registry,Fiber optic network; Telecom; Infrastructure; GeoSpatial,Telangana,Dept. of ITE&C,Telecom,CSV,RESTRICTED,2025-10-28T05:26:23+0530,834fc691-f6cd-4c7b-9785-ad53aad43ebd
IT / Application System Metadata,GIS/DB platform system tables,Telangana (TGDeX),Fiber Network Ownership and Geometry Relationship Configuration,Fiber optic network; Telecom; Infrastructure; GeoSpatial,Telangana,Dept. of ITE&C,Telecom,CSV,RESTRICTED,2025-10-28T04:46:51+0530,a7e2d39c-ff89-4cf6-b3c2-1f03585d5aaf
IT / Application System Metadata,GIS/DB platform system tables,Telangana (TGDeX),Fiber Network Simple Query Attribute Metadata,Fiber optic network; Telecom; Infrastructure; GeoSpatial,Telangana,Dept. of ITE&C,Telecom,CSV,RESTRICTED,2025-10-28T04:56:12+0530,21a6ba23-a84f-418f-9bdd-66007a80f5eb
IT / Application System Metadata,GIS/DB platform system tables,Telangana (TGDeX),Fiber Network Switch Spatial Transaction Log,Fiber optic network; Telecom; Infrastructure; GeoSpatial,Telangana,Dept. of ITE&C,Telecom,CSV,RESTRICTED,2025-10-28T05:50:49+0530,b4e7097f-9640-4589-acbe-bce9493423b2
IT / Application System Metadata,GIS/DB platform system tables,Telangana (TGDeX),Fiber Network Symbol Glyph Mapping,Fiber optic network; Telecom; Infrastructure; GeoSpatial,Telangana,Dept. of ITE&C,Telecom,CSV,RESTRICTED,2025-10-28T04:50:29+0530,082efe98-9ae4-42fe-9fb2-6579a32da7fc
IT / Application System Metadata,GIS/DB platform system tables,Telangana (TGDeX),Fiber Optic Coupler Asset Geolocation and Metadata,Fiber optic network; Telecom; Infrastructure; GeoSpatial,Telangana,Dept. of ITE&C,Telecommunications & Networking,csv,RESTRICTED,2025-06-22T10:52:34+0530,f203f418-a9b6-4592-ada3-b6a8c3b380da
IT / Application System Metadata,GIS/DB platform system tables,Telangana (TGDeX),Fiber Optic Network Trace Configuration,Fiber optic network; Telecom; Infrastructure; GeoSpatial,Telangana,Dept. of ITE&C,Telecom,CSV,RESTRICTED,2025-10-28T05:46:08+0530,28b9051d-c992-41f3-81be-5043fe17ac82
IT / Application System Metadata,GIS/DB platform system tables,Telangana (TGDeX),Fiber Optic Placement Configuration Metadata,Fiber optic network; Telecom; Infrastructure; GeoSpatial,Telangana,Dept. of ITE&C,Telecom,CSV,RESTRICTED,2025-10-28T04:49:58+0530,48664ced-10d8-44b4-8928-68ded026f0a8
IT / Application System Metadata,GIS/DB platform system tables,Telangana (TGDeX),Fiber Service Deployment Location Metadata,Fiber optic network; Telecom; Infrastructure; GeoSpatial,Telangana,Dept. of ITE&C,Telecom,CSV,RESTRICTED,2025-10-28T02:25:55+0530,3e859c0a-9ac0-448c-96ce-d98f12f811f5
IT / Application System Metadata,GIS/DB platform system tables,Telangana (TGDeX),Fiber Splice Maintenance and Transaction Log,Fiber optic network; Telecom; Infrastructure; GeoSpatial,Telangana,Dept. of ITE&C,Telecom,CSV,RESTRICTED,2025-10-28T03:17:26+0530,38cc424e-75fe-4252-bd79-a0fbc7e869f8
IT / Application System Metadata,GIS/DB platform system tables,Telangana (TGDeX),Fiber-Optic Network Feature Relationship Metadata,Fiber optic network; Telecom; Infrastructure; GeoSpatial,Telangana,Dept. of ITE&C,Telecom,CSV,RESTRICTED,2025-10-28T04:46:20+0530,cb104799-c1e2-4b5e-8422-256b1dc6d7ba
IT / Application System Metadata,GIS/DB platform system tables,Telangana (TGDeX),G Technology Component Configuration Records,Fiber optic network; Telecom; Infrastructure; GeoSpatial,Telangana,Dept. of ITE&C,Telecom,CSV,RESTRICTED,2025-10-30T01:07:12+0530,9ef1d766-5cac-4e51-81ad-bc357dfce775
IT / Application System Metadata,GIS/DB platform system tables,Telangana (TGDeX),G/Technology Component Configuration Records,Fiber optic network; Telecom; Infrastructure; GeoSpatial,Telangana,Dept. of ITE&C,Telecom,CSV,RESTRICTED,2025-10-31T03:09:26+0530,239e308e-60af-46a8-97ca-c6d35584c057
IT / Application System Metadata,GIS/DB platform system tables,Telangana (TGDeX),G3E Auto-Populate Log for Telangana Fiber Network,Fiber optic network; Telecom; Infrastructure; GeoSpatial,Telangana,Dept. of ITE&C,Telecom,CSV,RESTRICTED,2025-10-28T03:49:09+0530,5404a7d2-4aff-4fc7-ac8c-d2cd4dad1160
IT / Application System Metadata,GIS/DB platform system tables,Telangana (TGDeX),G3E Component View Definitions Metadata,Fiber optic network; Telecom; Infrastructure; GeoSpatial,Telangana,Dept. of ITE&C,Telecom,CSV,RESTRICTED,2025-10-28T03:54:21+0530,143c0859-14ab-4291-8dea-561ef01d8671
IT / Application System Metadata,GIS/DB platform system tables,Telangana (TGDeX),G3E Dialog Configuration Backup,Fiber optic network; Telecom; Infrastructure; GeoSpatial,Telangana,Dept. of ITE&C,Telecom,CSV,RESTRICTED,2025-10-28T04:03:42+0530,d18f603a-b39e-4241-8159-f89f83d8d411
IT / Application System Metadata,GIS/DB platform system tables,Telangana (TGDeX),G3E Feature Attribute Configuration for T-Fiber GIS,Fiber optic network; Telecom; Infrastructure; GeoSpatial,Telangana,Dept. of ITE&C,Telecom,CSV,RESTRICTED,2025-10-28T03:46:02+0530,f44d2e89-40ce-4863-a371-c626da65daed
IT / Application System Metadata,GIS/DB platform system tables,Telangana (TGDeX),G3E General Parameter Configuration Records,Fiber optic network; Telecom; Infrastructure; GeoSpatial,Telangana,Dept. of ITE&C,Telecom,CSV,RESTRICTED,2025-10-28T07:07:17+0530,9a5926f1-a7da-4e9e-8685-f708e78f5fca
IT / Application System Metadata,GIS/DB platform system tables,Telangana (TGDeX),G3E Metadata Key Definitions for T-Fiber GTFIBER Schema,Fiber optic network; Telecom; Infrastructure; GeoSpatial,Telangana,Dept. of ITE&C,Telecom,CSV,RESTRICTED,2025-10-28T04:41:08+0530,3537d7c7-9dec-4444-80f7-aad73242ba47
IT / Application System Metadata,GIS/DB platform system tables,Telangana (TGDeX),G3E Metadata Support Table for T-Fiber Network Database,Fiber optic network; Telecom; Infrastructure; GeoSpatial,Telangana,Dept. of ITE&C,Telecom,CSV,RESTRICTED,2025-10-28T04:41:39+0530,0604d547-63b8-4db0-aaa9-beb9f2370f35
IT / Application System Metadata,GIS/DB platform system tables,Telangana (TGDeX),G3E Simple Query Attribute Metadata,Fiber optic network; Telecom; Infrastructure; GeoSpatial,Telangana,Dept. of ITE&C,Telecom,CSV,RESTRICTED,2025-10-28T04:56:43+0530,80e9c4b9-6429-4ef5-85a5-72d55a06a35b
IT / Application System Metadata,GIS/DB platform system tables,Telangana (TGDeX),G3E Style Definition Records,Fiber optic network; Telecom; Infrastructure; GeoSpatial,Telangana,Dept. of ITE&C,Telecom,CSV,RESTRICTED,2025-10-28T05:00:22+0530,db98f42e-2b56-41cb-b96e-17fe4a09969c
IT / Application System Metadata,GIS/DB platform system tables,Telangana (TGDeX),G3E Table Attribute Metadata,Fiber optic network; Telecom; Infrastructure; GeoSpatial,Telangana,Dept. of ITE&C,Telecom,CSV,RESTRICTED,2025-10-28T05:01:25+0530,37d3d67b-d804-4c61-be47-0ea56fe7647b
IT / Application System Metadata,GIS/DB platform system tables,Telangana (TGDeX),G3E_ATTRIBUTE Metadata for T-Fiber Geodatabase,Fiber optic network; Telecom; Infrastructure; GeoSpatial,Telangana,Dept. of ITE&C,Telecom,CSV,RESTRICTED,2025-10-28T03:45:31+0530,52295616-fb84-449f-b265-ecca2efb6d45
IT / Application System Metadata,GIS/DB platform system tables,Telangana (TGDeX),Gaonet Legend Entry Tile Matrix Operation Table,Fiber optic network; Telecom; Infrastructure; GeoSpatial,Telangana,Dept. of ITE&C,Telecom,CSV,RESTRICTED,2025-10-28T05:06:37+0530,9affb577-e1be-4546-9934-161d783efe5d
IT / Application System Metadata,GIS/DB platform system tables,Telangana (TGDeX),Geodetic Reference Ellipsoids Metadata,Fiber optic network; Telecom; Infrastructure; GeoSpatial,Telangana,Dept. of ITE&C,Telecom,CSV,RESTRICTED,2025-10-28T06:14:13+0530,b0c8ea8c-a6fb-4757-ab0b-cfda15ca923f
IT / Application System Metadata,GIS/DB platform system tables,Telangana (TGDeX),Geographic and Height Spatial Reference Identifier Registry,Fiber optic network; Telecom; Infrastructure; GeoSpatial,Telangana,Dept. of ITE&C,Telecom,CSV,RESTRICTED,2025-10-28T06:12:39+0530,aabf89e9-a332-4afc-b771-14dd0bf032e4
IT / Application System Metadata,GIS/DB platform system tables,Telangana (TGDeX),Geographic Information System to Operations Support System Export Configuration,Fiber optic network; Telecom; Infrastructure; GeoSpatial,Telangana,Dept. of ITE&C,Telecom,CSV,RESTRICTED,2025-10-28T06:01:44+0530,bbd05e7e-c52d-418c-9769-e5d8377e8c20
IT / Application System Metadata,GIS/DB platform system tables,Telangana (TGDeX),Geospatial Analysis Configuration Mapping for Optical Network,Fiber optic network; Telecom; Infrastructure; GeoSpatial,Telangana,Dept. of ITE&C,Telecom,CSV,RESTRICTED,2025-10-28T03:44:29+0530,82d75b9d-6672-4bca-b734-cc2cdcbf3a61
IT / Application System Metadata,GIS/DB platform system tables,Telangana (TGDeX),Geospatial Containment Change Log for Telangana Fiber Network,Fiber optic network; Telecom; Infrastructure; GeoSpatial,Telangana,Dept. of ITE&C,Telecom,CSV,RESTRICTED,2025-10-28T03:12:13+0530,81fa14fa-514c-4c15-9c9e-af9d2085ad71
IT / Application System Metadata,GIS/DB platform system tables,Telangana (TGDeX),Geospatial Coordinate Operations Metadata,Fiber optic network; Telecom; Infrastructure; GeoSpatial,Telangana,Dept. of ITE&C,Telecom,CSV,RESTRICTED,2025-10-28T06:02:15+0530,dd059e04-4408-4eed-9df9-9d5b7fd3dd49
IT / Application System Metadata,GIS/DB platform system tables,Telangana (TGDeX),Geospatial Operation Parameters Metadata,Fiber optic network; Telecom; Infrastructure; GeoSpatial,Telangana,Dept. of ITE&C,Telecom,CSV,RESTRICTED,2025-10-28T06:05:22+0530,0999dd9a-3f3b-4e24-b3da-7b753ba0722d
IT / Application System Metadata,GIS/DB platform system tables,Telangana (TGDeX),Geospatial to SAP Equipment Attribute Mapping with Localization Metadata,Fiber optic network; Telecom; Infrastructure; GeoSpatial,Telangana,Dept. of ITE&C,Telecom,CSV,RESTRICTED,2025-10-28T04:55:41+0530,56807516-9ebc-41ce-97eb-aab46424c60d
IT / Application System Metadata,GIS/DB platform system tables,Telangana (TGDeX),Geospatial XML Schema Registry,Fiber optic network; Telecom; Infrastructure; GeoSpatial,Telangana,Dept. of ITE&C,Telecom,CSV,RESTRICTED,2025-10-28T06:16:19+0530,fab67111-7a6c-4409-b3f8-b8388ba5a2e7
IT / Application System Metadata,GIS/DB platform system tables,Telangana (TGDeX),GIS Dialog Configuration and Localization,Fiber optic network; Telecom; Infrastructure; GeoSpatial,Telangana,Dept. of ITE&C,Telecom,CSV,RESTRICTED,2025-10-28T04:03:11+0530,2de41530-c19b-4c8f-add8-4444216ded4c
IT / Application System Metadata,GIS/DB platform system tables,Telangana (TGDeX),GIS Feature Localization and Attribute Mapping,Fiber optic network; Telecom; Infrastructure; GeoSpatial,Telangana,Dept. of ITE&C,Telecom,CSV,RESTRICTED,2025-10-28T07:06:46+0530,41fbc478-d8d0-4a2d-b4b2-72525ff3f695
IT / Application System Metadata,GIS/DB platform system tables,Telangana (TGDeX),GTFIBER G3E Data Support Access Metadata,Fiber optic network; Telecom; Infrastructure; GeoSpatial,Telangana,Dept. of ITE&C,Telecom,CSV,RESTRICTED,2025-10-28T03:59:02+0530,e618c4ae-1df5-4fa9-bb72-655c34ee8221
IT / Application System Metadata,GIS/DB platform system tables,Telangana (TGDeX),GTFIBER Message Format Type Definitions,Fiber optic network; Telecom; Infrastructure; GeoSpatial,Telangana,Dept. of ITE&C,Telecom,CSV,RESTRICTED,2025-10-28T04:40:06+0530,99d61ccb-c28a-4e4d-b89a-fd000dd8ee0f
IT / Application System Metadata,GIS/DB platform system tables,Telangana (TGDeX),GTFIBER Metadata Key Mappings,Fiber optic network; Telecom; Infrastructure; GeoSpatial,Telangana,Dept. of ITE&C,Telecom,CSV,RESTRICTED,2025-10-28T04:40:37+0530,146d53b4-605c-49a2-a6e0-ca7e774c7d58
IT / Application System Metadata,GIS/DB platform system tables,Telangana (TGDeX),GTFIBER Optimized Table Set Metadata,Fiber optic network; Telecom; Infrastructure; GeoSpatial,Telangana,Dept. of ITE&C,Telecom,CSV,RESTRICTED,2025-10-28T04:45:49+0530,4ce76b17-4d23-4179-a525-2cb418f4130c
IT / Application System Metadata,GIS/DB platform system tables,Telangana (TGDeX),Locale and Language Configuration Metadata,Fiber optic network; Telecom; Infrastructure; GeoSpatial,Telangana,Dept. of ITE&C,Telecom,CSV,RESTRICTED,2025-10-28T02:32:11+0530,a65c512a-355a-4358-907a-5191df3185c5
IT / Application System Metadata,GIS/DB platform system tables,Telangana (TGDeX),LTT Identifiers Registry,Fiber optic network; Telecom; Infrastructure; GeoSpatial,Telangana,Dept. of ITE&C,Telecom,CSV,RESTRICTED,2025-10-28T05:24:49+0530,8cbfb42a-1e64-4a5f-9de1-bc51136ee373
IT / Application System Metadata,GIS/DB platform system tables,Telangana (TGDeX),Measurement Units and Conversion Reference,Fiber optic network; Telecom; Infrastructure; GeoSpatial,Telangana,Dept. of ITE&C,Telecom,CSV,RESTRICTED,2025-10-28T06:04:20+0530,0abf6296-1186-46b5-b12a-2bcac77cd029
IT / Application System Metadata,GIS/DB platform system tables,Telangana (TGDeX),Menu Layout Configuration Backup for Fiber Network Management Application,Fiber optic network; Telecom; Infrastructure; GeoSpatial,Telangana,Dept. of ITE&C,Telecom,CSV,RESTRICTED,2025-10-28T04:39:35+0530,99626a0c-91b0-4507-8f8c-cf51d8be4f85
IT / Application System Metadata,GIS/DB platform system tables,Telangana (TGDeX),Metadata of Historical Feature Export Queries,Fiber optic network; Telecom; Infrastructure; GeoSpatial,Telangana,Dept. of ITE&C,Telecom,CSV,RESTRICTED,2025-10-28T05:21:10+0530,d18bb960-0df8-4e65-8462-4ddc8ca6a6b1
IT / Application System Metadata,GIS/DB platform system tables,Telangana (TGDeX),Network Component Audit Configuration,Fiber optic network; Telecom; Infrastructure; GeoSpatial,Telangana,Dept. of ITE&C,Telecom,CSV,RESTRICTED,2025-10-28T05:47:41+0530,d738e0f1-c26d-4176-b959-3bcc2c88d251
IT / Application System Metadata,GIS/DB platform system tables,Telangana (TGDeX),Network Gateway Operational Logs,Fiber optic network; Telecom; Infrastructure; GeoSpatial,Telangana,Dept. of ITE&C,Telecom,CSV,RESTRICTED,2025-10-28T05:28:27+0530,86a16c4c-d043-4b2a-a824-732d8eac9556
IT / Application System Metadata,GIS/DB platform system tables,Telangana (TGDeX),Numeric Sequence Dataset,Fiber optic network; Telecom; Infrastructure; GeoSpatial,Telangana,Dept. of ITE&C,Telecom,CSV,RESTRICTED,2025-10-28T02:58:42+0530,417cbaf9-e578-4e7f-9a94-a88f0e92e6aa
IT / Application System Metadata,GIS/DB platform system tables,Telangana (TGDeX),Object Attribute Metadata for T-Fiber Database,Fiber optic network; Telecom; Infrastructure; GeoSpatial,Telangana,Dept. of ITE&C,Telecom,CSV,RESTRICTED,2025-10-30T11:10:19+0530,ae71c6dc-0aec-4c52-9856-e6a9ac102367
IT / Application System Metadata,GIS/DB platform system tables,Telangana (TGDeX),Operational Catalog Copy Values Log,Fiber optic network; Telecom; Infrastructure; GeoSpatial,Telangana,Dept. of ITE&C,Telecom,CSV,RESTRICTED,2025-10-28T03:50:12+0530,7f4bbed7-1b94-41cc-b9e8-b58f5f67818f
IT / Application System Metadata,GIS/DB platform system tables,Telangana (TGDeX),Operations Support to Geographic Information System Synchronization Log,Fiber optic network; Telecom; Infrastructure; GeoSpatial,Telangana,Dept. of ITE&C,Telecom,CSV,RESTRICTED,2025-10-28T06:55:49+0530,70bac936-4c6c-41db-bd14-fe43f5ab84e1
IT / Application System Metadata,GIS/DB platform system tables,Telangana (TGDeX),Optical Fiber Cable Cross-Section Imaging and Metadata,Fiber optic network; Telecom; Infrastructure; GeoSpatial,Telangana,Dept. of ITE&C,Telecom,CSV,RESTRICTED,2025-10-29T12:58:54+0530,e5e40609-f3ed-4451-8719-fe06babc84f5
IT / Application System Metadata,GIS/DB platform system tables,Telangana (TGDeX),Optical Fiber Splitter Inventory and Configuration,Fiber optic network; Telecom; Infrastructure; GeoSpatial,Telangana,Dept. of ITE&C,Telecom,CSV,RESTRICTED,2025-10-28T06:59:59+0530,48f4e248-9706-45a2-8ef1-32960a2641bf
IT / Application System Metadata,GIS/DB platform system tables,Telangana (TGDeX),Optimized Table Sets Metadata for Fiber Network Management,Fiber optic network; Telecom; Infrastructure; GeoSpatial,Telangana,Dept. of ITE&C,Telecom,CSV,RESTRICTED,2025-10-28T04:45:17+0530,e4d631f2-7d6b-425d-b680-969c8d02fb8b
IT / Application System Metadata,GIS/DB platform system tables,Telangana (TGDeX),Oracle Apex Jet Chart Series Configuration,Fiber optic network; Telecom; Infrastructure; GeoSpatial,Telangana,Dept. of ITE&C,Telecom,CSV,RESTRICTED,2025-10-28T02:31:39+0530,4ad76627-4267-4ad7-bf2a-3b1fae5fa327
IT / Application System Metadata,GIS/DB platform system tables,Telangana (TGDeX),Oracle APEX Schema Definition and Comment Records,Fiber optic network; Telecom; Infrastructure; GeoSpatial,Telangana,Dept. of ITE&C,Telecom,CSV,RESTRICTED,2025-10-28T02:56:38+0530,d8d7d303-2bb5-4a87-b9cc-9db73503c0b0
IT / Application System Metadata,GIS/DB platform system tables,Telangana (TGDeX),Oracle Application Express Component Property Metadata,Fiber optic network; Telecom; Infrastructure; GeoSpatial,Telangana,Dept. of ITE&C,Telecom,CSV,RESTRICTED,2025-10-28T02:53:31+0530,e799624a-4389-49a9-8f91-e4d5855bcc1d
IT / Application System Metadata,GIS/DB platform system tables,Telangana (TGDeX),Oracle Application Express Flow Authorization Schemes,Fiber optic network; Telecom; Infrastructure; GeoSpatial,Telangana,Dept. of ITE&C,Telecom,CSV,RESTRICTED,2025-10-28T02:44:40+0530,768321f3-8255-4fb0-b45b-3bb93b8e9525
IT / Application System Metadata,GIS/DB platform system tables,Telangana (TGDeX),Oracle Application Express Flow Item Help Entries,Fiber optic network; Telecom; Infrastructure; GeoSpatial,Telangana,Dept. of ITE&C,Telecom,CSV,RESTRICTED,2025-10-28T02:48:19+0530,b3911f3f-7a42-4df7-859b-80e571d77692
IT / Application System Metadata,GIS/DB platform system tables,Telangana (TGDeX),Oracle Application Express Flow Step Computations Metadata,Fiber optic network; Telecom; Infrastructure; GeoSpatial,Telangana,Dept. of ITE&C,Telecom,CSV,RESTRICTED,2025-10-28T02:47:16+0530,82ffdd9a-6021-4018-bf7e-c472adbd8ecf
IT / Application System Metadata,GIS/DB platform system tables,Telangana (TGDeX),Oracle Application Express Row Template Configuration,Fiber optic network; Telecom; Infrastructure; GeoSpatial,Telangana,Dept. of ITE&C,Telecom,CSV,RESTRICTED,2025-10-28T02:44:09+0530,3865c8d2-63d4-4765-8918-cae5b44b6c25
IT / Application System Metadata,GIS/DB platform system tables,Telangana (TGDeX),Oracle Application Express Worksheet Configuration Metadata,Fiber optic network; Telecom; Infrastructure; GeoSpatial,Telangana,Dept. of ITE&C,Telecom,CSV,RESTRICTED,2025-10-28T02:51:57+0530,a1146492-32e0-4a02-b210-918572269bb3
IT / Application System Metadata,GIS/DB platform system tables,Telangana (TGDeX),Oracle Spatial Coordinate Reference Systems,Fiber optic network; Telecom; Infrastructure; GeoSpatial,Telangana,Dept. of ITE&C,Telecom,CSV,RESTRICTED,2025-10-28T06:11:37+0530,5b01b70a-05be-4974-a2ae-ff2f7335e314
IT / Application System Metadata,GIS/DB platform system tables,Telangana (TGDeX),Oracle Spatial R-tree Index Metadata,Fiber optic network; Telecom; Infrastructure; GeoSpatial,Telangana,Dept. of ITE&C,Telecom,CSV,RESTRICTED,2025-10-28T06:15:16+0530,e68f60a6-8f77-4f21-9e90-3fd18eb5decf
IT / Application System Metadata,GIS/DB platform system tables,Telangana (TGDeX),Page Template Display Point Configurations,Fiber optic network; Telecom; Infrastructure; GeoSpatial,Telangana,Dept. of ITE&C,Telecom,CSV,RESTRICTED,2025-10-28T02:38:26+0530,bb2805b1-fd22-4ec0-b0a6-4628c11b6723
IT / Application System Metadata,GIS/DB platform system tables,Telangana (TGDeX),PDF Font Glyph Width Metrics,Fiber optic network; Telecom; Infrastructure; GeoSpatial,Telangana,Dept. of ITE&C,Telecom,CSV,RESTRICTED,2025-10-28T02:38:58+0530,40c2b67e-3374-46be-bbc2-f8ed7ada7c4e
IT / Application System Metadata,GIS/DB platform system tables,Telangana (TGDeX),Picklist Optional Language Configuration,Fiber optic network; Telecom; Infrastructure; GeoSpatial,Telangana,Dept. of ITE&C,Telecom,CSV,RESTRICTED,2025-10-28T04:48:25+0530,16e654e8-fbd9-4697-b7ac-c797e3e09078
IT / Application System Metadata,GIS/DB platform system tables,Telangana (TGDeX),Plugin Attribute Metadata for APEX Workflows,Fiber optic network; Telecom; Infrastructure; GeoSpatial,Telangana,Dept. of ITE&C,Telecom,CSV,RESTRICTED,2025-10-28T02:40:31+0530,a3f0796b-7733-4ab0-914c-07c705f5f081
IT / Application System Metadata,GIS/DB platform system tables,Telangana (TGDeX),Relational Interface Argument Records,Fiber optic network; Telecom; Infrastructure; GeoSpatial,Telangana,Dept. of ITE&C,Telecom,CSV,RESTRICTED,2025-10-28T04:51:32+0530,06bf51ba-9a82-4d72-a16e-16f64cae186a
IT / Application System Metadata,GIS/DB platform system tables,Telangana (TGDeX),Sample Database Seeding Scripts Repository,Fiber optic network; Telecom; Infrastructure; GeoSpatial,Telangana,Dept. of ITE&C,Telecom,CSV,RESTRICTED,2025-10-28T02:57:09+0530,4507ebea-cb73-442a-afe1-7fad775755ee
IT / Application System Metadata,GIS/DB platform system tables,Telangana (TGDeX),SGTech Task Queue Records,Fiber optic network; Telecom; Infrastructure; GeoSpatial,Telangana,Dept. of ITE&C,Telecom,CSV,RESTRICTED,2025-10-28T05:42:30+0530,4e30c8c2-a4f8-4947-b7bb-76c073c9deae
IT / Application System Metadata,GIS/DB platform system tables,Telangana (TGDeX),Simple Query Attribute Metadata for Fiber Optic Service Platform,Fiber optic network; Telecom; Infrastructure; GeoSpatial,Telangana,Dept. of ITE&C,Telecom,CSV,RESTRICTED,2025-10-28T04:57:14+0530,55151960-d923-44ca-8f9f-d7ca0a99b046
IT / Application System Metadata,GIS/DB platform system tables,Telangana (TGDeX),Snapshot of Geodetic Datum Transformation Parameters,Fiber optic network; Telecom; Infrastructure; GeoSpatial,Telangana,Dept. of ITE&C,Telecom,CSV,RESTRICTED,2025-10-28T06:13:42+0530,d2994657-b375-4365-9397-9906ed22c0fd
IT / Application System Metadata,GIS/DB platform system tables,Telangana (TGDeX),Spatial Coordinate Operation Methods Metadata,Fiber optic network; Telecom; Infrastructure; GeoSpatial,Telangana,Dept. of ITE&C,Telecom,CSV,RESTRICTED,2025-10-28T06:09:32+0530,d72b50b4-5170-4107-b20c-752ea3ff23a5
IT / Application System Metadata,GIS/DB platform system tables,Telangana (TGDeX),Spatial Coordinate Operation Parameters Registry,Fiber optic network; Telecom; Infrastructure; GeoSpatial,Telangana,Dept. of ITE&C,Telecom,CSV,RESTRICTED,2025-10-28T06:10:03+0530,9a8488cf-d755-4257-8331-3017a03b1808
IT / Application System Metadata,GIS/DB platform system tables,Telangana (TGDeX),Spatial Coordinate Operations Registry,Fiber optic network; Telecom; Infrastructure; GeoSpatial,Telangana,Dept. of ITE&C,Telecom,CSV,RESTRICTED,2025-10-28T06:09:01+0530,966aa92b-e3e8-4324-8dea-8136255e8ae1
IT / Application System Metadata,GIS/DB platform system tables,Telangana (TGDeX),Spatial Coordinate Reference System Registry,Fiber optic network; Telecom; Infrastructure; GeoSpatial,Telangana,Dept. of ITE&C,Telecom,CSV,RESTRICTED,2025-10-28T06:06:56+0530,020a412c-f03b-48eb-9d09-48abe0482e66
IT / Application System Metadata,GIS/DB platform system tables,Telangana (TGDeX),Spatial Coordinate System Reference Table,Fiber optic network; Telecom; Infrastructure; GeoSpatial,Telangana,Dept. of ITE&C,Telecom,CSV,RESTRICTED,2025-10-28T06:02:46+0530,9f0b5f82-01b4-4c7c-a5c2-9073bdb71402
IT / Application System Metadata,GIS/DB platform system tables,Telangana (TGDeX),Spatial Metadata Registry for Fiber Network GIS,Fiber optic network; Telecom; Infrastructure; GeoSpatial,Telangana,Dept. of ITE&C,Telecom,CSV,RESTRICTED,2025-10-28T06:14:44+0530,c78c4ab2-76d2-4238-b4da-a162500e2458
IT / Application System Metadata,GIS/DB platform system tables,Telangana (TGDeX),Synthetic User Profiles with Randomized Text and Metadata,Fiber optic network; Telecom; Infrastructure; GeoSpatial,Telangana,Dept. of ITE&C,Telecom,CSV,RESTRICTED,2025-10-28T02:56:07+0530,c29ab1cf-304f-46b7-b5a4-6d1ac5f5317c
IT / Application System Metadata,GIS/DB platform system tables,Telangana (TGDeX),T-Fiber Administrative Script Execution Log,Fiber optic network; Telecom; Infrastructure; GeoSpatial,Telangana,Dept. of ITE&C,Telecom,CSV,RESTRICTED,2025-10-28T03:04:56+0530,26ef5e84-d5a1-42b7-abc9-d19a02f008e9
IT / Application System Metadata,GIS/DB platform system tables,Telangana (TGDeX),T-Fiber APEX Interactive Grid Report Column Configuration,Fiber optic network; Telecom; Infrastructure; GeoSpatial,Telangana,Dept. of ITE&C,Telecom,CSV,RESTRICTED,2025-10-28T02:29:34+0530,d0cd6c40-9443-4dc7-b452-5e251cfebf53
IT / Application System Metadata,GIS/DB platform system tables,Telangana (TGDeX),T-Fiber APEX Metadata Column Catalog,Fiber optic network; Telecom; Infrastructure; GeoSpatial,Telangana,Dept. of ITE&C,Telecom,CSV,RESTRICTED,2025-10-28T02:28:00+0530,effc50bb-0fcf-4713-824c-490e61c5713c
IT / Application System Metadata,GIS/DB platform system tables,Telangana (TGDeX),T-Fiber APEX Page Plug Configuration,Fiber optic network; Telecom; Infrastructure; GeoSpatial,Telangana,Dept. of ITE&C,Telecom,CSV,RESTRICTED,2025-10-28T02:37:24+0530,42a0bcf7-02bc-4702-8c4a-8e660d5f9a19
IT / Application System Metadata,GIS/DB platform system tables,Telangana (TGDeX),T-Fiber Apex User Interface Template Option Groups,Fiber optic network; Telecom; Infrastructure; GeoSpatial,Telangana,Dept. of ITE&C,Telecom,CSV,RESTRICTED,2025-10-28T02:50:55+0530,b2928a4c-d79e-46ca-a2b1-2cd688d63bd1
IT / Application System Metadata,GIS/DB platform system tables,Telangana (TGDeX),T-Fiber APEX Workflow Step Configurations,Fiber optic network; Telecom; Infrastructure; GeoSpatial,Telangana,Dept. of ITE&C,Telecom,CSV,RESTRICTED,2025-10-28T02:45:43+0530,0073d3a3-2204-4665-9db6-f0bb09fd9f48
IT / Application System Metadata,GIS/DB platform system tables,Telangana (TGDeX),T-Fiber Application Express Button Template Repository,Fiber optic network; Telecom; Infrastructure; GeoSpatial,Telangana,Dept. of ITE&C,Telecom,CSV,RESTRICTED,2025-10-28T02:28:31+0530,b3e7e442-3b46-45a4-ab92-5bcb532bd72a
IT / Application System Metadata,GIS/DB platform system tables,Telangana (TGDeX),T-Fiber Application Express Component Type Definitions,Fiber optic network; Telecom; Infrastructure; GeoSpatial,Telangana,Dept. of ITE&C,Telecom,CSV,RESTRICTED,2025-10-28T02:54:02+0530,f4a7da02-2ab4-45b0-9da0-9c2c4039bf4a
IT / Application System Metadata,GIS/DB platform system tables,Telangana (TGDeX),T-Fiber Application Express Flow Template Options,Fiber optic network; Telecom; Infrastructure; GeoSpatial,Telangana,Dept. of ITE&C,Telecom,CSV,RESTRICTED,2025-10-28T02:50:23+0530,1d8dc486-2da8-49bc-84be-805a3ce79b08
IT / Application System Metadata,GIS/DB platform system tables,Telangana (TGDeX),T-Fiber Attribute Definition Registry,Fiber optic network; Telecom; Infrastructure; GeoSpatial,Telangana,Dept. of ITE&C,Telecom,CSV,RESTRICTED,2025-10-28T03:48:07+0530,e770dbce-2207-4d6b-991f-80216e570057
IT / Application System Metadata,GIS/DB platform system tables,Telangana (TGDeX),T-Fiber Attribute Mapping Schema Metadata,Fiber optic network; Telecom; Infrastructure; GeoSpatial,Telangana,Dept. of ITE&C,Telecom,CSV,RESTRICTED,2025-10-28T06:29:18+0530,2a8a17ea-7976-418b-ace0-4ba59eb158ce
IT / Application System Metadata,GIS/DB platform system tables,Telangana (TGDeX),T-Fiber Attribute Properties Metadata,Fiber optic network; Telecom; Infrastructure; GeoSpatial,Telangana,Dept. of ITE&C,Telecom,CSV,RESTRICTED,2025-10-28T03:02:52+0530,048be63b-2230-4ffb-ae2f-43ea8726df9b
IT / Application System Metadata,GIS/DB platform system tables,Telangana (TGDeX),T-Fiber Auto-Population Audit Records,Fiber optic network; Telecom; Infrastructure; GeoSpatial,Telangana,Dept. of ITE&C,Telecom,CSV,RESTRICTED,2025-10-28T03:48:38+0530,b8125c01-8d63-4ac9-8177-9d7261656c73
IT / Application System Metadata,GIS/DB platform system tables,Telangana (TGDeX),T-Fiber Auxiliary Infrastructure Asset Registry,Fiber optic network; Telecom; Infrastructure; GeoSpatial,Telangana,Dept. of ITE&C,Telecom,CSV,RESTRICTED,2025-10-28T07:06:15+0530,f296f630-f5fa-485f-9993-968b196c3f30
IT / Application System Metadata,GIS/DB platform system tables,Telangana (TGDeX),T-Fiber Chainage Point Geometry Transaction Log,Fiber optic network; Telecom; Infrastructure; GeoSpatial,Telangana,Dept. of ITE&C,Telecom,CSV,RESTRICTED,2025-10-28T03:05:59+0530,dc0c5452-3c22-4268-a377-97889c977295
IT / Application System Metadata,GIS/DB platform system tables,Telangana (TGDeX),T-Fiber Command Localization and Permission Configuration,Fiber optic network; Telecom; Infrastructure; GeoSpatial,Telangana,Dept. of ITE&C,Telecom,CSV,RESTRICTED,2025-10-28T03:50:43+0530,9d97654f-e093-4f13-a2ad-ce47e3e38772
IT / Application System Metadata,GIS/DB platform system tables,Telangana (TGDeX),T-Fiber Component Configuration Audit Log,Fiber optic network; Telecom; Infrastructure; GeoSpatial,Telangana,Dept. of ITE&C,Telecom,CSV,RESTRICTED,2025-10-28T03:51:46+0530,eb4b2eb8-aaa9-4126-b6a2-0708031b7412
IT / Application System Metadata,GIS/DB platform system tables,Telangana (TGDeX),T-Fiber Component View Composition Metadata,Fiber optic network; Telecom; Infrastructure; GeoSpatial,Telangana,Dept. of ITE&C,Telecom,CSV,RESTRICTED,2025-10-28T03:53:50+0530,825d8d64-1829-45c5-a36d-dee863267ee2
IT / Application System Metadata,GIS/DB platform system tables,Telangana (TGDeX),T-Fiber Component-View Mapping Metadata,Fiber optic network; Telecom; Infrastructure; GeoSpatial,Telangana,Dept. of ITE&C,Telecom,CSV,RESTRICTED,2025-10-28T03:56:26+0530,18fa0df7-3f95-408a-869d-e927b4faf2b3
IT / Application System Metadata,GIS/DB platform system tables,Telangana (TGDeX),T-Fiber Device Port Configuration,Fiber optic network; Telecom; Infrastructure; GeoSpatial,Telangana,Dept. of ITE&C,Telecom,CSV,RESTRICTED,2025-10-28T05:07:08+0530,6345d1c1-af1e-4854-a9cc-9fd29f7cda07
IT / Application System Metadata,GIS/DB platform system tables,Telangana (TGDeX),T-Fiber Dialog Attribute Configuration Metadata,Fiber optic network; Telecom; Infrastructure; GeoSpatial,Telangana,Dept. of ITE&C,Telecom,CSV,RESTRICTED,2025-10-28T04:02:09+0530,a99b0e4c-be5f-45b0-bfd6-6b8a959891e6
IT / Application System Metadata,GIS/DB platform system tables,Telangana (TGDeX),T-Fiber Feature Attribute Metadata,Fiber optic network; Telecom; Infrastructure; GeoSpatial,Telangana,Dept. of ITE&C,Telecom,CSV,RESTRICTED,2025-10-28T03:46:33+0530,c518455e-26a0-451c-b2ad-723c5949e4b0
IT / Application System Metadata,GIS/DB platform system tables,Telangana (TGDeX),T-Fiber Feature Attribute Metadata Catalog,Fiber optic network; Telecom; Infrastructure; GeoSpatial,Telangana,Dept. of ITE&C,Telecom,CSV,RESTRICTED,2025-10-28T06:32:26+0530,97f2c8ae-8475-4f1a-84eb-580776296bae
IT / Application System Metadata,GIS/DB platform system tables,Telangana (TGDeX),T-Fiber Feature Component Configuration Model,Fiber optic network; Telecom; Infrastructure; GeoSpatial,Telangana,Dept. of ITE&C,Telecom,CSV,RESTRICTED,2025-10-28T04:13:04+0530,85c9f3de-47b2-43eb-ae3a-5fd05add9456
IT / Application System Metadata,GIS/DB platform system tables,Telangana (TGDeX),T-Fiber Feature Information Attributes Metadata,Fiber optic network; Telecom; Infrastructure; GeoSpatial,Telangana,Dept. of ITE&C,Telecom,CSV,RESTRICTED,2025-10-28T06:31:54+0530,2f696d21-13f2-4c89-9528-d8abbf8a01b3
IT / Application System Metadata,GIS/DB platform system tables,Telangana (TGDeX),T-Fiber Fiber Attribute Localization Metadata,Fiber optic network; Telecom; Infrastructure; GeoSpatial,Telangana,Dept. of ITE&C,Telecom,CSV,RESTRICTED,2025-10-28T05:08:42+0530,040b81d1-6eef-44fe-8dcc-3c3182af3417
IT / Application System Metadata,GIS/DB platform system tables,Telangana (TGDeX),T-Fiber Fiber Attribute Metadata,Fiber optic network; Telecom; Infrastructure; GeoSpatial,Telangana,Dept. of ITE&C,Telecom,CSV,RESTRICTED,2025-10-28T05:09:44+0530,0e768fca-fe3e-434d-bd94-2a0328b6dce3
IT / Application System Metadata,GIS/DB platform system tables,Telangana (TGDeX),T-Fiber Fiber Bundle Configuration Records,Fiber optic network; Telecom; Infrastructure; GeoSpatial,Telangana,Dept. of ITE&C,Telecom,CSV,RESTRICTED,2025-10-28T05:10:15+0530,6ead2887-f96a-4241-be0c-cd776a1c54ba
IT / Application System Metadata,GIS/DB platform system tables,Telangana (TGDeX),T-Fiber Fiber Network Attribute Metadata,Fiber optic network; Telecom; Infrastructure; GeoSpatial,Telangana,Dept. of ITE&C,Telecom,CSV,RESTRICTED,2025-10-28T05:09:13+0530,b5d3af5c-a3d7-434c-a336-ac8548af38ed
IT / Application System Metadata,GIS/DB platform system tables,Telangana (TGDeX),T-Fiber Fiber Network GIS Legend Configuration,Fiber optic network; Telecom; Infrastructure; GeoSpatial,Telangana,Dept. of ITE&C,Telecom,CSV,RESTRICTED,2025-10-28T04:20:52+0530,10ea60e3-36d1-4e51-ada7-21b2ec1856e7
IT / Application System Metadata,GIS/DB platform system tables,Telangana (TGDeX),T-Fiber Fiber Optic Coupler Geometry and Lifecycle Metadata,Fiber optic network; Telecom; Infrastructure; GeoSpatial,Telangana,Dept. of ITE&C,Telecommunications & Networking,csv,RESTRICTED,2025-06-22T10:51:58+0530,0c823723-bdc3-4ee0-85da-501953296f2a
IT / Application System Metadata,GIS/DB platform system tables,Telangana (TGDeX),T-Fiber Fiber Optic Segment Change Log,Fiber optic network; Telecom; Infrastructure; GeoSpatial,Telangana,Dept. of ITE&C,Telecom,CSV,RESTRICTED,2025-10-28T05:48:44+0530,c77797ec-f1cf-4c52-bec9-2691c8239282
IT / Application System Metadata,GIS/DB platform system tables,Telangana (TGDeX),T-Fiber Fiber Port Group Registry,Fiber optic network; Telecom; Infrastructure; GeoSpatial,Telangana,Dept. of ITE&C,Telecom,CSV,RESTRICTED,2025-10-28T05:19:05+0530,1fcbbdba-9636-48d9-a98b-62e9ec4de57f
IT / Application System Metadata,GIS/DB platform system tables,Telangana (TGDeX),T-Fiber Fiber Port Modification Log,Fiber optic network; Telecom; Infrastructure; GeoSpatial,Telangana,Dept. of ITE&C,Telecommunications & Networking,csv,RESTRICTED,2025-06-22T10:46:19+0530,6c0f6fa4-a97e-4e4c-afe8-a5452f2eb6ad
IT / Application System Metadata,GIS/DB platform system tables,Telangana (TGDeX),T-Fiber Fiber Splice Change Log,Fiber optic network; Telecom; Infrastructure; GeoSpatial,Telangana,Dept. of ITE&C,Telecom,CSV,RESTRICTED,2025-10-30T11:10:51+0530,d1e6441c-fcf6-4acb-ad40-00831f96c7fe
IT / Application System Metadata,GIS/DB platform system tables,Telangana (TGDeX),T-Fiber Fiber Splice Change Transaction Log,Fiber optic network; Telecom; Infrastructure; GeoSpatial,Telangana,Dept. of ITE&C,Telecom,CSV,RESTRICTED,2025-10-28T03:17:57+0530,7bb0d7d4-da72-4863-b092-bf7159faf25f
IT / Application System Metadata,GIS/DB platform system tables,Telangana (TGDeX),T-Fiber Fiber Strand Configuration,Fiber optic network; Telecom; Infrastructure; GeoSpatial,Telangana,Dept. of ITE&C,Telecom,CSV,RESTRICTED,2025-10-28T05:19:36+0530,669cbcec-f743-4362-ac57-79857e2c89ff
IT / Application System Metadata,GIS/DB platform system tables,Telangana (TGDeX),T-Fiber Fiber-Optic Bundle Metadata,Fiber optic network; Telecom; Infrastructure; GeoSpatial,Telangana,Dept. of ITE&C,Telecom,CSV,RESTRICTED,2025-10-28T07:08:51+0530,00caa0e6-2c15-46d6-8c29-bc23a56ce83d
IT / Application System Metadata,GIS/DB platform system tables,Telangana (TGDeX),T-Fiber Fiber-Optic Cable Segment Geometry and Metadata,Fiber optic network; Telecom; Infrastructure; GeoSpatial,Telangana,Dept. of ITE&C,Telecommunications & Networking,csv,RESTRICTED,2025-06-22T10:47:28+0530,5cfc1240-371f-48b4-bbfe-17dc3049bb1c
IT / Application System Metadata,GIS/DB platform system tables,Telangana (TGDeX),T-Fiber Fiber-Optic Device Registry,Fiber optic network; Telecom; Infrastructure; GeoSpatial,Telangana,Dept. of ITE&C,Telecom,CSV,RESTRICTED,2025-10-28T05:11:49+0530,8371416f-6778-4126-8828-614e5823484b
IT / Application System Metadata,GIS/DB platform system tables,Telangana (TGDeX),T-Fiber Fiber-Optic Network Connectivity Change Log,Fiber optic network; Telecom; Infrastructure; GeoSpatial,Telangana,Dept. of ITE&C,Telecom,CSV,RESTRICTED,2025-10-28T03:23:09+0530,ad9e83ea-db12-4a87-a734-92323086dbbc
IT / Application System Metadata,GIS/DB platform system tables,Telangana (TGDeX),T-Fiber Fiber-Optic Network Geometry Change Log,Fiber optic network; Telecom; Infrastructure; GeoSpatial,Telangana,Dept. of ITE&C,Telecom,CSV,RESTRICTED,2025-10-28T03:14:50+0530,ab8807a2-7535-468f-9bbc-3214b308b84c
IT / Application System Metadata,GIS/DB platform system tables,Telangana (TGDeX),T-Fiber Fiber-Optic Switch Locations with Audit Metadata,Fiber optic network; Telecom; Infrastructure; GeoSpatial,Telangana,Dept. of ITE&C,Telecom,CSV,RESTRICTED,2025-10-28T03:10:09+0530,d0418b40-b2aa-4653-903e-97b93fc94541
IT / Application System Metadata,GIS/DB platform system tables,Telangana (TGDeX),T-Fiber G3E Attribute Metadata Configuration,Fiber optic network; Telecom; Infrastructure; GeoSpatial,Telangana,Dept. of ITE&C,Telecom,CSV,RESTRICTED,2025-10-28T03:38:45+0530,ebb45b93-ff5e-4fd9-9d7a-50777d1c760b
IT / Application System Metadata,GIS/DB platform system tables,Telangana (TGDeX),T-Fiber G3E Component Configuration Metadata,Fiber optic network; Telecom; Infrastructure; GeoSpatial,Telangana,Dept. of ITE&C,Telecom,CSV,RESTRICTED,2025-10-28T03:39:17+0530,a29f1b66-ad93-46dc-b398-dcec9fcf81c1
IT / Application System Metadata,GIS/DB platform system tables,Telangana (TGDeX),T-Fiber G3E Feature Metadata,Fiber optic network; Telecom; Infrastructure; GeoSpatial,Telangana,Dept. of ITE&C,Telecom,CSV,RESTRICTED,2025-10-28T04:15:09+0530,403385b0-f48d-4116-a7fb-4f9e90977b49
IT / Application System Metadata,GIS/DB platform system tables,Telangana (TGDeX),T-Fiber G3E Metadata Support for Optimized Tables,Fiber optic network; Telecom; Infrastructure; GeoSpatial,Telangana,Dept. of ITE&C,Telecom,CSV,RESTRICTED,2025-10-28T04:42:10+0530,d4d38791-1f53-45d4-ab99-6ed8eccd1166
IT / Application System Metadata,GIS/DB platform system tables,Telangana (TGDeX),T-Fiber G3E Metadata Version Change Log,Fiber optic network; Telecom; Infrastructure; GeoSpatial,Telangana,Dept. of ITE&C,Telecom,CSV,RESTRICTED,2025-10-28T04:43:13+0530,a3e89844-05be-4e44-9576-d8fd33f321ff
IT / Application System Metadata,GIS/DB platform system tables,Telangana (TGDeX),T-Fiber General Configuration Parameters,Fiber optic network; Telecom; Infrastructure; GeoSpatial,Telangana,Dept. of ITE&C,Telecom,CSV,RESTRICTED,2025-10-28T04:16:42+0530,4bd3ab7f-f6c9-4f7f-9e5c-ce025aded775
IT / Application System Metadata,GIS/DB platform system tables,Telangana (TGDeX),T-Fiber Geocoded Address Registry,Fiber optic network; Telecom; Infrastructure; GeoSpatial,Telangana,Dept. of ITE&C,Telecommunications & Networking,csv,RESTRICTED,2025-06-22T10:42:59+0530,f393cc46-77a2-469c-9acf-236f3709cc5d
IT / Application System Metadata,GIS/DB platform system tables,Telangana (TGDeX),T-Fiber Geographic Information System Component Metadata,Fiber optic network; Telecom; Infrastructure; GeoSpatial,Telangana,Dept. of ITE&C,Telecom,CSV,RESTRICTED,2025-10-28T03:55:24+0530,2100b3e4-6bd3-42eb-9539-b27fdfa7068e
IT / Application System Metadata,GIS/DB platform system tables,Telangana (TGDeX),T-Fiber Geographic Information System Display Configuration Defaults,Fiber optic network; Telecom; Infrastructure; GeoSpatial,Telangana,Dept. of ITE&C,Telecom,CSV,RESTRICTED,2025-10-28T04:23:59+0530,ab30bf8d-1e56-4317-85f9-5ba863ae9bce
IT / Application System Metadata,GIS/DB platform system tables,Telangana (TGDeX),T-Fiber Geographic Information System Spatial Update History,Fiber optic network; Telecom; Infrastructure; GeoSpatial,Telangana,Dept. of ITE&C,Telecom,CSV,RESTRICTED,2025-10-28T05:51:20+0530,92629f61-0d80-4bb7-a781-01120c499e06
IT / Application System Metadata,GIS/DB platform system tables,Telangana (TGDeX),T-Fiber Geographic Legend Symbol Configuration,Fiber optic network; Telecom; Infrastructure; GeoSpatial,Telangana,Dept. of ITE&C,Telecom,CSV,RESTRICTED,2025-10-28T04:31:47+0530,42cab5c4-ff9b-47bd-89c2-c7be85990611
IT / Application System Metadata,GIS/DB platform system tables,Telangana (TGDeX),T-Fiber Geospatial Attribute Configuration Metadata,Fiber optic network; Telecom; Infrastructure; GeoSpatial,Telangana,Dept. of ITE&C,Telecom,CSV,RESTRICTED,2025-10-28T05:06:06+0530,04a081d3-f011-482c-874e-857a6232eae4
IT / Application System Metadata,GIS/DB platform system tables,Telangana (TGDeX),T-Fiber Geospatial Boundary Audit Records,Fiber optic network; Telecom; Infrastructure; GeoSpatial,Telangana,Dept. of ITE&C,Telecom,CSV,RESTRICTED,2025-10-28T05:52:54+0530,807b39e3-7a0d-495a-87d0-6e8a7520b9f6
IT / Application System Metadata,GIS/DB platform system tables,Telangana (TGDeX),T-Fiber Geospatial Change Log for Fiber Network Features,Fiber optic network; Telecom; Infrastructure; GeoSpatial,Telangana,Dept. of ITE&C,Telecom,CSV,RESTRICTED,2025-10-28T05:49:15+0530,fb9f0612-aa4d-44a4-8398-8d68cf29e488
IT / Application System Metadata,GIS/DB platform system tables,Telangana (TGDeX),T-Fiber Geospatial Label Backup Records,Fiber optic network; Telecom; Infrastructure; GeoSpatial,Telangana,Dept. of ITE&C,Telecom,CSV,RESTRICTED,2025-10-28T04:20:21+0530,3b4b62c4-5eaa-46f4-964d-ee73fdeedc22
IT / Application System Metadata,GIS/DB platform system tables,Telangana (TGDeX),T-Fiber Geospatial Legend Configuration,Fiber optic network; Telecom; Infrastructure; GeoSpatial,Telangana,Dept. of ITE&C,Telecom,CSV,RESTRICTED,2025-10-28T04:35:25+0530,58245b5c-555a-42a1-aba0-ab5f3f90c654
IT / Application System Metadata,GIS/DB platform system tables,Telangana (TGDeX),T-Fiber Geospatial Legend Entry Metadata,Fiber optic network; Telecom; Infrastructure; GeoSpatial,Telangana,Dept. of ITE&C,Telecom,CSV,RESTRICTED,2025-10-28T03:39:48+0530,0eeb5833-5031-4c85-9b39-c2cb8dcd1d47
IT / Application System Metadata,GIS/DB platform system tables,Telangana (TGDeX),T-Fiber Geospatial Line Segment Metadata and Edit History,Fiber optic network; Telecom; Infrastructure; GeoSpatial,Telangana,Dept. of ITE&C,Telecom,CSV,RESTRICTED,2025-10-28T04:32:50+0530,a9519eaa-9a01-468b-95b6-c82a1415343f
IT / Application System Metadata,GIS/DB platform system tables,Telangana (TGDeX),T-Fiber Geospatial Metadata Version History,Fiber optic network; Telecom; Infrastructure; GeoSpatial,Telangana,Dept. of ITE&C,Telecom,CSV,RESTRICTED,2025-10-28T04:42:42+0530,5ae274f7-9af8-4a70-8bdb-8de1535f828d
IT / Application System Metadata,GIS/DB platform system tables,Telangana (TGDeX),T-Fiber Geospatial Table Attribute Metadata Backup,Fiber optic network; Telecom; Infrastructure; GeoSpatial,Telangana,Dept. of ITE&C,Telecom,CSV,RESTRICTED,2025-10-28T05:01:56+0530,74ae4636-698b-45b5-a200-76c3f7c9a196
IT / Application System Metadata,GIS/DB platform system tables,Telangana (TGDeX),T-Fiber GIS Component Configuration Metadata,Fiber optic network; Telecom; Infrastructure; GeoSpatial,Telangana,Dept. of ITE&C,Telecom,CSV,RESTRICTED,2025-10-28T03:53:19+0530,520821bb-c449-4e39-8168-69094e8db4e9
IT / Application System Metadata,GIS/DB platform system tables,Telangana (TGDeX),T-Fiber GIS Component Configuration Table,Fiber optic network; Telecom; Infrastructure; GeoSpatial,Telangana,Dept. of ITE&C,Telecom,CSV,RESTRICTED,2025-10-28T04:13:35+0530,9f4ddfc0-8e63-4681-b913-5360f0d2226b
IT / Application System Metadata,GIS/DB platform system tables,Telangana (TGDeX),T-Fiber GIS Component Metadata,Fiber optic network; Telecom; Infrastructure; GeoSpatial,Telangana,Dept. of ITE&C,Telecom,CSV,RESTRICTED,2025-10-28T03:52:48+0530,26479013-5a01-4be4-99ff-140a9954e48a
IT / Application System Metadata,GIS/DB platform system tables,Telangana (TGDeX),T-Fiber GIS Component Placement Configuration,Fiber optic network; Telecom; Infrastructure; GeoSpatial,Telangana,Dept. of ITE&C,Telecom,CSV,RESTRICTED,2025-10-28T03:52:17+0530,508fa27a-3309-45e1-bfce-01e1095506ad
IT / Application System Metadata,GIS/DB platform system tables,Telangana (TGDeX),T-Fiber GIS Component View Configuration,Fiber optic network; Telecom; Infrastructure; GeoSpatial,Telangana,Dept. of ITE&C,Telecom,CSV,RESTRICTED,2025-10-28T03:54:53+0530,25529b23-fc9f-45ec-8eb8-7175477f27e7
IT / Application System Metadata,GIS/DB platform system tables,Telangana (TGDeX),T-Fiber GIS Configuration Placement Parameters,Fiber optic network; Telecom; Infrastructure; GeoSpatial,Telangana,Dept. of ITE&C,Telecom,CSV,RESTRICTED,2025-10-28T03:56:57+0530,a760039d-36af-4318-b83a-b80bf9a17aab
IT / Application System Metadata,GIS/DB platform system tables,Telangana (TGDeX),T-Fiber GIS Detail Graphics Metadata,Fiber optic network; Telecom; Infrastructure; GeoSpatial,Telangana,Dept. of ITE&C,Telecom,CSV,RESTRICTED,2025-10-28T04:01:06+0530,b6338da0-1294-4ea0-8275-6a7c714fbed8
IT / Application System Metadata,GIS/DB platform system tables,Telangana (TGDeX),T-Fiber GIS Dialog Configuration Snapshot,Fiber optic network; Telecom; Infrastructure; GeoSpatial,Telangana,Dept. of ITE&C,Telecom,CSV,RESTRICTED,2025-10-28T04:02:40+0530,dfc364c3-71b8-46ea-810b-585234430188
IT / Application System Metadata,GIS/DB platform system tables,Telangana (TGDeX),T-Fiber GIS Dialog Table Configuration Metadata,Fiber optic network; Telecom; Infrastructure; GeoSpatial,Telangana,Dept. of ITE&C,Telecom,CSV,RESTRICTED,2025-10-28T04:05:16+0530,f32ff16f-75f0-4650-bf9a-ca5f8e6182d3
IT / Application System Metadata,GIS/DB platform system tables,Telangana (TGDeX),T-Fiber GIS Display Definition Configuration,Fiber optic network; Telecom; Infrastructure; GeoSpatial,Telangana,Dept. of ITE&C,Telecom,CSV,RESTRICTED,2025-10-28T04:27:07+0530,c84c0045-3a8b-405a-8e21-46c0eafe0af2
IT / Application System Metadata,GIS/DB platform system tables,Telangana (TGDeX),T-Fiber GIS Feature Definitions and Localization,Fiber optic network; Telecom; Infrastructure; GeoSpatial,Telangana,Dept. of ITE&C,Telecom,CSV,RESTRICTED,2025-10-28T04:14:38+0530,01b7c723-7dcc-4337-8457-3ab6fbb6fe2b
IT / Application System Metadata,GIS/DB platform system tables,Telangana (TGDeX),T-Fiber GIS Geospatial Configuration Records,Fiber optic network; Telecom; Infrastructure; GeoSpatial,Telangana,Dept. of ITE&C,Telecom,CSV,RESTRICTED,2025-10-28T04:35:57+0530,a652c6cd-dc6b-4325-9b60-0bf2c6ebc962
IT / Application System Metadata,GIS/DB platform system tables,Telangana (TGDeX),T-Fiber GIS Legend Configuration,Fiber optic network; Telecom; Infrastructure; GeoSpatial,Telangana,Dept. of ITE&C,Telecom,CSV,RESTRICTED,2025-10-28T04:25:02+0530,adeb315d-667b-4574-9170-26b18aa646b5
IT / Application System Metadata,GIS/DB platform system tables,Telangana (TGDeX),T-Fiber GIS Legend Definition Metadata,Fiber optic network; Telecom; Infrastructure; GeoSpatial,Telangana,Dept. of ITE&C,Telecom,CSV,RESTRICTED,2025-10-28T04:23:28+0530,412f1da8-48ac-4037-b488-97547af9f487
IT / Application System Metadata,GIS/DB platform system tables,Telangana (TGDeX),T-Fiber GIS Legend Entry Metadata,Fiber optic network; Telecom; Infrastructure; GeoSpatial,Telangana,Dept. of ITE&C,Telecom,CSV,RESTRICTED,2025-10-28T04:30:14+0530,0a004365-7c5d-4899-87d8-8f6346e5a865
IT / Application System Metadata,GIS/DB platform system tables,Telangana (TGDeX),T-Fiber GIS Mandatory Fields Metadata,Fiber optic network; Telecom; Infrastructure; GeoSpatial,Telangana,Dept. of ITE&C,Telecom,CSV,RESTRICTED,2025-10-28T05:23:46+0530,c28e94a2-fc3a-4c0c-a666-77d88b9bef5f
IT / Application System Metadata,GIS/DB platform system tables,Telangana (TGDeX),T-Fiber GIS Map Legend Configuration,Fiber optic network; Telecom; Infrastructure; GeoSpatial,Telangana,Dept. of ITE&C,Telecom,CSV,RESTRICTED,2025-10-28T04:36:59+0530,ed8e6ccd-17f8-46ac-b1af-ef5eb4633270
IT / Application System Metadata,GIS/DB platform system tables,Telangana (TGDeX),T-Fiber GIS Modification Log Backup,Fiber optic network; Telecom; Infrastructure; GeoSpatial,Telangana,Dept. of ITE&C,Telecom,CSV,RESTRICTED,2025-10-28T05:27:25+0530,7d6b6938-8f15-4e2f-8e53-6e6a0d2a6274
IT / Application System Metadata,GIS/DB platform system tables,Telangana (TGDeX),T-Fiber GIS-to-OSS Attribute Synchronization Configuration,Fiber optic network; Telecom; Infrastructure; GeoSpatial,Telangana,Dept. of ITE&C,Telecom,CSV,RESTRICTED,2025-10-28T06:55:18+0530,06566eee-75eb-459f-8d5e-f165dcf534aa
IT / Application System Metadata,GIS/DB platform system tables,Telangana (TGDeX),T-Fiber Hyperlink and Image Change Log,Fiber optic network; Telecom; Infrastructure; GeoSpatial,Telangana,Dept. of ITE&C,Telecom,CSV,RESTRICTED,2025-10-28T03:21:36+0530,401cfe69-efa4-4e35-b48c-ca7daf911674
IT / Application System Metadata,GIS/DB platform system tables,Telangana (TGDeX),T-Fiber Infrastructure Asset Change Log,Fiber optic network; Telecom; Infrastructure; GeoSpatial,Telangana,Dept. of ITE&C,Telecom,CSV,RESTRICTED,2025-10-28T05:58:37+0530,109cf05f-4ceb-42e4-8165-1796b04dfb88
IT / Application System Metadata,GIS/DB platform system tables,Telangana (TGDeX),T-Fiber Infrastructure Feature Reference Table,Fiber optic network; Telecom; Infrastructure; GeoSpatial,Telangana,Dept. of ITE&C,Telecom,CSV,RESTRICTED,2025-10-28T05:30:01+0530,394de1b1-f9d3-493d-83af-99740e26e0b6
IT / Application System Metadata,GIS/DB platform system tables,Telangana (TGDeX),T-Fiber Infrastructure Tower and Fiber-Optic Asset Registry,Fiber optic network; Telecom; Infrastructure; GeoSpatial,Telangana,Dept. of ITE&C,Telecom,CSV,RESTRICTED,2025-10-28T03:36:41+0530,5d4e92d4-52e1-48af-96ab-91e15b6bcc43
IT / Application System Metadata,GIS/DB platform system tables,Telangana (TGDeX),T-Fiber Inline Amplifier Asset Registry,Fiber optic network; Telecom; Infrastructure; GeoSpatial,Telangana,Dept. of ITE&C,Telecom,CSV,RESTRICTED,2025-10-28T05:56:01+0530,66c63018-0f56-4b0f-9755-05b716862ce3
IT / Application System Metadata,GIS/DB platform system tables,Telangana (TGDeX),T-Fiber Local Backbone Geometry Change Log,Fiber optic network; Telecom; Infrastructure; GeoSpatial,Telangana,Dept. of ITE&C,Telecom,CSV,RESTRICTED,2025-10-28T05:59:08+0530,f6a62573-b4ef-4995-8707-33c48de47dff
IT / Application System Metadata,GIS/DB platform system tables,Telangana (TGDeX),T-Fiber Many-to-Many Ownership Relationship Configuration,Fiber optic network; Telecom; Infrastructure; GeoSpatial,Telangana,Dept. of ITE&C,Telecom,CSV,RESTRICTED,2025-10-28T04:38:32+0530,bf05daaf-24b5-44ac-b705-1b3caa536535
IT / Application System Metadata,GIS/DB platform system tables,Telangana (TGDeX),T-Fiber Menu Layout Configuration,Fiber optic network; Telecom; Infrastructure; GeoSpatial,Telangana,Dept. of ITE&C,Telecom,CSV,RESTRICTED,2025-10-29T12:58:22+0530,ddb42720-ee4c-4756-b7df-f411260bef3a
IT / Application System Metadata,GIS/DB platform system tables,Telangana (TGDeX),T-Fiber Network Change Log,Fiber optic network; Telecom; Infrastructure; GeoSpatial,Telangana,Dept. of ITE&C,Telecom,CSV,RESTRICTED,2025-10-28T05:29:30+0530,700783b0-4b92-4a85-9cde-c64b82d44c85
IT / Application System Metadata,GIS/DB platform system tables,Telangana (TGDeX),T-Fiber Network Component Metadata,Fiber optic network; Telecom; Infrastructure; GeoSpatial,Telangana,Dept. of ITE&C,Telecom,CSV,RESTRICTED,2025-10-28T03:55:55+0530,17af7054-57c9-413b-a670-04a04f8a4eac
IT / Application System Metadata,GIS/DB platform system tables,Telangana (TGDeX),T-Fiber Network Component Remarks and Redo Log,Fiber optic network; Telecom; Infrastructure; GeoSpatial,Telangana,Dept. of ITE&C,Telecom,CSV,RESTRICTED,2025-10-28T03:30:58+0530,a4df7113-3492-404d-985d-d60017a03f79
IT / Application System Metadata,GIS/DB platform system tables,Telangana (TGDeX),T-Fiber Network Configuration Conflict Logs,Fiber optic network; Telecom; Infrastructure; GeoSpatial,Telangana,Dept. of ITE&C,Telecom,CSV,RESTRICTED,2025-10-28T03:41:21+0530,1d3c8fc7-2b4b-44ee-966c-7a318fecbc43
IT / Application System Metadata,GIS/DB platform system tables,Telangana (TGDeX),T-Fiber Network Configuration Identifier Mapping,Fiber optic network; Telecom; Infrastructure; GeoSpatial,Telangana,Dept. of ITE&C,Telecom,CSV,RESTRICTED,2025-10-28T07:01:33+0530,0b91204d-5481-4715-ba9d-bbf522313958
IT / Application System Metadata,GIS/DB platform system tables,Telangana (TGDeX),T-Fiber Network Configuration Index Values,Fiber optic network; Telecom; Infrastructure; GeoSpatial,Telangana,Dept. of ITE&C,Telecom,CSV,RESTRICTED,2025-10-28T02:58:11+0530,f23bb3b1-554d-4324-88ce-673208c56201
IT / Application System Metadata,GIS/DB platform system tables,Telangana (TGDeX),T-Fiber Network Configuration Parameters,Fiber optic network; Telecom; Infrastructure; GeoSpatial,Telangana,Dept. of ITE&C,Telecom,CSV,RESTRICTED,2025-10-28T05:23:15+0530,b01c331d-b02e-4fff-98f4-b2d2dc6f00ea
IT / Application System Metadata,GIS/DB platform system tables,Telangana (TGDeX),T-Fiber Network Feature Change Log,Fiber optic network; Telecom; Infrastructure; GeoSpatial,Telangana,Dept. of ITE&C,Telecom,CSV,RESTRICTED,2025-10-28T03:32:31+0530,405a9833-8652-4d7c-ac7f-29dc77d50309
IT / Application System Metadata,GIS/DB platform system tables,Telangana (TGDeX),T-Fiber Network Feature Connectivity Metadata,Fiber optic network; Telecom; Infrastructure; GeoSpatial,Telangana,Dept. of ITE&C,Telecom,CSV,RESTRICTED,2025-10-28T04:12:01+0530,845d1678-edd1-45d5-8eab-ffbe1431ba43
IT / Application System Metadata,GIS/DB platform system tables,Telangana (TGDeX),T-Fiber Network Geopolitical Change Log,Fiber optic network; Telecom; Infrastructure; GeoSpatial,Telangana,Dept. of ITE&C,Telecom,CSV,RESTRICTED,2025-10-28T03:19:31+0530,be5fe76f-c5b0-4569-b281-95acda23cb70
IT / Application System Metadata,GIS/DB platform system tables,Telangana (TGDeX),T-Fiber Network GIS Legend Entry Metadata,Fiber optic network; Telecom; Infrastructure; GeoSpatial,Telangana,Dept. of ITE&C,Telecom,CSV,RESTRICTED,2025-10-28T04:29:11+0530,1bd0a04d-0eac-42e8-b43c-98bb4a50328f
IT / Application System Metadata,GIS/DB platform system tables,Telangana (TGDeX),T-Fiber Network Interface Argument Configuration Log,Fiber optic network; Telecom; Infrastructure; GeoSpatial,Telangana,Dept. of ITE&C,Telecom,CSV,RESTRICTED,2025-10-28T04:52:03+0530,7424cc1f-b395-4c20-bfc2-9b8c33c72f8f
IT / Application System Metadata,GIS/DB platform system tables,Telangana (TGDeX),T-Fiber Network Label Metadata,Fiber optic network; Telecom; Infrastructure; GeoSpatial,Telangana,Dept. of ITE&C,Telecom,CSV,RESTRICTED,2025-10-28T04:19:50+0530,1c3fb64f-2574-4f56-93e9-5647cbf789e4
IT / Application System Metadata,GIS/DB platform system tables,Telangana (TGDeX),T-Fiber Network Router Inventory and Audit Records,Fiber optic network; Telecom; Infrastructure; GeoSpatial,Telangana,Dept. of ITE&C,Telecom,CSV,RESTRICTED,2025-10-28T05:59:39+0530,683c6e50-745f-46d0-8423-b1b3f32230f1
IT / Application System Metadata,GIS/DB platform system tables,Telangana (TGDeX),T-Fiber Network Segment Metadata,Fiber optic network; Telecom; Infrastructure; GeoSpatial,Telangana,Dept. of ITE&C,Telecom,CSV,RESTRICTED,2025-10-28T04:25:33+0530,53caf47f-d9db-41f5-b908-1b4cc93af175
IT / Application System Metadata,GIS/DB platform system tables,Telangana (TGDeX),T-Fiber Network Spatial Boundaries and Change Log,Fiber optic network; Telecom; Infrastructure; GeoSpatial,Telangana,Dept. of ITE&C,Telecom,CSV,RESTRICTED,2025-10-28T07:05:12+0530,9eaa3b76-ba54-445a-87d6-1de82a980e06
IT / Application System Metadata,GIS/DB platform system tables,Telangana (TGDeX),T-Fiber Optical Attenuation Reference Table,Fiber optic network; Telecom; Infrastructure; GeoSpatial,Telangana,Dept. of ITE&C,Telecom,CSV,RESTRICTED,2025-10-31T02:57:45+0530,8eefcaf4-19ad-4991-baad-2d184d3179be
IT / Application System Metadata,GIS/DB platform system tables,Telangana (TGDeX),T-Fiber Optical Fiber Cable Image and Metadata Records,Fiber optic network; Telecom; Infrastructure; GeoSpatial,Telangana,Dept. of ITE&C,Telecom,CSV,RESTRICTED,2025-10-29T12:59:25+0530,be180fad-c467-4911-952d-82176f3e1e16
IT / Application System Metadata,GIS/DB platform system tables,Telangana (TGDeX),T-Fiber Optical Fiber Ring Element Registry,Fiber optic network; Telecom; Infrastructure; GeoSpatial,Telangana,Dept. of ITE&C,Telecom,CSV,RESTRICTED,2025-10-28T03:24:43+0530,92e683b2-45ea-42d1-a68e-433995815580
IT / Application System Metadata,GIS/DB platform system tables,Telangana (TGDeX),T-Fiber Optical Network Unit Asset Registry,Fiber optic network; Telecom; Infrastructure; GeoSpatial,Telangana,Dept. of ITE&C,Telecom,CSV,RESTRICTED,2025-10-28T03:27:51+0530,80ec3815-9186-4296-9386-59526c8b2d98
IT / Application System Metadata,GIS/DB platform system tables,Telangana (TGDeX),T-Fiber Optical Network Unit Change Log,Fiber optic network; Telecom; Infrastructure; GeoSpatial,Telangana,Dept. of ITE&C,Telecom,CSV,RESTRICTED,2025-10-28T05:57:03+0530,79f529fd-8204-4cd1-a877-4cb44abdff39
IT / Application System Metadata,GIS/DB platform system tables,Telangana (TGDeX),T-Fiber Oracle APEX Workflow Statement Keywords Reference,Fiber optic network; Telecom; Infrastructure; GeoSpatial,Telangana,Dept. of ITE&C,Telecom,CSV,RESTRICTED,2025-10-28T07:02:36+0530,4b1af3df-569b-4ed2-a2ae-c1061119d7e5
IT / Application System Metadata,GIS/DB platform system tables,Telangana (TGDeX),T-Fiber Package Content Configuration Records,Fiber optic network; Telecom; Infrastructure; GeoSpatial,Telangana,Dept. of ITE&C,Telecom,CSV,RESTRICTED,2025-10-28T05:16:29+0530,c6841923-16d0-43f1-ada5-07290a7f1ecc
IT / Application System Metadata,GIS/DB platform system tables,Telangana (TGDeX),T-Fiber Picklist Definitions and Metadata,Fiber optic network; Telecom; Infrastructure; GeoSpatial,Telangana,Dept. of ITE&C,Telecom,CSV,RESTRICTED,2025-10-31T02:57:14+0530,504b6c1f-79a3-4b01-8533-a0bd943e3e21
IT / Application System Metadata,GIS/DB platform system tables,Telangana (TGDeX),T-Fiber Picklist Metadata Definitions,Fiber optic network; Telecom; Infrastructure; GeoSpatial,Telangana,Dept. of ITE&C,Telecom,CSV,RESTRICTED,2025-10-28T04:47:53+0530,994b365f-0bc9-4f07-95fa-59a6f64a6e08
IT / Application System Metadata,GIS/DB platform system tables,Telangana (TGDeX),T-Fiber Placement Configuration Metadata,Fiber optic network; Telecom; Infrastructure; GeoSpatial,Telangana,Dept. of ITE&C,Telecom,CSV,RESTRICTED,2025-10-28T04:49:27+0530,5ae9c83a-3221-4f55-810e-ddd4ade95e08
IT / Application System Metadata,GIS/DB platform system tables,Telangana (TGDeX),T-Fiber Placement Configuration Settings,Fiber optic network; Telecom; Infrastructure; GeoSpatial,Telangana,Dept. of ITE&C,Telecom,CSV,RESTRICTED,2025-10-28T04:48:56+0530,a173ec2f-33a3-4f6d-accb-9d0a17d9aa0a
IT / Application System Metadata,GIS/DB platform system tables,Telangana (TGDeX),T-Fiber Pole Alignment Geometry Audit Table,Fiber optic network; Telecom; Infrastructure; GeoSpatial,Telangana,Dept. of ITE&C,Telecommunications & Networking,csv,RESTRICTED,2025-06-22T10:48:49+0530,cab02795-e1fb-4502-a60c-a6242c917e74
IT / Application System Metadata,GIS/DB platform system tables,Telangana (TGDeX),T-Fiber Port Group Configuration,Fiber optic network; Telecom; Infrastructure; GeoSpatial,Telangana,Dept. of ITE&C,Telecom,CSV,RESTRICTED,2025-10-28T05:18:03+0530,6cdc15e5-50f6-4908-bf26-59a0f9a8ff6b
IT / Application System Metadata,GIS/DB platform system tables,Telangana (TGDeX),T-Fiber Port Group Localization and Display Settings,Fiber optic network; Telecom; Infrastructure; GeoSpatial,Telangana,Dept. of ITE&C,Telecom,CSV,RESTRICTED,2025-10-28T05:18:34+0530,26105f76-b0b0-46b6-8902-de080359765e
IT / Application System Metadata,GIS/DB platform system tables,Telangana (TGDeX),T-Fiber Realm Object Metadata,Fiber optic network; Telecom; Infrastructure; GeoSpatial,Telangana,Dept. of ITE&C,Telecom,CSV,RESTRICTED,2025-10-28T03:02:21+0530,2c87da42-f270-44f7-9336-cadde9810f98
IT / Application System Metadata,GIS/DB platform system tables,Telangana (TGDeX),T-Fiber Reference Configuration Types,Fiber optic network; Telecom; Infrastructure; GeoSpatial,Telangana,Dept. of ITE&C,Telecom,CSV,RESTRICTED,2025-10-28T05:33:39+0530,89cdd53d-5c00-4b53-b032-2f4de2a41b11
IT / Application System Metadata,GIS/DB platform system tables,Telangana (TGDeX),T-Fiber Regional Report Column Configuration,Fiber optic network; Telecom; Infrastructure; GeoSpatial,Telangana,Dept. of ITE&C,Telecom,CSV,RESTRICTED,2025-10-28T02:43:07+0530,432e1f67-5bbd-467b-8a4c-d41f7132f953
IT / Application System Metadata,GIS/DB platform system tables,Telangana (TGDeX),T-Fiber Role Based Command Access Configuration,Fiber optic network; Telecom; Infrastructure; GeoSpatial,Telangana,Dept. of ITE&C,Telecom,CSV,RESTRICTED,2025-10-28T04:54:38+0530,cba1f1b1-d43e-438b-a2dd-1716f82f1c0e
IT / Application System Metadata,GIS/DB platform system tables,Telangana (TGDeX),T-Fiber Route Indicator Geospatial and Technical Registry,Fiber optic network; Telecom; Infrastructure; GeoSpatial,Telangana,Dept. of ITE&C,Telecom,CSV,RESTRICTED,2025-10-28T06:51:08+0530,8978b46f-c658-4895-aa9a-b09af6a1ff5c
IT / Application System Metadata,GIS/DB platform system tables,Telangana (TGDeX),T-Fiber Schema Column Metadata Mapping,Fiber optic network; Telecom; Infrastructure; GeoSpatial,Telangana,Dept. of ITE&C,Telecom,CSV,RESTRICTED,2025-10-28T03:03:54+0530,3e38383e-3910-438a-9dda-aff2d0ad24da
IT / Application System Metadata,GIS/DB platform system tables,Telangana (TGDeX),T-Fiber Service Feature Attribute Metadata,Fiber optic network; Telecom; Infrastructure; GeoSpatial,Telangana,Dept. of ITE&C,Telecom,CSV,RESTRICTED,2025-10-28T06:32:57+0530,ba796dff-a0c4-4cfa-8f84-6a58d5cb5ce1
IT / Application System Metadata,GIS/DB platform system tables,Telangana (TGDeX),T-Fiber Software Localization Messages,Fiber optic network; Telecom; Infrastructure; GeoSpatial,Telangana,Dept. of ITE&C,Telecom,CSV,RESTRICTED,2025-10-28T05:21:41+0530,f8f6c0ca-3710-46ce-aff4-7ddc3554f5bd
IT / Application System Metadata,GIS/DB platform system tables,Telangana (TGDeX),T-Fiber Splitter Asset Change Log,Fiber optic network; Telecom; Infrastructure; GeoSpatial,Telangana,Dept. of ITE&C,Telecom,CSV,RESTRICTED,2025-10-28T07:10:25+0530,41ed8132-0e16-45d5-9d72-d6a24e3b075f
IT / Application System Metadata,GIS/DB platform system tables,Telangana (TGDeX),T-Fiber Staging Picklist Validation Errors,Fiber optic network; Telecom; Infrastructure; GeoSpatial,Telangana,Dept. of ITE&C,Telecom,CSV,RESTRICTED,2025-10-28T06:36:35+0530,28b89c5f-dc8a-45d4-8bc0-0a3baabc2bb1
IT / Application System Metadata,GIS/DB platform system tables,Telangana (TGDeX),T-Fiber System Code Registry with Version and Audit History,Fiber optic network; Telecom; Infrastructure; GeoSpatial,Telangana,Dept. of ITE&C,Telecom,CSV,RESTRICTED,2025-10-28T03:01:19+0530,58f7a769-6ceb-4576-a6c0-eab535978260
IT / Application System Metadata,GIS/DB platform system tables,Telangana (TGDeX),T-Fiber System Object Registry,Fiber optic network; Telecom; Infrastructure; GeoSpatial,Telangana,Dept. of ITE&C,Telecom,CSV,RESTRICTED,2025-10-31T02:58:47+0530,7e5ba024-617c-4548-a67b-4574b88ee281
IT / Application System Metadata,GIS/DB platform system tables,Telangana (TGDeX),T-Fiber Text Style Configuration,Fiber optic network; Telecom; Infrastructure; GeoSpatial,Telangana,Dept. of ITE&C,Telecom,CSV,RESTRICTED,2025-10-28T05:02:27+0530,0da9b33b-8c75-419f-88f6-4055c7f5d256
IT / Application System Metadata,GIS/DB platform system tables,Telangana (TGDeX),T-Fiber Trigger Configuration Backup,Fiber optic network; Telecom; Infrastructure; GeoSpatial,Telangana,Dept. of ITE&C,Telecom,CSV,RESTRICTED,2025-10-28T05:04:01+0530,461c0030-022d-4edb-8cbf-d50ecfe7b57a
IT / Application System Metadata,GIS/DB platform system tables,Telangana (TGDeX),T-Fiber Trigger Set Configuration,Fiber optic network; Telecom; Infrastructure; GeoSpatial,Telangana,Dept. of ITE&C,Telecom,CSV,RESTRICTED,2025-10-28T05:03:30+0530,0b3dad83-ec85-47f1-b888-9c49db4d9cbd
IT / Application System Metadata,GIS/DB platform system tables,Telangana (TGDeX),T-Fiber Uninterruptible Power Supply Asset Geometry and Change Log,Fiber optic network; Telecom; Infrastructure; GeoSpatial,Telangana,Dept. of ITE&C,Telecom,CSV,RESTRICTED,2025-10-28T07:04:10+0530,ce0f6e5c-5ce9-4895-a887-820539583d8b
IT / Application System Metadata,GIS/DB platform system tables,Telangana (TGDeX),T-Fiber Web Application Icon Metadata,Fiber optic network; Telecom; Infrastructure; GeoSpatial,Telangana,Dept. of ITE&C,Telecom,CSV,RESTRICTED,2025-10-28T02:45:11+0530,e5f0ed16-cf48-46cf-a5ac-84f201c763fd
IT / Application System Metadata,GIS/DB platform system tables,Telangana (TGDeX),Telangana Fiber Network Geopolitical Feature Change Log,Fiber optic network; Telecom; Infrastructure; GeoSpatial,Telangana,Dept. of ITE&C,Telecom,CSV,RESTRICTED,2025-10-28T05:53:25+0530,5cf94106-6907-4c5e-9ff5-9ea21788b111
IT / Application System Metadata,GIS/DB platform system tables,Telangana (TGDeX),Telangana Fiber Network Label Registry,Fiber optic network; Telecom; Infrastructure; GeoSpatial,Telangana,Dept. of ITE&C,Telecom,CSV,RESTRICTED,2025-10-28T04:19:19+0530,7c058582-273a-413a-a476-7325c5b13987
IT / Application System Metadata,GIS/DB platform system tables,Telangana (TGDeX),Telangana Fiber Network Legend Configuration,Fiber optic network; Telecom; Infrastructure; GeoSpatial,Telangana,Dept. of ITE&C,Telecom,CSV,RESTRICTED,2025-10-28T04:21:55+0530,7fd3e0da-1c64-4554-acd1-09ee027fb6d7
IT / Application System Metadata,GIS/DB platform system tables,Telangana (TGDeX),Telangana Fiber-Optic Network Legend Metadata,Fiber optic network; Telecom; Infrastructure; GeoSpatial,Telangana,Dept. of ITE&C,Telecom,CSV,RESTRICTED,2025-10-28T04:28:40+0530,579c77be-babb-4514-a8ad-cd924da03094
IT / Application System Metadata,GIS/DB platform system tables,Telangana (TGDeX),Telangana Fiber-Optic Network Modification Log,Fiber optic network; Telecom; Infrastructure; GeoSpatial,Telangana,Dept. of ITE&C,Telecommunications & Networking,csv,RESTRICTED,2025-06-22T10:46:23+0530,9a2de0b1-5f3c-4a46-b5cf-4023a6bfe703
IT / Application System Metadata,GIS/DB platform system tables,Telangana (TGDeX),Telangana Fiber-Optic Router Spatial Metadata,Fiber optic network; Telecom; Infrastructure; GeoSpatial,Telangana,Dept. of ITE&C,Telecom,CSV,RESTRICTED,2025-10-28T03:09:06+0530,dce75f0e-ca60-4eb0-8bb6-a35024d1a9e1
IT / Application System Metadata,GIS/DB platform system tables,Telangana (TGDeX),Telangana Fiber-Optic Service Segment Registry,Fiber optic network; Telecom; Infrastructure; GeoSpatial,Telangana,Dept. of ITE&C,Telecom,CSV,RESTRICTED,2025-10-28T03:41:53+0530,0440fb3a-7748-4a21-95ad-2931ffd0beac
IT / Application System Metadata,GIS/DB platform system tables,Telangana (TGDeX),Telangana Fiber-Optic Splitter Change Log,Fiber optic network; Telecom; Infrastructure; GeoSpatial,Telangana,Dept. of ITE&C,Telecom,CSV,RESTRICTED,2025-10-28T06:00:10+0530,d51adaa9-5962-4b40-9fc6-3dea8ec6e85c
IT / Application System Metadata,GIS/DB platform system tables,Telangana (TGDeX),Telangana Government Fiber Internet Building Asset Registry,Fiber optic network; Telecom; Infrastructure; GeoSpatial,Telangana,Dept. of ITE&C,Telecommunications & Networking,csv,RESTRICTED,2025-06-22T10:43:03+0530,9e421a89-a78e-4777-9679-55ccba0989c4
IT / Application System Metadata,GIS/DB platform system tables,Telangana (TGDeX),Telangana State Fiber Optic Strand Configuration Records,Fiber optic network; Telecom; Infrastructure; GeoSpatial,Telangana,Dept. of ITE&C,Telecom,CSV,RESTRICTED,2025-10-28T05:20:07+0530,2682dc63-3098-424f-94d8-262e13e380a9
IT / Application System Metadata,GIS/DB platform system tables,Telangana (TGDeX),Telangana State Fiber Splitter Asset Registry,Fiber optic network; Telecom; Infrastructure; GeoSpatial,Telangana,Dept. of ITE&C,Telecom,CSV,RESTRICTED,2025-10-28T06:51:39+0530,62910d46-e5ff-44d6-96e7-ffda1aaa5776
IT / Application System Metadata,GIS/DB platform system tables,Telangana (TGDeX),Telangana State Fiber-Optic Network Asset Change Log,Fiber optic network; Telecom; Infrastructure; GeoSpatial,Telangana,Dept. of ITE&C,Telecom,CSV,RESTRICTED,2025-10-28T07:09:53+0530,637d8199-83cb-4f86-bcf2-2609a0ee9ffa
IT / Application System Metadata,GIS/DB platform system tables,Telangana (TGDeX),Telangana T-Fiber Building Infrastructure Metadata,Fiber optic network; Telecom; Infrastructure; GeoSpatial,Telangana,Dept. of ITE&C,Telecom,CSV,RESTRICTED,2025-10-28T06:17:21+0530,f18cd9ef-9771-4d21-8b75-face468e91c3
IT / Application System Metadata,GIS/DB platform system tables,Telangana (TGDeX),Telangana T-Fiber Fiber Duct Geospatial Change Log,Fiber optic network; Telecom; Infrastructure; GeoSpatial,Telangana,Dept. of ITE&C,Telecom,CSV,RESTRICTED,2025-10-28T07:04:41+0530,4e21200c-24bb-43b2-8631-1822e562f8b9
IT / Application System Metadata,GIS/DB platform system tables,Telangana (TGDeX),Telangana T-Fiber Geospatial Attribute Picklist Configuration,Fiber optic network; Telecom; Infrastructure; GeoSpatial,Telangana,Dept. of ITE&C,Telecom,CSV,RESTRICTED,2025-10-28T04:47:22+0530,954f43e2-d259-4e7c-b572-9967e0804cc1
IT / Application System Metadata,GIS/DB platform system tables,Telangana (TGDeX),Telangana T-Fiber Geospatial Feature Change Log,Fiber optic network; Telecom; Infrastructure; GeoSpatial,Telangana,Dept. of ITE&C,Telecom,CSV,RESTRICTED,2025-10-28T05:49:47+0530,5a0f495e-23e1-4a16-a4b6-e65d6de08543
IT / Application System Metadata,GIS/DB platform system tables,Telangana (TGDeX),Telangana T-Fiber Network Line Segment Metadata,Fiber optic network; Telecom; Infrastructure; GeoSpatial,Telangana,Dept. of ITE&C,Telecom,CSV,RESTRICTED,2025-10-28T04:32:19+0530,ae7020d6-9158-4d9a-90bd-6703b20a8b02
IT / Application System Metadata,GIS/DB platform system tables,Telangana (TGDeX),Telangana T-Fiber Router Geospatial Change Log,Fiber optic network; Telecom; Infrastructure; GeoSpatial,Telangana,Dept. of ITE&C,Telecom,CSV,RESTRICTED,2025-10-28T05:50:18+0530,04b02804-9e8a-431d-8a25-1ae60ee7360e
IT / Application System Metadata,GIS/DB platform system tables,Telangana (TGDeX),Telangana T-Fiber Unique Building Spatial Registry,Fiber optic network; Telecom; Infrastructure; GeoSpatial,Telangana,Dept. of ITE&C,Telecommunications & Networking,csv,RESTRICTED,2025-06-22T10:51:00+0530,caa32ba4-839c-48b6-852a-c63945e48245
IT / Application System Metadata,GIS/DB platform system tables,Telangana (TGDeX),Telangana T-Fiber UPS Asset Registry,Fiber optic network; Telecom; Infrastructure; GeoSpatial,Telangana,Dept. of ITE&C,Telecom,CSV,RESTRICTED,2025-10-28T03:37:12+0530,2649783e-5ba9-4236-a9a9-db547a701b03
IT / Application System Metadata,GIS/DB platform system tables,Telangana (TGDeX),Telecom Network Auto-Population Backup Records Snapshot,Fiber optic network; Telecom; Infrastructure; GeoSpatial,Telangana,Dept. of ITE&C,Telecom,CSV,RESTRICTED,2025-10-28T03:49:41+0530,daa20474-3653-453b-86c7-43e04c066d56
IT / Application System Metadata,GIS/DB platform system tables,Telangana (TGDeX),Trigger Set Configuration for Geospatial Fiber Network Management,Fiber optic network; Telecom; Infrastructure; GeoSpatial,Telangana,Dept. of ITE&C,Telecom,CSV,RESTRICTED,2025-10-28T05:04:32+0530,e6518181-6ac6-436f-8d46-d17329b3866e
IT / Application System Metadata,GIS/DB platform system tables,Telangana (TGDeX),Unicode Code Point Mirroring Lookup,Fiber optic network; Telecom; Infrastructure; GeoSpatial,Telangana,Dept. of ITE&C,Telecom,CSV,RESTRICTED,2025-10-28T02:39:29+0530,c6f05a5e-6381-4a2d-bda9-da5d95f046c7
IT / Application System Metadata,GIS/DB platform system tables,Telangana (TGDeX),Units of Measure Reference,Fiber optic network; Telecom; Infrastructure; GeoSpatial,Telangana,Dept. of ITE&C,Telecom,CSV,RESTRICTED,2025-10-28T06:15:47+0530,3363b078-5a30-4a98-ba24-0734434d72f8
IT / Application System Metadata,GIS/DB platform system tables,Telangana (TGDeX),Web Application Dynamic Action Configuration Logs,Fiber optic network; Telecom; Infrastructure; GeoSpatial,Telangana,Dept. of ITE&C,Telecom,CSV,RESTRICTED,2025-10-28T02:36:21+0530,deb7178a-0406-46ae-a260-a7e8993850c6
IT / Application System Metadata,GIS/DB platform system tables,Telangana (TGDeX),Workflow Plugin Configuration Settings,Fiber optic network; Telecom; Infrastructure; GeoSpatial,Telangana,Dept. of ITE&C,Telecom,CSV,RESTRICTED,2025-10-28T02:41:33+0530,d7ef69ae-3f51-4e48-938c-4ee7e74f88bf
IT / Application System Metadata,GIS/DB platform system tables,Telangana (TGDeX),Workflow Step Item Configuration Metadata,Fiber optic network; Telecom; Infrastructure; GeoSpatial,Telangana,Dept. of ITE&C,Telecom,CSV,RESTRICTED,2025-10-28T02:47:47+0530,3c3fa165-45e7-4ab9-bf9a-20f4cb0194f1
IT / Application System Metadata,GIS/DB platform system tables,Telangana (TGDeX),Worksheet Column Metadata for T-Fiber APEX Reports,Fiber optic network; Telecom; Infrastructure; GeoSpatial,Telangana,Dept. of ITE&C,Telecom,CSV,RESTRICTED,2025-10-28T02:52:28+0530,bc86d7ff-f751-472d-bef8-f2f212452641
Public Safety & Emergency,"Surveillance, policing & disaster",Geospatial (DX GeoSpatial),"Disaster Risk Zones of Vizianagaram, Andhra Pradesh",geospatial; vizianagaram; andhra pradesh; Natural disaster; hazard; cyclone; Water; Environment; wind_hazard; wind hazard; landslide; disaster; Seismiczone; Agriculture; Livelihoods & Skilling; Transportation and Logistics; agriculture; livelihoods & skilling; transportation and logistics,"Vizianagaram, Andhra Pradesh",,,,,2025-06-25T12:32:28+0530,372556fa-3f5c-469c-9a33-add9f02a1a96
Public Safety & Emergency,"Surveillance, policing & disaster",Telangana (TGDeX),Number of Police Stations by District in Telangana,Public Safety; Police Infrastructure; Law Enforcement; Facility Mapping; Governance,Telangana,Dept. of Home,Legal Services,CSV,OPEN,2025-06-22T10:23:04+0530,fbdcb698-0c66-4b44-8d18-54f1f1bc3668
Public Safety & Emergency,"Surveillance, policing & disaster",Telangana (TGDeX),Telangana Boiler and Steam Pipeline Application Records,Industry; Boiler; Steam Pipeline; Regulations; Industrial Safety,Telangana,"Dept. of Labour, Employment Training & Factories",Manufacturing,CSV,OPEN,2025-06-22T10:18:42+0530,8eb3e08a-a4a7-4295-b392-a4b52e28133c
Public Safety & Emergency,"Surveillance, policing & disaster",Urban (IUDX COS),Emergency Vehicles in Belagavi City,ambulance; emergency vehicle; license plate; sos; on call; emergency service; patient; hospital; on duty; help; siren; emergency transit; make way; green corridor,"Belagavi, Karnataka",,,,,2023-05-12T03:29:50+0530,fdef0b0d-51fe-41ff-924e-05e23ccf3ec8
Public Safety & Emergency,"Surveillance, policing & disaster",Urban (IUDX COS),Emergency Vehicles in Rajkot City,ambulance; emergency vehicle; license plate; sos; on call; emergency service; patient; hospital; on duty; help; siren; emergency transit; make way; green corridor,"Rajkot, Gujarat",,,,SECURE,2024-01-10T01:11:01+0530,bf10a89d-ffa5-40c2-a56d-a2075c6d6980
Public Safety & Emergency,"Surveillance, policing & disaster",Urban (IUDX COS),Emergency Vehicles in Surat City,ambulance; emergency vehicle; license plate; sos; on call; emergency service; patient; hospital; on duty; help; siren; emergency transit; make way; green corridor,"Surat, Gujarat",,,,SECURE,2024-01-12T09:14:24+0530,4ed44c14-2f51-424d-bf2a-2b6222320a06
Public Safety & Emergency,"Surveillance, policing & disaster",Urban (IUDX COS),My Safetipin App in Bengaluru City,images; women safety; openness; safety score; people on the road; security; visibility; walkpath; safety perception,Bengaluru,,,,,2024-05-06T05:01:29+0530,a50f9205-6eb3-4042-a8da-814f0d1335ab
Public Safety & Emergency,"Surveillance, policing & disaster",Urban (IUDX COS),My Safetipin App in Bhopal City,images; women safety; openness; safety score; people on the road; security; visibility; walkpath; safety perception,Bhopal ,,,,,2024-06-20T12:33:25+0530,8e8f7d91-f4e9-472c-a5a8-f78ee2d533e8
Public Safety & Emergency,"Surveillance, policing & disaster",Urban (IUDX COS),My Safetipin App in Chennai City,images; women safety; openness; safety score; people on the road; security; visibility; walkpath; safety perception,"Chennai, Tamilnadu",,,,,2024-06-20T12:25:22+0530,3eed87b7-5932-41be-a40d-84708c12d998
Public Safety & Emergency,"Surveillance, policing & disaster",Urban (IUDX COS),My Safetipin App in Gwalior City,images; women safety; openness; safety score; people on the road; security; visibility; walkpath; safety perception,"Gwalior, Madhya Pradesh",,,,,2024-06-20T12:21:03+0530,96bbee02-f284-47dd-ac9b-263f56d1e1f6
Public Safety & Emergency,"Surveillance, policing & disaster",Urban (IUDX COS),My Safetipin App in Hyderabad City,images; women safety; openness; safety score; people on the road; security; visibility; walkpath; safety perception,"Hyderabad, Telangana",,,,,2024-06-20T12:11:14+0530,ac1033b9-e854-4b26-a891-d344db4fae1f
Public Safety & Emergency,"Surveillance, policing & disaster",Urban (IUDX COS),My Safetipin App in Jaipur City,images; women safety; openness; safety score; people on the road; security; visibility; walkpath; safety perception,Jaipur ,,,,,2024-06-20T11:56:50+0530,91e116be-03bd-4f3d-a60b-e9db59bf48f0
Public Safety & Emergency,"Surveillance, policing & disaster",Urban (IUDX COS),My Safetipin App in Pune City,images; women safety; openness; safety score; people on the road; security; visibility; walkpath; safety perception,Pune,,,,,2023-02-14T09:29:32+0530,712deeab-579b-4147-8bb1-f292fdfdde33
Public Safety & Emergency,"Surveillance, policing & disaster",Urban (IUDX COS),My Safetipin App in Surat City,images; women safety; openness; safety score; people on the road; security; visibility; walkpath; safety perception,Surat,,,,,2024-05-06T05:04:52+0530,e54a33b6-8cc1-44b8-811d-6d16e21442ab
Public Safety & Emergency,"Surveillance, policing & disaster",Urban (IUDX COS),My Safetipin App in Thiruvananthapuram City,images; women safety; openness; safety score; people on the road; security; visibility; walkpath; safety perception,"Thiruvananthapuram, Kerala.",,,,,2024-06-20T11:50:02+0530,824c35bf-6f95-4517-9e2e-d507b5eba4b0
Public Safety & Emergency,"Surveillance, policing & disaster",Urban (IUDX COS),Realtime Information of Emergency Vehicle in Davanagere City,ambulance; emergency vehicle; license plate; sos; on call; fire service; fire tender; fire; patient; hospital; on duty; siren; emergency transit; make way; green corridor,"Davanagere, Karnataka",,,,,2024-06-28T11:49:21+0530,fde284b1-e8b0-4c86-9f0c-a9aac451afb5
Public Safety & Emergency,"Surveillance, policing & disaster",Urban (IUDX COS),Road Events Captured by Bengaluru Traffic Police in Bengaluru City,accident; blackspot; location; surveillance; traffic; road accident; traffic violation; road traffic; traffic police,Bengaluru,,,,,2024-04-17T11:20:24+0530,74b439d4-ec82-4820-bb59-4ae61fda2208
Public Safety & Emergency,"Surveillance, policing & disaster",Urban (IUDX COS),Traffic Events captured by Bengaluru Traffic Police for Bengaluru City,camera; cctv; location; camera feed; surveillance; traffic junctions; traffic violation; live feed; detectors; traffic police; road traffic,Bengaluru,,,,,2024-04-16T05:10:48+0530,37dc7223-d844-4bf8-85a7-8034306a5235
Public Safety & Emergency,"Surveillance, policing & disaster",Urban (IUDX COS),Traffic Events captured by Chandigarh Traffic Police for Chandigarh City,camera; cctv; location; camera feed; surveillance; traffic junctions; traffic violation; live feed; detectors; traffic police; road traffic,Chandigarh,,,,,2024-05-15T02:06:07+0530,736172f6-7512-40a1-9908-45fe2e7a8ee2
Public Safety & Emergency,"Surveillance, policing & disaster",Urban (IUDX COS),Traffic Events Captured By Dehradun Traffic Police for Dehradun City,camera; cctv; location; camera feed; surveillance; traffic junctions; traffic violation; rlvd; svd; red light violation; speed violation; live feed; detectors; traffic police; road traffic; dehradun,"Dehradun, Uttarakhand",,,,,2025-01-07T09:36:41+0530,e3d63b4a-796a-4c19-8772-40e2609d2dc8
Public Safety & Emergency,"Surveillance, policing & disaster",Urban (IUDX COS),Video Files from Surveillance Cameras in Faridabad City,camera; mobility; vehicle; transport; traffic; flood; junction; commute; cctv; rlvd; anpr; video; camera feed; surveillance; traffic monitoring; red light; violation,"faridabad, Haryana",,,,,2021-12-15T05:01:05+0530,a38bee66-1fe5-40f6-85c0-ad16e8efac17
Public Safety & Emergency,"Surveillance, policing & disaster",Urban (IUDX COS),Video Files from Surveillance/Traffic Cameras in Agartala City,camera; mobility; vehicle; transport; traffic; junction; commute; cctv; rlvd; anpr; video; camera feed; surveillance; traffic monitoring; red light; violation,"Agartala, Tripura",,,,,2023-03-20T06:22:29+0530,cbf533b3-0017-4be0-82f8-0ced0109b64f
Public Safety & Emergency,"Surveillance, policing & disaster",Urban (IUDX COS),Video Files from Surveillance/Traffic Cameras in Bengaluru City,camera; mobility; vehicle; transport; traffic; junction; commute; cctv; rlvd; anpr; video; camera feed; surveillance; traffic monitoring; red light; violation,"Bengaluru, Karnataka",,,,,2024-05-15T03:55:45+0530,ba7b15d4-636e-4b16-8bb4-363f6ed98980
Telecom & Digital Infrastructure,Fiber & telecom network assets,Telangana (TGDeX),Application Flow List Definitions,Fiber optic network; Telecom; Infrastructure; GeoSpatial,Telangana,Dept. of ITE&C,Telecom,CSV,RESTRICTED,2025-10-28T02:33:13+0530,a4d1677f-06d9-4f61-9f55-847a00de5bd2
Telecom & Digital Infrastructure,Fiber & telecom network assets,Telangana (TGDeX),Application Flow List Item Configurations,Fiber optic network; Telecom; Infrastructure; GeoSpatial,Telangana,Dept. of ITE&C,Telecom,CSV,RESTRICTED,2025-10-28T02:34:15+0530,8627a54c-c666-4bd1-953f-23841da4b1ce
Telecom & Digital Infrastructure,Fiber & telecom network assets,Telangana (TGDeX),Attribute Validation Results for T-Fiber Geographic Information System Shape Files,Fiber optic network; Telecom; Infrastructure; GeoSpatial,Telangana,Dept. of ITE&C,Telecommunications & Networking,csv,RESTRICTED,2025-06-22T10:50:29+0530,87c3528a-7473-4734-aee0-cdae254acaa8
Telecom & Digital Infrastructure,Fiber & telecom network assets,Telangana (TGDeX),Audit Event Code Reference,Fiber optic network; Telecom; Infrastructure; GeoSpatial,Telangana,Dept. of ITE&C,Telecom,CSV,RESTRICTED,2025-10-28T03:01:50+0530,72cf576e-7382-43ad-906b-9e33bb842a6a
Telecom & Digital Infrastructure,Fiber & telecom network assets,Telangana (TGDeX),Building Alignment Topology Geometry,Fiber optic network; Telecom; Infrastructure; GeoSpatial,Telangana,Dept. of ITE&C,Telecommunications & Networking,csv,RESTRICTED,2025-06-22T10:46:51+0530,7c96e968-e60e-4e32-9c04-39d7223aea0e
Telecom & Digital Infrastructure,Fiber & telecom network assets,Telangana (TGDeX),Built-In Plant Taxonomy Records,Fiber optic network; Telecom; Infrastructure; GeoSpatial,Telangana,Dept. of ITE&C,Telecom,CSV,RESTRICTED,2025-10-28T02:26:26+0530,72b90fc2-1805-4e53-a9cf-b5fe279ef11b
Telecom & Digital Infrastructure,Fiber & telecom network assets,Telangana (TGDeX),Coordinate Operation Parameter Usage,Fiber optic network; Telecom; Infrastructure; GeoSpatial,Telangana,Dept. of ITE&C,Telecom,CSV,RESTRICTED,2025-10-28T06:05:54+0530,f2d3d9c6-6467-47f0-b358-6e79ee9a71dd
Telecom & Digital Infrastructure,Fiber & telecom network assets,Telangana (TGDeX),Copper Cable Specification Reference,Fiber optic network; Telecom; Infrastructure; GeoSpatial,Telangana,Dept. of ITE&C,Telecom,CSV,RESTRICTED,2025-10-28T05:31:34+0530,3caab855-be8e-4000-98f1-ec1465400206
Telecom & Digital Infrastructure,Fiber & telecom network assets,Telangana (TGDeX),Copper Conductor Loss Specifications,Fiber optic network; Telecom; Infrastructure; GeoSpatial,Telangana,Dept. of ITE&C,Telecom,CSV,RESTRICTED,2025-10-28T03:57:59+0530,4aa5c4e4-9cce-4979-ab7e-ba6f3c072bf4
Telecom & Digital Infrastructure,Fiber & telecom network assets,Telangana (TGDeX),Dialog Tab Definitions for T-Fiber Geographical Information System Interface,Fiber optic network; Telecom; Infrastructure; GeoSpatial,Telangana,Dept. of ITE&C,Telecom,CSV,RESTRICTED,2025-10-28T04:04:13+0530,5158bf97-e551-4110-9dc8-05c5c892992c
Telecom & Digital Infrastructure,Fiber & telecom network assets,Telangana (TGDeX),Fiber Network Attribute Validation Results,Fiber optic network; Telecom; Infrastructure; GeoSpatial,Telangana,Dept. of ITE&C,Telecommunications & Networking,csv,RESTRICTED,2025-06-22T10:50:36+0530,7b983bb9-85f5-496c-8071-bc9ec639f5d5
Telecom & Digital Infrastructure,Fiber & telecom network assets,Telangana (TGDeX),Fiber Network Connectivity Transactions,Fiber optic network; Telecom; Infrastructure; GeoSpatial,Telangana,Dept. of ITE&C,Telecom,CSV,RESTRICTED,2025-10-28T03:23:40+0530,817548d5-ca8a-4c64-a9ab-5a65f0a3d9b1
Telecom & Digital Infrastructure,Fiber & telecom network assets,Telangana (TGDeX),Fiber Network Containment Results,Fiber optic network; Telecom; Infrastructure; GeoSpatial,Telangana,Dept. of ITE&C,Telecom,CSV,RESTRICTED,2025-10-28T03:57:28+0530,da47a090-ddec-4df2-9742-0c2ad0a7376a
Telecom & Digital Infrastructure,Fiber & telecom network assets,Telangana (TGDeX),Fiber Network Design Level Mapping Across Schema Versions,Fiber optic network; Telecom; Infrastructure; GeoSpatial,Telangana,Dept. of ITE&C,Telecom,CSV,RESTRICTED,2025-10-28T04:10:59+0530,cb28aaca-987c-4937-836c-f134f661994e
Telecom & Digital Infrastructure,Fiber & telecom network assets,Telangana (TGDeX),Fiber Network Element Default Display Settings,Fiber optic network; Telecom; Infrastructure; GeoSpatial,Telangana,Dept. of ITE&C,Telecom,CSV,RESTRICTED,2025-10-28T04:24:31+0530,bcea517c-f1fe-4aed-99cb-19d414a4f166
Telecom & Digital Infrastructure,Fiber & telecom network assets,Telangana (TGDeX),Fiber Network Geographic Element Defaults,Fiber optic network; Telecom; Infrastructure; GeoSpatial,Telangana,Dept. of ITE&C,Telecom,CSV,RESTRICTED,2025-10-28T04:30:45+0530,620f38fb-3aa5-4740-90cb-fad554c96b8d
Telecom & Digital Infrastructure,Fiber & telecom network assets,Telangana (TGDeX),Fiber Network Geometry Level Mapping,Fiber optic network; Telecom; Infrastructure; GeoSpatial,Telangana,Dept. of ITE&C,Telecom,CSV,RESTRICTED,2025-10-28T04:10:28+0530,b03ed994-fe9c-4b2d-b384-eeeb23209ddd
Telecom & Digital Infrastructure,Fiber & telecom network assets,Telangana (TGDeX),Fiber Network Geospatial Display Definitions,Fiber optic network; Telecom; Infrastructure; GeoSpatial,Telangana,Dept. of ITE&C,Telecom,CSV,RESTRICTED,2025-10-28T04:33:52+0530,7685f644-6f1e-4bce-b12c-4fe3256bcf2e
Telecom & Digital Infrastructure,Fiber & telecom network assets,Telangana (TGDeX),Fiber Network Geospatial Style Rules,Fiber optic network; Telecom; Infrastructure; GeoSpatial,Telangana,Dept. of ITE&C,Telecom,CSV,RESTRICTED,2025-10-28T04:59:20+0530,f9b8da68-8595-4348-bf01-f02d352536e0
Telecom & Digital Infrastructure,Fiber & telecom network assets,Telangana (TGDeX),Fiber Network Labeling Rules Repository,Fiber optic network; Telecom; Infrastructure; GeoSpatial,Telangana,Dept. of ITE&C,Telecom,CSV,RESTRICTED,2025-10-28T04:18:47+0530,f08671dc-249b-46d4-af54-66a3ee69f683
Telecom & Digital Infrastructure,Fiber & telecom network assets,Telangana (TGDeX),Fiber Network Legend Display Definitions,Fiber optic network; Telecom; Infrastructure; GeoSpatial,Telangana,Dept. of ITE&C,Telecom,CSV,RESTRICTED,2025-10-28T04:28:09+0530,0c6a9021-d3c5-424d-aaeb-27acc06519ac
Telecom & Digital Infrastructure,Fiber & telecom network assets,Telangana (TGDeX),Fiber Network Map Legend Definitions,Fiber optic network; Telecom; Infrastructure; GeoSpatial,Telangana,Dept. of ITE&C,Telecom,CSV,RESTRICTED,2025-10-28T04:33:21+0530,a5b49aa6-5a2b-4195-b9a4-96343479010a
Telecom & Digital Infrastructure,Fiber & telecom network assets,Telangana (TGDeX),Fiber Network Operation Path Steps,Fiber optic network; Telecom; Infrastructure; GeoSpatial,Telangana,Dept. of ITE&C,Telecom,CSV,RESTRICTED,2025-10-28T06:11:06+0530,4bab499d-5144-4699-84fe-6280d47e5390
Telecom & Digital Infrastructure,Fiber & telecom network assets,Telangana (TGDeX),Fiber Network Ownership and Editing Rules,Fiber optic network; Telecom; Infrastructure; GeoSpatial,Telangana,Dept. of ITE&C,Telecom,CSV,RESTRICTED,2025-10-28T04:38:01+0530,98eaf92e-fa05-419c-b0bb-8b46b9d0b9a4
Telecom & Digital Infrastructure,Fiber & telecom network assets,Telangana (TGDeX),Fiber Network Relationship Mapping,Fiber optic network; Telecom; Infrastructure; GeoSpatial,Telangana,Dept. of ITE&C,Telecom,CSV,RESTRICTED,2025-10-28T04:53:05+0530,2715e36b-b802-4302-bf63-b3b24b400c6e
Telecom & Digital Infrastructure,Fiber & telecom network assets,Telangana (TGDeX),Fiber Network Route Indicator Label Geometry,Fiber optic network; Telecom; Infrastructure; GeoSpatial,Telangana,Dept. of ITE&C,Telecommunications & Networking,csv,RESTRICTED,2025-06-22T10:45:49+0530,e80eb7f3-f25a-4c14-a746-12896f804c90
Telecom & Digital Infrastructure,Fiber & telecom network assets,Telangana (TGDeX),Fiber Network Style Rule Definitions,Fiber optic network; Telecom; Infrastructure; GeoSpatial,Telangana,Dept. of ITE&C,Telecom,CSV,RESTRICTED,2025-10-28T04:59:51+0530,d84fea32-545f-41dc-ad96-4a6580492f88
Telecom & Digital Infrastructure,Fiber & telecom network assets,Telangana (TGDeX),Fiber Network Version Mapping Records,Fiber optic network; Telecom; Infrastructure; GeoSpatial,Telangana,Dept. of ITE&C,Telecom,CSV,RESTRICTED,2025-10-28T04:09:25+0530,98dd8dbb-b251-44e4-a324-ee5dbb373da6
Telecom & Digital Infrastructure,Fiber & telecom network assets,Telangana (TGDeX),Fiber Optic Asset Containment Relations,Fiber optic network; Telecom; Infrastructure; GeoSpatial,Telangana,Dept. of ITE&C,Telecommunications & Networking,csv,RESTRICTED,2025-06-22T10:43:35+0530,fa373b96-532c-41fa-869d-5eb3cac318bf
Telecom & Digital Infrastructure,Fiber & telecom network assets,Telangana (TGDeX),Fiber Optic Attenuation Measurements,Fiber optic network; Telecom; Infrastructure; GeoSpatial,Telangana,Dept. of ITE&C,Telecom,CSV,RESTRICTED,2025-10-28T05:07:39+0530,d625d585-4c0a-45e6-b076-904d5e5e9bf9
Telecom & Digital Infrastructure,Fiber & telecom network assets,Telangana (TGDeX),Fiber Optic Cable Attenuation Specifications,Fiber optic network; Telecom; Infrastructure; GeoSpatial,Telangana,Dept. of ITE&C,Telecom,CSV,RESTRICTED,2025-10-28T04:15:40+0530,5016944a-9c49-470b-98de-3dae0a5e749b
Telecom & Digital Infrastructure,Fiber & telecom network assets,Telangana (TGDeX),Fiber Optic Cable Route Alignment and Label Geometry,Fiber optic network; Telecom; Infrastructure; GeoSpatial,Telangana,Dept. of ITE&C,Telecommunications & Networking,csv,RESTRICTED,2025-06-22T10:46:56+0530,02ae0067-d56e-4bc8-99c3-808932d88760
Telecom & Digital Infrastructure,Fiber & telecom network assets,Telangana (TGDeX),Fiber Optic Chamber Infrastructure Inventory,Fiber optic network; Telecom; Infrastructure; GeoSpatial,Telangana,Dept. of ITE&C,Telecommunications & Networking,csv,RESTRICTED,2025-06-22T10:49:54+0530,5bed5851-4e20-4e85-9602-cd29a7d528f6
Telecom & Digital Infrastructure,Fiber & telecom network assets,Telangana (TGDeX),Fiber Optic Duct Segment Geometry,Fiber optic network; Telecom; Infrastructure; GeoSpatial,Telangana,Dept. of ITE&C,Telecommunications & Networking,csv,RESTRICTED,2025-06-22T10:44:07+0530,88b59d7d-a831-45da-aed1-e9e35720f882
Telecom & Digital Infrastructure,Fiber & telecom network assets,Telangana (TGDeX),Fiber Optic Network Drawing Parts,Fiber optic network; Telecom; Infrastructure; GeoSpatial,Telangana,Dept. of ITE&C,Telecom,CSV,RESTRICTED,2025-10-28T05:22:44+0530,40f9abca-68db-44df-8c00-af0117d5c268
Telecom & Digital Infrastructure,Fiber & telecom network assets,Telangana (TGDeX),Fiber Optic Service Package Content Records,Fiber optic network; Telecom; Infrastructure; GeoSpatial,Telangana,Dept. of ITE&C,Telecom,CSV,RESTRICTED,2025-10-28T05:15:58+0530,38e27283-0fb9-4584-a801-36737ab076cf
Telecom & Digital Infrastructure,Fiber & telecom network assets,Telangana (TGDeX),Fiber Plate Position Layout Records,Fiber optic network; Telecom; Infrastructure; GeoSpatial,Telangana,Dept. of ITE&C,Telecom,CSV,RESTRICTED,2025-10-28T05:17:00+0530,f1991052-8559-4b70-afb6-91f745b7f203
Telecom & Digital Infrastructure,Fiber & telecom network assets,Telangana (TGDeX),Fiber-Optic Coil Components Reference,Fiber optic network; Telecom; Infrastructure; GeoSpatial,Telangana,Dept. of ITE&C,Telecom,CSV,RESTRICTED,2025-10-28T05:34:41+0530,a81ab828-6470-49c9-9f44-e448dbb91a13
Telecom & Digital Infrastructure,Fiber & telecom network assets,Telangana (TGDeX),Fiber-Optic Coupler Label and Alignment Geometry,Fiber optic network; Telecom; Infrastructure; GeoSpatial,Telangana,Dept. of ITE&C,Telecommunications & Networking,csv,RESTRICTED,2025-06-22T10:47:20+0530,1fee1760-31c2-410d-831c-e78caab0cdb2
Telecom & Digital Infrastructure,Fiber & telecom network assets,Telangana (TGDeX),Fiber-Optic Coupler Location and Inspection Records,Fiber optic network; Telecom; Infrastructure; GeoSpatial,Telangana,Dept. of ITE&C,Telecommunications & Networking,csv,RESTRICTED,2025-06-22T10:52:41+0530,5bfe87bd-f32c-46f0-902c-f0d479e51c5d
Telecom & Digital Infrastructure,Fiber & telecom network assets,Telangana (TGDeX),Fiber-Optic Network Asset Ownership Relations,Fiber optic network; Telecom; Infrastructure; GeoSpatial,Telangana,Dept. of ITE&C,Telecommunications & Networking,csv,RESTRICTED,2025-06-22T10:48:34+0530,ff55d2ef-3538-434c-bc65-50a2970847e0
Telecom & Digital Infrastructure,Fiber & telecom network assets,Telangana (TGDeX),Fiber-Optic Route Obstacle Inventory,Fiber optic network; Telecom; Infrastructure; GeoSpatial,Telangana,Dept. of ITE&C,Telecom,CSV,RESTRICTED,2025-10-28T06:41:46+0530,29b75ed9-a13d-47c9-8a5f-bda2de6bf0d7
Telecom & Digital Infrastructure,Fiber & telecom network assets,Telangana (TGDeX),Fiber-Optic Trench Chainage Records,Fiber optic network; Telecom; Infrastructure; GeoSpatial,Telangana,Dept. of ITE&C,Telecommunications & Networking,csv,RESTRICTED,2025-06-22T10:49:41+0530,5d393453-b410-4aa7-b509-c55606075153
Telecom & Digital Infrastructure,Fiber & telecom network assets,Telangana (TGDeX),Gaonet Fiber Network Attribute Records,Fiber optic network; Telecom; Infrastructure; GeoSpatial,Telangana,Dept. of ITE&C,Telecom,CSV,RESTRICTED,2025-10-28T05:05:34+0530,2417ca3b-0cfd-4aa6-a649-08ee77f73522
Telecom & Digital Infrastructure,Fiber & telecom network assets,Telangana (TGDeX),Geospatial Analysis Mapping Configurations for Fiber Network,Fiber optic network; Telecom; Infrastructure; GeoSpatial,Telangana,Dept. of ITE&C,Telecom,CSV,RESTRICTED,2025-10-28T03:43:26+0530,6b5f1dfe-5905-4aef-a4c7-c16686d8d79b
Telecom & Digital Infrastructure,Fiber & telecom network assets,Telangana (TGDeX),Geospatial Attribute Definitions for T-Fiber Management,Fiber optic network; Telecom; Infrastructure; GeoSpatial,Telangana,Dept. of ITE&C,Telecom,CSV,RESTRICTED,2025-10-28T03:47:36+0530,4560ae9b-c98b-4ced-a17e-acc5110bd85e
Telecom & Digital Infrastructure,Fiber & telecom network assets,Telangana (TGDeX),Geospatial Attribute Validation Results for T-Fiber Datasets,Fiber optic network; Telecom; Infrastructure; GeoSpatial,Telangana,Dept. of ITE&C,Telecommunications & Networking,csv,RESTRICTED,2025-06-22T10:52:37+0530,6770d16b-8214-4b9a-917a-db9b3bd4836c
Telecom & Digital Infrastructure,Fiber & telecom network assets,Telangana (TGDeX),Geospatial Feature Migration Report for T-Fiber Fiber Network,Fiber optic network; Telecom; Infrastructure; GeoSpatial,Telangana,Dept. of ITE&C,Telecom,CSV,RESTRICTED,2025-10-31T02:58:16+0530,ef0c6158-92ed-40d6-9cbd-8ad5a0e8912f
Telecom & Digital Infrastructure,Fiber & telecom network assets,Telangana (TGDeX),Geospatial Road Width and Junction Inventory for Fiber Network Planning,Fiber optic network; Telecom; Infrastructure; GeoSpatial,Telangana,Dept. of ITE&C,Telecom,CSV,RESTRICTED,2025-10-28T05:40:56+0530,7f4f30a9-5fec-41a9-8772-664cc4e762bf
Telecom & Digital Infrastructure,Fiber & telecom network assets,Telangana (TGDeX),Geospatial Style Object Translations for Fiber Network Mapping,Fiber optic network; Telecom; Infrastructure; GeoSpatial,Telangana,Dept. of ITE&C,Telecom,CSV,RESTRICTED,2025-10-28T04:58:17+0530,ea5017a5-de64-4b4e-a3f8-00d7a8e254e8
Telecom & Digital Infrastructure,Fiber & telecom network assets,Telangana (TGDeX),GIS to AutoCAD Layer Mapping for T-Fiber Infrastructure,Fiber optic network; Telecom; Infrastructure; GeoSpatial,Telangana,Dept. of ITE&C,Telecom,CSV,RESTRICTED,2025-10-28T04:07:52+0530,a36f7725-dc20-4965-b857-f3aa356ca6c7
Telecom & Digital Infrastructure,Fiber & telecom network assets,Telangana (TGDeX),Horizontal Directional Drilling Chainage Data for Telangana State Fiber Network,Fiber optic network; Telecom; Infrastructure; GeoSpatial,Telangana,Dept. of ITE&C,Telecom,CSV,RESTRICTED,2025-10-28T06:20:28+0530,ab835ec5-c50d-410b-b664-fc19f05ba263
Telecom & Digital Infrastructure,Fiber & telecom network assets,Telangana (TGDeX),Horizontal Directional Drilling Records for Fiber-Optic Cable Deployment,Fiber optic network; Telecom; Infrastructure; GeoSpatial,Telangana,Dept. of ITE&C,Telecom,CSV,RESTRICTED,2025-10-28T06:20:59+0530,c2691315-bece-4b62-be80-df039fd999ee
Telecom & Digital Infrastructure,Fiber & telecom network assets,Telangana (TGDeX),Integrated Geospatial Fiber-Optic Network Landmarks,Fiber optic network; Telecom; Infrastructure; GeoSpatial,Telangana,Dept. of ITE&C,Telecommunications & Networking,csv,RESTRICTED,2025-06-22T10:47:57+0530,04dd9910-ea2d-447f-84fd-a36ea64b283d
Telecom & Digital Infrastructure,Fiber & telecom network assets,Telangana (TGDeX),Integrated Landmark Geometry for T-Fiber Network,Fiber optic network; Telecom; Infrastructure; GeoSpatial,Telangana,Dept. of ITE&C,Telecommunications & Networking,csv,RESTRICTED,2025-06-22T10:48:00+0530,42e89ebf-28ee-454c-82e8-91d35d68ddc9
Telecom & Digital Infrastructure,Fiber & telecom network assets,Telangana (TGDeX),Landmark Label Alignment and Geometry,Fiber optic network; Telecom; Infrastructure; GeoSpatial,Telangana,Dept. of ITE&C,Telecommunications & Networking,csv,RESTRICTED,2025-06-22T10:44:32+0530,fe012faa-1e64-47cb-93eb-c6ae95ab5a58
Telecom & Digital Infrastructure,Fiber & telecom network assets,Telangana (TGDeX),Localized Label Formats for Fiber Network Components,Fiber optic network; Telecom; Infrastructure; GeoSpatial,Telangana,Dept. of ITE&C,Telecom,CSV,RESTRICTED,2025-10-31T02:56:42+0530,2f1ab766-8781-4563-8c62-0864b26c9eac
Telecom & Digital Infrastructure,Fiber & telecom network assets,Telangana (TGDeX),Main Fiber Protection Asset Details,Fiber optic network; Telecom; Infrastructure; GeoSpatial,Telangana,Dept. of ITE&C,Telecommunications & Networking,csv,RESTRICTED,2025-06-22T10:45:32+0530,f2398362-2feb-463e-b015-3687c774be5f
Telecom & Digital Infrastructure,Fiber & telecom network assets,Telangana (TGDeX),Multi-domain Reference Values Helper Table,Fiber optic network; Telecom; Infrastructure; GeoSpatial,Telangana,Dept. of ITE&C,Telecom,CSV,RESTRICTED,2025-10-28T02:26:58+0530,6eba7674-ae5a-4c7f-9a39-0907e0e66613
Telecom & Digital Infrastructure,Fiber & telecom network assets,Telangana (TGDeX),Object Attribute Type Lookup for Context Management,Fiber optic network; Telecom; Infrastructure; GeoSpatial,Telangana,Dept. of ITE&C,Telecom,CSV,RESTRICTED,2025-10-28T02:59:14+0530,d53c5874-e43b-4faa-98fb-4440cd7f3c61
Telecom & Digital Infrastructure,Fiber & telecom network assets,Telangana (TGDeX),Optical Fiber Dispersion Measurements,Fiber optic network; Telecom; Infrastructure; GeoSpatial,Telangana,Dept. of ITE&C,Telecom,CSV,RESTRICTED,2025-10-28T05:13:22+0530,e0a470d3-7c62-45ca-93a6-01fa9ee8be18
Telecom & Digital Infrastructure,Fiber & telecom network assets,Telangana (TGDeX),Optical Line Terminal Inventory - T-Fiber Telangana,Fiber optic network; Telecom; Infrastructure; GeoSpatial,Telangana,Dept. of ITE&C,Telecom,CSV,RESTRICTED,2025-10-28T06:56:51+0530,2371c697-5e91-4138-8eeb-9b828967b367
Telecom & Digital Infrastructure,Fiber & telecom network assets,Telangana (TGDeX),Optical Network Unit Inventory for Statewide Fiber Infrastructure,Fiber optic network; Telecom; Infrastructure; GeoSpatial,Telangana,Dept. of ITE&C,Telecom,CSV,RESTRICTED,2025-10-28T03:26:48+0530,aabec1d2-256f-4ca7-b52d-b236ce2f995e
Telecom & Digital Infrastructure,Fiber & telecom network assets,Telangana (TGDeX),Protection Asset Label Alignment and Geometry,Fiber optic network; Telecom; Infrastructure; GeoSpatial,Telangana,Dept. of ITE&C,Telecommunications & Networking,csv,RESTRICTED,2025-06-22T10:45:28+0530,1460a13d-1ea4-4c8e-a6b7-c94d4fdfd716
Telecom & Digital Infrastructure,Fiber & telecom network assets,Telangana (TGDeX),Reference Material Item Catalog for Fiber Infrastructure,Fiber optic network; Telecom; Infrastructure; GeoSpatial,Telangana,Dept. of ITE&C,Telecom,CSV,RESTRICTED,2025-10-28T05:35:13+0530,28e0e741-ce73-421f-b0f9-3dd2aeae45e7
Telecom & Digital Infrastructure,Fiber & telecom network assets,Telangana (TGDeX),Road Width Data for Fiber-Optic Deployment,Fiber optic network; Telecom; Infrastructure; GeoSpatial,Telangana,Dept. of ITE&C,Telecom,CSV,RESTRICTED,2025-10-28T06:49:03+0530,9131ce1a-8772-4289-8488-748234f2d98d
Telecom & Digital Infrastructure,Fiber & telecom network assets,Telangana (TGDeX),State Fiber Network Device Inventory,Fiber optic network; Telecom; Infrastructure; GeoSpatial,Telangana,Dept. of ITE&C,Telecom,CSV,RESTRICTED,2025-10-28T05:11:18+0530,6cb56be3-3e66-4c9a-9713-3aa8d978bf32
Telecom & Digital Infrastructure,Fiber & telecom network assets,Telangana (TGDeX),System Message Catalog for Network Management Module,Fiber optic network; Telecom; Infrastructure; GeoSpatial,Telangana,Dept. of ITE&C,Telecom,CSV,RESTRICTED,2025-10-28T03:58:31+0530,fb45cf13-1c95-4697-94e3-6d9c910550a1
Telecom & Digital Infrastructure,Fiber & telecom network assets,Telangana (TGDeX),T-Fiber Administrative Edits Log,Fiber optic network; Telecom; Infrastructure; GeoSpatial,Telangana,Dept. of ITE&C,Telecom,CSV,RESTRICTED,2025-10-29T12:57:49+0530,5b8c7767-1d84-4abe-9235-b06615742f76
Telecom & Digital Infrastructure,Fiber & telecom network assets,Telangana (TGDeX),T-Fiber Analysis Mapping Definitions,Fiber optic network; Telecom; Infrastructure; GeoSpatial,Telangana,Dept. of ITE&C,Telecom,CSV,RESTRICTED,2025-10-28T03:43:58+0530,d0f88edf-7e4b-4415-bf85-aac933b84c36
Telecom & Digital Infrastructure,Fiber & telecom network assets,Telangana (TGDeX),T-Fiber Application Menu Option Definitions,Fiber optic network; Telecom; Infrastructure; GeoSpatial,Telangana,Dept. of ITE&C,Telecom,CSV,RESTRICTED,2025-10-28T02:35:50+0530,37fe249a-dca8-4f87-87fc-7583b4990fc3
Telecom & Digital Infrastructure,Fiber & telecom network assets,Telangana (TGDeX),T-Fiber Attribute Validation Results,Fiber optic network; Telecom; Infrastructure; GeoSpatial,Telangana,Dept. of ITE&C,Telecommunications & Networking,csv,RESTRICTED,2025-06-22T10:50:02+0530,a5e3c97f-f007-4658-bd02-212f21ea0736
Telecom & Digital Infrastructure,Fiber & telecom network assets,Telangana (TGDeX),T-Fiber Attribute Validation Results for Shapefiles,Fiber optic network; Telecom; Infrastructure; GeoSpatial,Telangana,Dept. of ITE&C,Telecommunications & Networking,csv,RESTRICTED,2025-06-22T10:50:32+0530,04d3cc39-3a75-494e-8d54-27b1664174a5
Telecom & Digital Infrastructure,Fiber & telecom network assets,Telangana (TGDeX),T-Fiber Broadband Router Inventory,Fiber optic network; Telecom; Infrastructure; GeoSpatial,Telangana,Dept. of ITE&C,Telecom,CSV,RESTRICTED,2025-10-28T03:31:29+0530,2eef5dde-f91a-4f84-9ad1-6b293bb827f9
Telecom & Digital Infrastructure,Fiber & telecom network assets,Telangana (TGDeX),T-Fiber Building Asset Records,Fiber optic network; Telecom; Infrastructure; GeoSpatial,Telangana,Dept. of ITE&C,Telecom,CSV,RESTRICTED,2025-10-28T03:11:11+0530,c3d4374d-c5f7-4aae-ade9-6e1971ae79e1
Telecom & Digital Infrastructure,Fiber & telecom network assets,Telangana (TGDeX),T-Fiber Building Footprint Geometry,Fiber optic network; Telecom; Infrastructure; GeoSpatial,Telangana,Dept. of ITE&C,Telecommunications & Networking,csv,RESTRICTED,2025-06-22T10:46:46+0530,52b3549e-104a-47a5-ad22-a5a21f3788b8
Telecom & Digital Infrastructure,Fiber & telecom network assets,Telangana (TGDeX),T-Fiber Building Point Feature Data,Fiber optic network; Telecom; Infrastructure; GeoSpatial,Telangana,Dept. of ITE&C,Telecom,CSV,RESTRICTED,2025-10-28T03:06:30+0530,8bf7930b-7d56-4e5f-9f93-54dc3a89a06f
Telecom & Digital Infrastructure,Fiber & telecom network assets,Telangana (TGDeX),T-Fiber Building Point Geometry Dataset,Fiber optic network; Telecom; Infrastructure; GeoSpatial,Telangana,Dept. of ITE&C,Telecommunications & Networking,csv,RESTRICTED,2025-06-22T10:43:08+0530,053c8f65-1237-4f5b-94ee-b916725fb8a1
Telecom & Digital Infrastructure,Fiber & telecom network assets,Telangana (TGDeX),T-Fiber Building Sub-Class Reference,Fiber optic network; Telecom; Infrastructure; GeoSpatial,Telangana,Dept. of ITE&C,Telecom,CSV,RESTRICTED,2025-10-28T05:30:32+0530,12428db7-d18a-4511-b1c7-0f7cde307779
Telecom & Digital Infrastructure,Fiber & telecom network assets,Telangana (TGDeX),T-Fiber Building Type and Subtype Taxonomy,Fiber optic network; Telecom; Infrastructure; GeoSpatial,Telangana,Dept. of ITE&C,Telecom,CSV,RESTRICTED,2025-10-28T03:40:50+0530,3dc2db16-4a21-429b-b891-04871430a3c7
Telecom & Digital Infrastructure,Fiber & telecom network assets,Telangana (TGDeX),T-Fiber Building Type Reference,Fiber optic network; Telecom; Infrastructure; GeoSpatial,Telangana,Dept. of ITE&C,Telecom,CSV,RESTRICTED,2025-10-28T03:40:19+0530,59526c4b-e2d4-4e05-80e3-cc6738a362a1
Telecom & Digital Infrastructure,Fiber & telecom network assets,Telangana (TGDeX),T-Fiber Cable Alignment and Topology Geometry,Fiber optic network; Telecom; Infrastructure; GeoSpatial,Telangana,Dept. of ITE&C,Telecommunications & Networking,csv,RESTRICTED,2025-06-22T10:43:59+0530,cff5507f-76c5-41f1-98b9-efc5830f26ac
Telecom & Digital Infrastructure,Fiber & telecom network assets,Telangana (TGDeX),T-Fiber Cable Route Asset Data,Fiber optic network; Telecom; Infrastructure; GeoSpatial,Telangana,Dept. of ITE&C,Telecommunications & Networking,csv,RESTRICTED,2025-06-22T10:51:05+0530,13653254-4afe-438a-88ce-b9f3eddb537e
Telecom & Digital Infrastructure,Fiber & telecom network assets,Telangana (TGDeX),T-Fiber Cable Route Label Annotations,Fiber optic network; Telecom; Infrastructure; GeoSpatial,Telangana,Dept. of ITE&C,Telecommunications & Networking,csv,RESTRICTED,2025-06-22T10:43:17+0530,98b40901-36cb-4bc3-8f1b-da65bdefaaeb
Telecom & Digital Infrastructure,Fiber & telecom network assets,Telangana (TGDeX),T-Fiber Cable Route Line Geometry,Fiber optic network; Telecom; Infrastructure; GeoSpatial,Telangana,Dept. of ITE&C,Telecommunications & Networking,csv,RESTRICTED,2025-06-22T10:43:21+0530,7b3347a7-6a4a-4999-8f57-cc6763f67b15
Telecom & Digital Infrastructure,Fiber & telecom network assets,Telangana (TGDeX),T-Fiber Cable Route Line Geometry,Fiber optic network; Telecom; Infrastructure; GeoSpatial,Telangana,Dept. of ITE&C,Telecommunications & Networking,csv,RESTRICTED,2025-06-22T10:47:00+0530,b1cd9563-4f14-45d7-be7c-8bb8e431528f
Telecom & Digital Infrastructure,Fiber & telecom network assets,Telangana (TGDeX),T-Fiber Chainage Label Alignment Geometries,Fiber optic network; Telecom; Infrastructure; GeoSpatial,Telangana,Dept. of ITE&C,Telecommunications & Networking,csv,RESTRICTED,2025-06-22T10:47:09+0530,9af07227-0973-4eca-ab2e-fdd965236a8c
Telecom & Digital Infrastructure,Fiber & telecom network assets,Telangana (TGDeX),T-Fiber Chainage Source Feature Identifiers,Fiber optic network; Telecom; Infrastructure; GeoSpatial,Telangana,Dept. of ITE&C,Telecom,CSV,RESTRICTED,2025-10-28T06:23:35+0530,91c0825f-04e7-447f-aa6e-96a85184b755
Telecom & Digital Infrastructure,Fiber & telecom network assets,Telangana (TGDeX),T-Fiber Chainage Spatial Dataset with SRID,Fiber optic network; Telecom; Infrastructure; GeoSpatial,Telangana,Dept. of ITE&C,Telecommunications & Networking,csv,RESTRICTED,2025-06-22T10:49:50+0530,f1b6959a-f6fd-448b-8f69-465de39137e4
Telecom & Digital Infrastructure,Fiber & telecom network assets,Telangana (TGDeX),T-Fiber Closure Feature Reference,Fiber optic network; Telecom; Infrastructure; GeoSpatial,Telangana,Dept. of ITE&C,Telecom,CSV,RESTRICTED,2025-10-28T05:33:08+0530,e65042da-1bed-41d9-8c3a-dfff74595fe1
Telecom & Digital Infrastructure,Fiber & telecom network assets,Telangana (TGDeX),T-Fiber Coordinate System Axis Definitions,Fiber optic network; Telecom; Infrastructure; GeoSpatial,Telangana,Dept. of ITE&C,Telecom,CSV,RESTRICTED,2025-10-28T07:10:56+0530,c201f2f8-0f5e-4755-9eb6-720c69ab807a
Telecom & Digital Infrastructure,Fiber & telecom network assets,Telangana (TGDeX),T-Fiber Core Network Coupler Assets,Fiber optic network; Telecom; Infrastructure; GeoSpatial,Telangana,Dept. of ITE&C,Telecommunications & Networking,csv,RESTRICTED,2025-06-22T10:43:43+0530,17a63504-7ca0-4152-a2f2-3fa865bcecf5
Telecom & Digital Infrastructure,Fiber & telecom network assets,Telangana (TGDeX),T-Fiber Core Optical Fiber Cable Segment Inventory,Fiber optic network; Telecom; Infrastructure; GeoSpatial,Telangana,Dept. of ITE&C,Telecommunications & Networking,csv,RESTRICTED,2025-06-22T10:52:49+0530,cbd495c6-3ac9-4746-8d78-5027c150b3e0
Telecom & Digital Infrastructure,Fiber & telecom network assets,Telangana (TGDeX),T-Fiber Coupler Asset Integration Records,Fiber optic network; Telecom; Infrastructure; GeoSpatial,Telangana,Dept. of ITE&C,Telecommunications & Networking,csv,RESTRICTED,2025-06-22T10:47:24+0530,3709f04b-1278-42cd-b961-1d9b00de2970
Telecom & Digital Infrastructure,Fiber & telecom network assets,Telangana (TGDeX),T-Fiber Coupler Label Alignment Spatial Annotations,Fiber optic network; Telecom; Infrastructure; GeoSpatial,Telangana,Dept. of ITE&C,Telecommunications & Networking,csv,RESTRICTED,2025-06-22T10:43:39+0530,0df9cf27-00e8-40ce-91a6-b6a776d2e90f
Telecom & Digital Infrastructure,Fiber & telecom network assets,Telangana (TGDeX),T-Fiber Cross-Connect Component Reference,Fiber optic network; Telecom; Infrastructure; GeoSpatial,Telangana,Dept. of ITE&C,Telecom,CSV,RESTRICTED,2025-10-28T05:40:24+0530,4f9c802e-44b9-4083-b82a-60042c1e3df5
Telecom & Digital Infrastructure,Fiber & telecom network assets,Telangana (TGDeX),T-Fiber Data Attribute Validation Results,Fiber optic network; Telecom; Infrastructure; GeoSpatial,Telangana,Dept. of ITE&C,Telecommunications & Networking,csv,RESTRICTED,2025-06-22T10:50:25+0530,84b1196f-eb41-4236-9ad7-fe678845ab3e
Telecom & Digital Infrastructure,Fiber & telecom network assets,Telangana (TGDeX),T-Fiber Database Object Replication Log,Fiber optic network; Telecom; Infrastructure; GeoSpatial,Telangana,Dept. of ITE&C,Telecom,CSV,RESTRICTED,2025-10-28T04:53:36+0530,7c580b35-2e9a-4fa6-bf23-3db69eef794b
Telecom & Digital Infrastructure,Fiber & telecom network assets,Telangana (TGDeX),T-Fiber Duct Line Segment Geometry,Fiber optic network; Telecom; Infrastructure; GeoSpatial,Telangana,Dept. of ITE&C,Telecommunications & Networking,csv,RESTRICTED,2025-06-22T10:47:36+0530,b6489ae0-06f9-4588-a2a0-92a1bbf80fd0
Telecom & Digital Infrastructure,Fiber & telecom network assets,Telangana (TGDeX),T-Fiber Feature Attribute Validation Rules,Fiber optic network; Telecom; Infrastructure; GeoSpatial,Telangana,Dept. of ITE&C,Telecom,CSV,RESTRICTED,2025-10-28T06:30:52+0530,c0a14900-f765-4b09-9020-35a873b10b3a
Telecom & Digital Infrastructure,Fiber & telecom network assets,Telangana (TGDeX),T-Fiber Fiber Cable Segment Inventory,Fiber optic network; Telecom; Infrastructure; GeoSpatial,Telangana,Dept. of ITE&C,Telecom,CSV,RESTRICTED,2025-10-28T03:07:01+0530,274e18cf-abd2-47e2-a2e6-32842dfea96e
Telecom & Digital Infrastructure,Fiber & telecom network assets,Telangana (TGDeX),T-Fiber Fiber Channel Link Segments with Transaction Audit,Fiber optic network; Telecom; Infrastructure; GeoSpatial,Telangana,Dept. of ITE&C,Telecom,CSV,RESTRICTED,2025-10-28T03:15:52+0530,798aa36e-c032-47f4-bf78-1fbf4d3a93b2
Telecom & Digital Infrastructure,Fiber & telecom network assets,Telangana (TGDeX),T-Fiber Fiber Distribution Management System Asset Inventory,Fiber optic network; Telecom; Infrastructure; GeoSpatial,Telangana,Dept. of ITE&C,Telecom,CSV,RESTRICTED,2025-10-28T06:56:20+0530,42bf9019-a7c7-4634-8285-eef45947a7d8
Telecom & Digital Infrastructure,Fiber & telecom network assets,Telangana (TGDeX),T-Fiber Fiber Distribution Network Spatial Versioning,Fiber optic network; Telecom; Infrastructure; GeoSpatial,Telangana,Dept. of ITE&C,Telecom,CSV,RESTRICTED,2025-10-28T03:07:33+0530,99eeaee4-823c-43ae-9223-a83260e2bde0
Telecom & Digital Infrastructure,Fiber & telecom network assets,Telangana (TGDeX),T-Fiber Fiber Duct Topology Alignment Geometry,Fiber optic network; Telecom; Infrastructure; GeoSpatial,Telangana,Dept. of ITE&C,Telecommunications & Networking,csv,RESTRICTED,2025-06-22T10:44:12+0530,40ffa820-1fbe-462e-b4ac-b3e251b5c315
Telecom & Digital Infrastructure,Fiber & telecom network assets,Telangana (TGDeX),T-Fiber Fiber Leg Default Attributes,Fiber optic network; Telecom; Infrastructure; GeoSpatial,Telangana,Dept. of ITE&C,Telecom,CSV,RESTRICTED,2025-10-28T04:26:04+0530,83e744cd-3f53-4784-b2a0-fe508d191c3a
Telecom & Digital Infrastructure,Fiber & telecom network assets,Telangana (TGDeX),T-Fiber Fiber Network Spatial Components,Fiber optic network; Telecom; Infrastructure; GeoSpatial,Telangana,Dept. of ITE&C,Telecom,CSV,RESTRICTED,2025-10-28T07:03:38+0530,98fd4159-4979-49b2-808e-28f4401c4354
Telecom & Digital Infrastructure,Fiber & telecom network assets,Telangana (TGDeX),T-Fiber Fiber Network Trace Log Events,Fiber optic network; Telecom; Infrastructure; GeoSpatial,Telangana,Dept. of ITE&C,Telecom,CSV,RESTRICTED,2025-10-28T05:46:39+0530,ad7619fc-9ee3-45e6-b8d4-295a6dd41200
Telecom & Digital Infrastructure,Fiber & telecom network assets,Telangana (TGDeX),T-Fiber Fiber Optic Cable Alignment Topology Geometry,Fiber optic network; Telecom; Infrastructure; GeoSpatial,Telangana,Dept. of ITE&C,Telecommunications & Networking,csv,RESTRICTED,2025-06-22T10:47:32+0530,23ebde6c-d088-4256-8d14-91d81be952e9
Telecom & Digital Infrastructure,Fiber & telecom network assets,Telangana (TGDeX),T-Fiber Fiber Optic Cable Geometry and Change Tracking,Fiber optic network; Telecom; Infrastructure; GeoSpatial,Telangana,Dept. of ITE&C,Telecom,CSV,RESTRICTED,2025-10-28T07:03:07+0530,28da0ec4-a165-4d5a-8328-a25507f103e8
Telecom & Digital Infrastructure,Fiber & telecom network assets,Telangana (TGDeX),T-Fiber Fiber Optic Chamber Asset Inventory,Fiber optic network; Telecom; Infrastructure; GeoSpatial,Telangana,Dept. of ITE&C,Telecommunications & Networking,csv,RESTRICTED,2025-06-22T10:51:15+0530,3c683964-c877-421e-afb4-deaf7ec9bfde
Telecom & Digital Infrastructure,Fiber & telecom network assets,Telangana (TGDeX),T-Fiber Fiber Optic Chamber Infrastructure Data,Fiber optic network; Telecom; Infrastructure; GeoSpatial,Telangana,Dept. of ITE&C,Telecom,CSV,RESTRICTED,2025-10-28T06:24:06+0530,e4491043-5b90-4d25-980e-983cf745dbf0
Telecom & Digital Infrastructure,Fiber & telecom network assets,Telangana (TGDeX),T-Fiber Fiber Optic Duct Installation Records,Fiber optic network; Telecom; Infrastructure; GeoSpatial,Telangana,Dept. of ITE&C,Telecom,CSV,RESTRICTED,2025-10-28T06:22:01+0530,48ca8592-f6fa-48ee-8cf8-4dd2ad3fc66a
Telecom & Digital Infrastructure,Fiber & telecom network assets,Telangana (TGDeX),T-Fiber Fiber Optic Ring Network Records,Fiber optic network; Telecom; Infrastructure; GeoSpatial,Telangana,Dept. of ITE&C,Telecommunications & Networking,csv,RESTRICTED,2025-06-22T10:48:30+0530,1c1dbf4d-e54d-4dce-b10e-5a78b9a9c1dc
Telecom & Digital Infrastructure,Fiber & telecom network assets,Telangana (TGDeX),T-Fiber Fiber Optic Route Obstacles Staging Points,Fiber optic network; Telecom; Infrastructure; GeoSpatial,Telangana,Dept. of ITE&C,Telecom,CSV,RESTRICTED,2025-10-28T06:41:15+0530,9cf22472-c926-4ef6-aa93-51e45a922f51
Telecom & Digital Infrastructure,Fiber & telecom network assets,Telangana (TGDeX),T-Fiber Fiber Optic Splice Alignment Geometry Records,Fiber optic network; Telecom; Infrastructure; GeoSpatial,Telangana,Dept. of ITE&C,Telecommunications & Networking,csv,RESTRICTED,2025-06-22T10:47:49+0530,519bb808-91ce-4c1d-a240-9e181480c8be
Telecom & Digital Infrastructure,Fiber & telecom network assets,Telangana (TGDeX),T-Fiber Fiber Optic Splice Geometry Records,Fiber optic network; Telecom; Infrastructure; GeoSpatial,Telangana,Dept. of ITE&C,Telecommunications & Networking,csv,RESTRICTED,2025-06-22T10:47:45+0530,0e61850f-18b6-4b29-b83f-5054f3454945
Telecom & Digital Infrastructure,Fiber & telecom network assets,Telangana (TGDeX),T-Fiber Fiber Optic Splice Maintenance Records,Fiber optic network; Telecom; Infrastructure; GeoSpatial,Telangana,Dept. of ITE&C,Telecommunications & Networking,csv,RESTRICTED,2025-06-22T10:44:16+0530,894fdfbd-3b35-4a4b-80f2-c79417ba77fb
Telecom & Digital Infrastructure,Fiber & telecom network assets,Telangana (TGDeX),T-Fiber Fiber Optic Splitter Inventory,Fiber optic network; Telecom; Infrastructure; GeoSpatial,Telangana,Dept. of ITE&C,Telecom,CSV,RESTRICTED,2025-10-28T03:18:29+0530,1f60e01d-9240-4a89-90e3-e0003dc47067
Telecom & Digital Infrastructure,Fiber & telecom network assets,Telangana (TGDeX),T-Fiber Fiber Optic Termination Box Asset Records,Fiber optic network; Telecom; Infrastructure; GeoSpatial,Telangana,Dept. of ITE&C,Telecom,CSV,RESTRICTED,2025-10-28T05:54:27+0530,9371ff27-ad94-483e-a6a0-3bb058d36811
Telecom & Digital Infrastructure,Fiber & telecom network assets,Telangana (TGDeX),T-Fiber Fiber Strand Edit Log,Fiber optic network; Telecom; Infrastructure; GeoSpatial,Telangana,Dept. of ITE&C,Telecom,CSV,RESTRICTED,2025-10-30T11:11:57+0530,8482a2e8-824e-43b0-8a06-b340ea6a84b0
Telecom & Digital Infrastructure,Fiber & telecom network assets,Telangana (TGDeX),T-Fiber Fiber-Optic Chainage Segment Edit History,Fiber optic network; Telecom; Infrastructure; GeoSpatial,Telangana,Dept. of ITE&C,Telecom,CSV,RESTRICTED,2025-10-28T03:11:42+0530,7b8f99ef-7801-4dc8-8826-4a60c0a48773
Telecom & Digital Infrastructure,Fiber & telecom network assets,Telangana (TGDeX),T-Fiber Fiber-Optic Closure Component Reference,Fiber optic network; Telecom; Infrastructure; GeoSpatial,Telangana,Dept. of ITE&C,Telecom,CSV,RESTRICTED,2025-10-28T05:32:37+0530,934202ed-1863-4859-aa98-4df6c99328a0
Telecom & Digital Infrastructure,Fiber & telecom network assets,Telangana (TGDeX),T-Fiber Fiber-Optic Duct Infrastructure Inventory,Fiber optic network; Telecom; Infrastructure; GeoSpatial,Telangana,Dept. of ITE&C,Telecommunications & Networking,csv,RESTRICTED,2025-06-22T10:51:47+0530,fc0ed912-de8a-4ffc-88ff-138b9c9d6a7f
Telecom & Digital Infrastructure,Fiber & telecom network assets,Telangana (TGDeX),T-Fiber Fiber-Optic Duct Segment Inventory,Fiber optic network; Telecom; Infrastructure; GeoSpatial,Telangana,Dept. of ITE&C,Telecommunications & Networking,csv,RESTRICTED,2025-06-22T10:44:03+0530,fad1f5c6-25cc-40ed-a520-58cfbce6ffa1
Telecom & Digital Infrastructure,Fiber & telecom network assets,Telangana (TGDeX),T-Fiber Fiber-Optic Interface Inventory,Fiber optic network; Telecom; Infrastructure; GeoSpatial,Telangana,Dept. of ITE&C,Telecom,CSV,RESTRICTED,2025-10-30T11:11:22+0530,90b4a4bc-77b7-4a0f-8d98-1097544744e2
Telecom & Digital Infrastructure,Fiber & telecom network assets,Telangana (TGDeX),T-Fiber Fiber-Optic Joint and Splice Records,Fiber optic network; Telecom; Infrastructure; GeoSpatial,Telangana,Dept. of ITE&C,Telecommunications & Networking,csv,RESTRICTED,2025-06-22T10:51:23+0530,e9742637-178e-41c8-994d-013dcd3661f3
Telecom & Digital Infrastructure,Fiber & telecom network assets,Telangana (TGDeX),T-Fiber Fiber-Optic Network Edge Connectivity,Fiber optic network; Telecom; Infrastructure; GeoSpatial,Telangana,Dept. of ITE&C,Telecommunications & Networking,csv,RESTRICTED,2025-06-22T10:48:17+0530,05ddfde1-3c5f-413e-8dc9-cf5430062c18
Telecom & Digital Infrastructure,Fiber & telecom network assets,Telangana (TGDeX),T-Fiber Fiber-Optic Network Feature Transactions,Fiber optic network; Telecom; Infrastructure; GeoSpatial,Telangana,Dept. of ITE&C,Telecom,CSV,RESTRICTED,2025-10-28T07:05:43+0530,0cc1b3da-e7cd-465f-8e3f-911c5bab451f
Telecom & Digital Infrastructure,Fiber & telecom network assets,Telangana (TGDeX),T-Fiber Fiber-Optic Network Manhole Geometry,Fiber optic network; Telecom; Infrastructure; GeoSpatial,Telangana,Dept. of ITE&C,Telecommunications & Networking,csv,RESTRICTED,2025-06-22T10:44:47+0530,eb7f923f-e226-4c88-85bb-7eeeb2650f84
Telecom & Digital Infrastructure,Fiber & telecom network assets,Telangana (TGDeX),T-Fiber Fiber-Optic Network Trace Results,Fiber optic network; Telecom; Infrastructure; GeoSpatial,Telangana,Dept. of ITE&C,Telecom,CSV,RESTRICTED,2025-10-28T05:47:10+0530,376eafa9-a909-4b65-92c3-406a3298cd22
Telecom & Digital Infrastructure,Fiber & telecom network assets,Telangana (TGDeX),T-Fiber Fiber-Optic Pole Asset Geospatial Integration,Fiber optic network; Telecom; Infrastructure; GeoSpatial,Telangana,Dept. of ITE&C,Telecommunications & Networking,csv,RESTRICTED,2025-06-22T10:48:41+0530,8fbcbed3-3f1a-49e2-8c61-03fb52baf627
Telecom & Digital Infrastructure,Fiber & telecom network assets,Telangana (TGDeX),T-Fiber Fiber-Optic Port Connection Mapping,Fiber optic network; Telecom; Infrastructure; GeoSpatial,Telangana,Dept. of ITE&C,Telecommunications & Networking,csv,RESTRICTED,2025-06-22T10:46:08+0530,df44dbb6-2317-4912-8935-f151a441d071
Telecom & Digital Infrastructure,Fiber & telecom network assets,Telangana (TGDeX),T-Fiber Fiber-Optic Port Technical Attributes,Fiber optic network; Telecom; Infrastructure; GeoSpatial,Telangana,Dept. of ITE&C,Telecommunications & Networking,csv,RESTRICTED,2025-06-22T10:46:16+0530,aafff20b-4868-472d-a9e0-a7dcd145cdf5
Telecom & Digital Infrastructure,Fiber & telecom network assets,Telangana (TGDeX),T-Fiber Fiber-Optic Splice Connectivity,Fiber optic network; Telecom; Infrastructure; GeoSpatial,Telangana,Dept. of ITE&C,Telecommunications & Networking,csv,RESTRICTED,2025-06-22T10:49:25+0530,f1bbd1e7-5a76-43e1-a4f1-e9a21c7f9c70
Telecom & Digital Infrastructure,Fiber & telecom network assets,Telangana (TGDeX),T-Fiber Fiber-Optic Splitter Infrastructure Inventory,Fiber optic network; Telecom; Infrastructure; GeoSpatial,Telangana,Dept. of ITE&C,Telecom,CSV,RESTRICTED,2025-10-28T03:09:37+0530,0c9eb666-2882-43f2-9a21-ba970f6a4108
Telecom & Digital Infrastructure,Fiber & telecom network assets,Telangana (TGDeX),T-Fiber Field Equipment Inventory,Fiber optic network; Telecom; Infrastructure; GeoSpatial,Telangana,Dept. of ITE&C,Telecom,CSV,RESTRICTED,2025-10-28T06:44:23+0530,d37d16e8-4d4f-4168-934c-11cfc418bc64
Telecom & Digital Infrastructure,Fiber & telecom network assets,Telangana (TGDeX),T-Fiber Geodatabase Field Lookup,Fiber optic network; Telecom; Infrastructure; GeoSpatial,Telangana,Dept. of ITE&C,Telecom,CSV,RESTRICTED,2025-10-28T03:03:23+0530,6bd7f109-2305-414a-ba0e-8cee1a29f004
Telecom & Digital Infrastructure,Fiber & telecom network assets,Telangana (TGDeX),T-Fiber Geographic Area Style Definitions,Fiber optic network; Telecom; Infrastructure; GeoSpatial,Telangana,Dept. of ITE&C,Telecom,CSV,RESTRICTED,2025-10-28T03:45:00+0530,5457d422-9c61-438a-9510-7009d6d92f39
Telecom & Digital Infrastructure,Fiber & telecom network assets,Telangana (TGDeX),T-Fiber Geographic Feature Detail Log,Fiber optic network; Telecom; Infrastructure; GeoSpatial,Telangana,Dept. of ITE&C,Telecom,CSV,RESTRICTED,2025-10-28T05:51:51+0530,fb8c2069-06f4-400d-8b3f-78d2b3fbadc0
Telecom & Digital Infrastructure,Fiber & telecom network assets,Telangana (TGDeX),T-Fiber Geographic Information System Display Element Definitions,Fiber optic network; Telecom; Infrastructure; GeoSpatial,Telangana,Dept. of ITE&C,Telecom,CSV,RESTRICTED,2025-10-28T04:27:38+0530,7e4cd1a5-2137-41f6-815f-ecc23375face
Telecom & Digital Infrastructure,Fiber & telecom network assets,Telangana (TGDeX),T-Fiber Geographic Information System Element Dictionary,Fiber optic network; Telecom; Infrastructure; GeoSpatial,Telangana,Dept. of ITE&C,Telecom,CSV,RESTRICTED,2025-10-28T04:22:57+0530,68c3ac75-8e29-4450-88ed-868e19414014
Telecom & Digital Infrastructure,Fiber & telecom network assets,Telangana (TGDeX),T-Fiber Geographic Information System Legend Definitions,Fiber optic network; Telecom; Infrastructure; GeoSpatial,Telangana,Dept. of ITE&C,Telecom,CSV,RESTRICTED,2025-10-28T04:34:54+0530,9b888de1-a3c5-4399-8d41-b687762ac914
Telecom & Digital Infrastructure,Fiber & telecom network assets,Telangana (TGDeX),T-Fiber Geographic Information System Style Rule Definitions,Fiber optic network; Telecom; Infrastructure; GeoSpatial,Telangana,Dept. of ITE&C,Telecom,CSV,RESTRICTED,2025-10-28T04:58:49+0530,69292077-eba5-4ce5-9e3e-afecc3e4e2cb
Telecom & Digital Infrastructure,Fiber & telecom network assets,Telangana (TGDeX),T-Fiber Geographic Label Feature Geometry with Transaction History,Fiber optic network; Telecom; Infrastructure; GeoSpatial,Telangana,Dept. of ITE&C,Telecom,CSV,RESTRICTED,2025-10-28T03:21:05+0530,146b2464-a91f-4e19-a007-df3f69e662ce
Telecom & Digital Infrastructure,Fiber & telecom network assets,Telangana (TGDeX),T-Fiber Geographic Style Filter Definitions,Fiber optic network; Telecom; Infrastructure; GeoSpatial,Telangana,Dept. of ITE&C,Telecom,CSV,RESTRICTED,2025-10-28T07:08:20+0530,40ec8f2c-14ae-4d0b-b35d-cc1fff868fe8
Telecom & Digital Infrastructure,Fiber & telecom network assets,Telangana (TGDeX),T-Fiber Geospatial Attribute Mapping,Fiber optic network; Telecom; Infrastructure; GeoSpatial,Telangana,Dept. of ITE&C,Telecom,CSV,RESTRICTED,2025-10-28T07:13:01+0530,33b5971f-a18b-4ed0-9950-9943306ea14e
Telecom & Digital Infrastructure,Fiber & telecom network assets,Telangana (TGDeX),T-Fiber Geospatial Change Audit of Fiber-Optic Network Features,Fiber optic network; Telecom; Infrastructure; GeoSpatial,Telangana,Dept. of ITE&C,Telecom,CSV,RESTRICTED,2025-10-28T05:55:30+0530,baf7c795-8be7-4343-8251-6609010d66b4
Telecom & Digital Infrastructure,Fiber & telecom network assets,Telangana (TGDeX),T-Fiber Geospatial Edit Audit Log,Fiber optic network; Telecom; Infrastructure; GeoSpatial,Telangana,Dept. of ITE&C,Telecom,CSV,RESTRICTED,2025-10-28T04:36:28+0530,e9f4546c-7748-4393-8c2f-71b1c2856a44
Telecom & Digital Infrastructure,Fiber & telecom network assets,Telangana (TGDeX),T-Fiber Geospatial Editing Dialog Log,Fiber optic network; Telecom; Infrastructure; GeoSpatial,Telangana,Dept. of ITE&C,Telecom,CSV,RESTRICTED,2025-10-28T04:01:37+0530,12ad2a2a-e5d2-42b4-9386-b30b9bb3fb3f
Telecom & Digital Infrastructure,Fiber & telecom network assets,Telangana (TGDeX),T-Fiber Geospatial Feature Attribute Validation Rules,Fiber optic network; Telecom; Infrastructure; GeoSpatial,Telangana,Dept. of ITE&C,Telecom,CSV,RESTRICTED,2025-10-28T06:31:23+0530,74d6f444-a688-4a76-9ba9-bd485249c3ce
Telecom & Digital Infrastructure,Fiber & telecom network assets,Telangana (TGDeX),T-Fiber Geospatial Feature Details,Fiber optic network; Telecom; Infrastructure; GeoSpatial,Telangana,Dept. of ITE&C,Telecom,CSV,RESTRICTED,2025-10-28T03:12:44+0530,3892a0f8-0f93-4797-b879-9fc558517935
Telecom & Digital Infrastructure,Fiber & telecom network assets,Telangana (TGDeX),T-Fiber Geospatial Feature Versioning Table,Fiber optic network; Telecom; Infrastructure; GeoSpatial,Telangana,Dept. of ITE&C,Telecom,CSV,RESTRICTED,2025-10-28T03:08:04+0530,f3708be7-1824-4dcc-92d6-09ef550874b5
Telecom & Digital Infrastructure,Fiber & telecom network assets,Telangana (TGDeX),T-Fiber Geospatial Fiber Network and Change History,Fiber optic network; Telecom; Infrastructure; GeoSpatial,Telangana,Dept. of ITE&C,Telecom,CSV,RESTRICTED,2025-10-28T03:33:02+0530,7318d829-c65b-408a-9122-fb50ddd5f18f
Telecom & Digital Infrastructure,Fiber & telecom network assets,Telangana (TGDeX),T-Fiber Geospatial Fiber Network Detail Mapping,Fiber optic network; Telecom; Infrastructure; GeoSpatial,Telangana,Dept. of ITE&C,Telecom,CSV,RESTRICTED,2025-10-28T04:00:35+0530,f08e8ffc-54cf-4440-b0f2-26aa79aed185
Telecom & Digital Infrastructure,Fiber & telecom network assets,Telangana (TGDeX),T-Fiber Geospatial Information System Role-Based Command Permissions,Fiber optic network; Telecom; Infrastructure; GeoSpatial,Telangana,Dept. of ITE&C,Telecom,CSV,RESTRICTED,2025-10-28T04:54:07+0530,89580070-6a7d-4372-9a40-ce53937a4a67
Telecom & Digital Infrastructure,Fiber & telecom network assets,Telangana (TGDeX),T-Fiber Geospatial Label Positions for Fiber Planes,Fiber optic network; Telecom; Infrastructure; GeoSpatial,Telangana,Dept. of ITE&C,Telecom,CSV,RESTRICTED,2025-10-28T05:17:31+0530,c04b5e8f-e156-43c9-ab07-5ab51da421ad
Telecom & Digital Infrastructure,Fiber & telecom network assets,Telangana (TGDeX),T-Fiber Geospatial Legend Default Definitions,Fiber optic network; Telecom; Infrastructure; GeoSpatial,Telangana,Dept. of ITE&C,Telecom,CSV,RESTRICTED,2025-10-28T04:31:16+0530,24e21603-7800-4b1c-bcc1-152d4e249a1a
Telecom & Digital Infrastructure,Fiber & telecom network assets,Telangana (TGDeX),T-Fiber Geospatial Legend Definitions,Fiber optic network; Telecom; Infrastructure; GeoSpatial,Telangana,Dept. of ITE&C,Telecom,CSV,RESTRICTED,2025-10-28T04:00:04+0530,f8327d95-4713-470e-b008-4d59a87bb05c
Telecom & Digital Infrastructure,Fiber & telecom network assets,Telangana (TGDeX),T-Fiber Geospatial Legend Item Definitions,Fiber optic network; Telecom; Infrastructure; GeoSpatial,Telangana,Dept. of ITE&C,Telecom,CSV,RESTRICTED,2025-10-28T04:26:35+0530,1a226470-3960-4355-a102-271ebbea6c9a
Telecom & Digital Infrastructure,Fiber & telecom network assets,Telangana (TGDeX),T-Fiber Geospatial Point Change Audit Log,Fiber optic network; Telecom; Infrastructure; GeoSpatial,Telangana,Dept. of ITE&C,Telecom,CSV,RESTRICTED,2025-10-28T05:53:56+0530,0ae78e34-021d-4c9c-8860-c34b40e97dc6
Telecom & Digital Infrastructure,Fiber & telecom network assets,Telangana (TGDeX),T-Fiber Geospatial Shapefile Attribute Mapping,Fiber optic network; Telecom; Infrastructure; GeoSpatial,Telangana,Dept. of ITE&C,Telecom,CSV,RESTRICTED,2025-10-28T06:36:04+0530,867ce65e-a21a-4fa9-8517-95f67184dede
Telecom & Digital Infrastructure,Fiber & telecom network assets,Telangana (TGDeX),T-Fiber Geospatial Submission Error Log,Fiber optic network; Telecom; Infrastructure; GeoSpatial,Telangana,Dept. of ITE&C,Telecom,CSV,RESTRICTED,2025-10-28T06:35:01+0530,727831b4-7cd5-4328-9338-a2e68798389d
Telecom & Digital Infrastructure,Fiber & telecom network assets,Telangana (TGDeX),T-Fiber GIS Display Definition Records,Fiber optic network; Telecom; Infrastructure; GeoSpatial,Telangana,Dept. of ITE&C,Telecom,CSV,RESTRICTED,2025-10-28T04:34:23+0530,b48086d0-2e96-4b81-8dec-6c937c64ef30
Telecom & Digital Infrastructure,Fiber & telecom network assets,Telangana (TGDeX),T-Fiber GIS Edit Tool Relationship Log,Fiber optic network; Telecom; Infrastructure; GeoSpatial,Telangana,Dept. of ITE&C,Telecom,CSV,RESTRICTED,2025-10-28T04:06:50+0530,e878699b-465f-481e-9402-75f103445d15
Telecom & Digital Infrastructure,Fiber & telecom network assets,Telangana (TGDeX),T-Fiber GIS Feature Component Migration Catalog,Fiber optic network; Telecom; Infrastructure; GeoSpatial,Telangana,Dept. of ITE&C,Telecom,CSV,RESTRICTED,2025-10-28T06:33:59+0530,edd39bea-e5f0-4264-8803-332264fd136f
Telecom & Digital Infrastructure,Fiber & telecom network assets,Telangana (TGDeX),T-Fiber GIS Feature Definitions,Fiber optic network; Telecom; Infrastructure; GeoSpatial,Telangana,Dept. of ITE&C,Telecom,CSV,RESTRICTED,2025-10-28T04:12:33+0530,fa19bd8a-927f-49bf-91d8-dc19e25c03b1
Telecom & Digital Infrastructure,Fiber & telecom network assets,Telangana (TGDeX),T-Fiber GIS Geometry Change Audit Trail,Fiber optic network; Telecom; Infrastructure; GeoSpatial,Telangana,Dept. of ITE&C,Telecom,CSV,RESTRICTED,2025-10-28T05:52:23+0530,e1b5c2bd-2c8e-44e2-b3f4-439da1994b31
Telecom & Digital Infrastructure,Fiber & telecom network assets,Telangana (TGDeX),T-Fiber GIS Legend Definitions,Fiber optic network; Telecom; Infrastructure; GeoSpatial,Telangana,Dept. of ITE&C,Telecom,CSV,RESTRICTED,2025-10-28T04:22:26+0530,8fbc16c3-554d-43ba-ba71-7f44b7616e53
Telecom & Digital Infrastructure,Fiber & telecom network assets,Telangana (TGDeX),T-Fiber GIS Line Style Definitions,Fiber optic network; Telecom; Infrastructure; GeoSpatial,Telangana,Dept. of ITE&C,Telecom,CSV,RESTRICTED,2025-10-28T04:37:30+0530,92a36529-06a5-4410-9704-d967af52ee2b
Telecom & Digital Infrastructure,Fiber & telecom network assets,Telangana (TGDeX),T-Fiber GIS to CAD Layer Mapping Records,Fiber optic network; Telecom; Infrastructure; GeoSpatial,Telangana,Dept. of ITE&C,Telecom,CSV,RESTRICTED,2025-10-28T04:07:21+0530,87c559f1-1ddf-4995-ad2f-071dbc44b93d
Telecom & Digital Infrastructure,Fiber & telecom network assets,Telangana (TGDeX),T-Fiber Graphical Label Style Definitions,Fiber optic network; Telecom; Infrastructure; GeoSpatial,Telangana,Dept. of ITE&C,Telecom,CSV,RESTRICTED,2025-10-28T05:00:53+0530,4fdcfff2-2a2f-42e9-a148-8305e6b4e448
Telecom & Digital Infrastructure,Fiber & telecom network assets,Telangana (TGDeX),T-Fiber Graphical Stroke Style Definitions,Fiber optic network; Telecom; Infrastructure; GeoSpatial,Telangana,Dept. of ITE&C,Telecom,CSV,RESTRICTED,2025-10-28T04:57:46+0530,1ddb3b83-c680-4269-a1e2-43d2df65cd3e
Telecom & Digital Infrastructure,Fiber & telecom network assets,Telangana (TGDeX),T-Fiber High Fiber Terminal Box Asset Inventory,Fiber optic network; Telecom; Infrastructure; GeoSpatial,Telangana,Dept. of ITE&C,Telecom,CSV,RESTRICTED,2025-10-28T07:13:32+0530,19099f4a-9fa9-430b-9d1c-37897c8437c5
Telecom & Digital Infrastructure,Fiber & telecom network assets,Telangana (TGDeX),T-Fiber High Fiber Termination Box Asset Inventory,Fiber optic network; Telecom; Infrastructure; GeoSpatial,Telangana,Dept. of ITE&C,Telecom,CSV,RESTRICTED,2025-10-28T03:20:33+0530,e4005999-c41c-4bb7-9f4e-e6d4447ea005
Telecom & Digital Infrastructure,Fiber & telecom network assets,Telangana (TGDeX),T-Fiber Hourly Time Segment Mapping,Fiber optic network; Telecom; Infrastructure; GeoSpatial,Telangana,Dept. of ITE&C,Telecom,CSV,RESTRICTED,2025-10-28T03:00:47+0530,461e1d14-5823-4add-9ebf-02b464f7fb81
Telecom & Digital Infrastructure,Fiber & telecom network assets,Telangana (TGDeX),T-Fiber Infrastructure Asset Inventory,Fiber optic network; Telecom; Infrastructure; GeoSpatial,Telangana,Dept. of ITE&C,Telecom,CSV,RESTRICTED,2025-10-28T06:57:54+0530,5d4e9a8b-e190-4ddf-9112-082aba27d48e
Telecom & Digital Infrastructure,Fiber & telecom network assets,Telangana (TGDeX),T-Fiber Infrastructure Feature Reference,Fiber optic network; Telecom; Infrastructure; GeoSpatial,Telangana,Dept. of ITE&C,Telecom,CSV,RESTRICTED,2025-10-28T05:37:17+0530,2d58736b-d652-4681-8ffe-4618954e73a6
Telecom & Digital Infrastructure,Fiber & telecom network assets,Telangana (TGDeX),T-Fiber Infrastructure Feature-to-Design-Level Mapping,Fiber optic network; Telecom; Infrastructure; GeoSpatial,Telangana,Dept. of ITE&C,Telecom,CSV,RESTRICTED,2025-10-28T04:09:56+0530,e66f3a73-b881-4d67-b9ce-388fe0f1ae54
Telecom & Digital Infrastructure,Fiber & telecom network assets,Telangana (TGDeX),T-Fiber Infrastructure Geocoding Status Tracker,Fiber optic network; Telecom; Infrastructure; GeoSpatial,Telangana,Dept. of ITE&C,Telecom,CSV,RESTRICTED,2025-10-28T05:41:27+0530,27d3b2e4-3c3a-4a09-b7e6-2dfa07b9a39f
Telecom & Digital Infrastructure,Fiber & telecom network assets,Telangana (TGDeX),T-Fiber Infrastructure Non-Fiber Asset Inventory,Fiber optic network; Telecom; Infrastructure; GeoSpatial,Telangana,Dept. of ITE&C,Telecom,CSV,RESTRICTED,2025-10-28T05:58:06+0530,9472f48e-28c1-46e7-8a54-b66fb715bd7c
Telecom & Digital Infrastructure,Fiber & telecom network assets,Telangana (TGDeX),T-Fiber Infrastructure Rack Inventory,Fiber optic network; Telecom; Infrastructure; GeoSpatial,Telangana,Dept. of ITE&C,Telecom,CSV,RESTRICTED,2025-10-28T06:46:59+0530,9e9fa886-c013-4808-b478-644dabf546f5
Telecom & Digital Infrastructure,Fiber & telecom network assets,Telangana (TGDeX),T-Fiber Integrated Cable Route Segments,Fiber optic network; Telecom; Infrastructure; GeoSpatial,Telangana,Dept. of ITE&C,Telecommunications & Networking,csv,RESTRICTED,2025-06-22T10:47:04+0530,fd447998-1821-4422-aafc-246bf2fe9eb1
Telecom & Digital Infrastructure,Fiber & telecom network assets,Telangana (TGDeX),T-Fiber Integrated Fiber Cable Specifications and Metrics,Fiber optic network; Telecom; Infrastructure; GeoSpatial,Telangana,Dept. of ITE&C,Telecommunications & Networking,csv,RESTRICTED,2025-06-22T10:52:03+0530,26b6eeea-566d-42e2-b2c8-d711b56b3f2f
Telecom & Digital Infrastructure,Fiber & telecom network assets,Telangana (TGDeX),T-Fiber Integrated Manhole Technical Specifications,Fiber optic network; Telecom; Infrastructure; GeoSpatial,Telangana,Dept. of ITE&C,Telecommunications & Networking,csv,RESTRICTED,2025-06-22T10:48:04+0530,0d33e755-37a3-49c0-8730-3950afd4c625
Telecom & Digital Infrastructure,Fiber & telecom network assets,Telangana (TGDeX),T-Fiber Integrated Network Element Inventory,Fiber optic network; Telecom; Infrastructure; GeoSpatial,Telangana,Dept. of ITE&C,Telecommunications & Networking,csv,RESTRICTED,2025-06-22T10:52:20+0530,7ede1d24-316f-4de2-b63d-3d9c46c64d94
Telecom & Digital Infrastructure,Fiber & telecom network assets,Telangana (TGDeX),T-Fiber Interface Component Reference Catalog,Fiber optic network; Telecom; Infrastructure; GeoSpatial,Telangana,Dept. of ITE&C,Telecom,CSV,RESTRICTED,2025-10-28T05:34:10+0530,e644ead2-4abe-4dac-8e8a-6b53f27970b1
Telecom & Digital Infrastructure,Fiber & telecom network assets,Telangana (TGDeX),T-Fiber Label Filter Configurations for Fiber Network Mapping,Fiber optic network; Telecom; Infrastructure; GeoSpatial,Telangana,Dept. of ITE&C,Telecom,CSV,RESTRICTED,2025-10-28T04:18:16+0530,ba56f99d-3c29-4b63-9541-e361287c37fd
Telecom & Digital Infrastructure,Fiber & telecom network assets,Telangana (TGDeX),T-Fiber Landmark Geospatial Inventory,Fiber optic network; Telecom; Infrastructure; GeoSpatial,Telangana,Dept. of ITE&C,Telecom,CSV,RESTRICTED,2025-10-28T06:39:11+0530,cf6fa50b-77df-43f1-a7c1-b4bf8f196d2a
Telecom & Digital Infrastructure,Fiber & telecom network assets,Telangana (TGDeX),T-Fiber Loop Segment Geospatial Inventory,Fiber optic network; Telecom; Infrastructure; GeoSpatial,Telangana,Dept. of ITE&C,Telecom,CSV,RESTRICTED,2025-10-28T06:39:42+0530,e136e211-66f9-4bf1-b4b0-7f7a2b9b0f26
Telecom & Digital Infrastructure,Fiber & telecom network assets,Telangana (TGDeX),T-Fiber Main Cable Route Segments,Fiber optic network; Telecom; Infrastructure; GeoSpatial,Telangana,Dept. of ITE&C,Telecommunications & Networking,csv,RESTRICTED,2025-06-22T10:43:25+0530,7189f361-33a2-4b9f-b0f8-a8454d467061
Telecom & Digital Infrastructure,Fiber & telecom network assets,Telangana (TGDeX),T-Fiber Manhole Alignment Geometry History,Fiber optic network; Telecom; Infrastructure; GeoSpatial,Telangana,Dept. of ITE&C,Telecommunications & Networking,csv,RESTRICTED,2025-06-22T10:48:13+0530,75c2ebe0-9d72-4528-9690-bc10b13e1046
Telecom & Digital Infrastructure,Fiber & telecom network assets,Telangana (TGDeX),T-Fiber Manhole Technical and Maintenance Data,Fiber optic network; Telecom; Infrastructure; GeoSpatial,Telangana,Dept. of ITE&C,Telecommunications & Networking,csv,RESTRICTED,2025-06-22T10:44:43+0530,1cfd0540-764d-4c25-bdc7-5767270a4b92
Telecom & Digital Infrastructure,Fiber & telecom network assets,Telangana (TGDeX),T-Fiber Medium Voltage Landmark Spatial Context,Fiber optic network; Telecom; Infrastructure; GeoSpatial,Telangana,Dept. of ITE&C,Telecommunications & Networking,csv,RESTRICTED,2025-06-22T10:51:27+0530,955ed056-bd24-4c50-994e-8ea84df6dcc6
Telecom & Digital Infrastructure,Fiber & telecom network assets,Telangana (TGDeX),T-Fiber Migration Mapping Attributes,Fiber optic network; Telecom; Infrastructure; GeoSpatial,Telangana,Dept. of ITE&C,Telecom,CSV,RESTRICTED,2025-10-28T05:26:54+0530,45d7d2cc-e68c-4f65-9028-12fa9aef71f3
Telecom & Digital Infrastructure,Fiber & telecom network assets,Telangana (TGDeX),T-Fiber Named Plot Layout Definitions,Fiber optic network; Telecom; Infrastructure; GeoSpatial,Telangana,Dept. of ITE&C,Telecom,CSV,RESTRICTED,2025-10-28T05:22:13+0530,2c8870db-0ca4-4d14-8f20-c9c4ab7c05ea
Telecom & Digital Infrastructure,Fiber & telecom network assets,Telangana (TGDeX),T-Fiber Network Asset Ownership Audit,Fiber optic network; Telecom; Infrastructure; GeoSpatial,Telangana,Dept. of ITE&C,Telecom,CSV,RESTRICTED,2025-10-28T03:28:53+0530,a8428b42-319c-41b7-bfd1-ef3677afc80a
Telecom & Digital Infrastructure,Fiber & telecom network assets,Telangana (TGDeX),T-Fiber Network Asset Ownership Mapping,Fiber optic network; Telecom; Infrastructure; GeoSpatial,Telangana,Dept. of ITE&C,Telecom,CSV,RESTRICTED,2025-10-29T12:59:57+0530,b6adf6d5-9c71-4eb0-ae42-34f8b2692521
Telecom & Digital Infrastructure,Fiber & telecom network assets,Telangana (TGDeX),T-Fiber Network Component Reference,Fiber optic network; Telecom; Infrastructure; GeoSpatial,Telangana,Dept. of ITE&C,Telecom,CSV,RESTRICTED,2025-10-28T05:39:22+0530,21ddb016-e462-415d-8e68-8f901636032e
Telecom & Digital Infrastructure,Fiber & telecom network assets,Telangana (TGDeX),T-Fiber Network Connection Edges,Fiber optic network; Telecom; Infrastructure; GeoSpatial,Telangana,Dept. of ITE&C,Telecommunications & Networking,csv,RESTRICTED,2025-06-22T10:44:59+0530,cdf2fd98-aa3a-48bb-bcca-5f27b34476b4
Telecom & Digital Infrastructure,Fiber & telecom network assets,Telangana (TGDeX),T-Fiber Network Deployment Obstacles Points,Fiber optic network; Telecom; Infrastructure; GeoSpatial,Telangana,Dept. of ITE&C,Telecom,CSV,RESTRICTED,2025-10-28T06:40:44+0530,a9461180-93cd-46c0-8700-68761515342e
Telecom & Digital Infrastructure,Fiber & telecom network assets,Telangana (TGDeX),T-Fiber Network Element Geographical and Status Attributes,Fiber optic network; Telecom; Infrastructure; GeoSpatial,Telangana,Dept. of ITE&C,Telecommunications & Networking,csv,RESTRICTED,2025-06-22T10:44:51+0530,ff639cf8-18ed-4768-94df-fef0ee713af3
Telecom & Digital Infrastructure,Fiber & telecom network assets,Telangana (TGDeX),T-Fiber Network Element Register,Fiber optic network; Telecom; Infrastructure; GeoSpatial,Telangana,Dept. of ITE&C,Telecom,CSV,RESTRICTED,2025-10-28T03:22:38+0530,9e1eca88-d9de-476f-87fd-c6bc8d6478e8
Telecom & Digital Infrastructure,Fiber & telecom network assets,Telangana (TGDeX),T-Fiber Network Element Relationship Table,Fiber optic network; Telecom; Infrastructure; GeoSpatial,Telangana,Dept. of ITE&C,Telecom,CSV,RESTRICTED,2025-10-28T04:05:47+0530,0792550b-9681-4c3b-9552-98cdac63ccab
Telecom & Digital Infrastructure,Fiber & telecom network assets,Telangana (TGDeX),T-Fiber Network Equipment Reference Catalog,Fiber optic network; Telecom; Infrastructure; GeoSpatial,Telangana,Dept. of ITE&C,Telecom,CSV,RESTRICTED,2025-10-28T05:36:15+0530,febcaced-76fc-4a56-8c41-52cce2a97538
Telecom & Digital Infrastructure,Fiber & telecom network assets,Telangana (TGDeX),T-Fiber Network Feature Component Mapping,Fiber optic network; Telecom; Infrastructure; GeoSpatial,Telangana,Dept. of ITE&C,Telecom,CSV,RESTRICTED,2025-10-28T06:34:30+0530,36de8a22-d8ca-440a-94a4-7985439b6b99
Telecom & Digital Infrastructure,Fiber & telecom network assets,Telangana (TGDeX),T-Fiber Network Feature Relationships,Fiber optic network; Telecom; Infrastructure; GeoSpatial,Telangana,Dept. of ITE&C,Telecom,CSV,RESTRICTED,2025-10-28T04:16:11+0530,5b841cfc-e9c2-42d8-88cd-bca970a67873
Telecom & Digital Infrastructure,Fiber & telecom network assets,Telangana (TGDeX),T-Fiber Network Integration Remarks and Observations,Fiber optic network; Telecom; Infrastructure; GeoSpatial,Telangana,Dept. of ITE&C,Telecommunications & Networking,csv,RESTRICTED,2025-06-22T10:49:05+0530,a2786734-a9d8-4f1b-8c16-9b9179dee2e7
Telecom & Digital Infrastructure,Fiber & telecom network assets,Telangana (TGDeX),T-Fiber Network Landmark Inventory,Fiber optic network; Telecom; Infrastructure; GeoSpatial,Telangana,Dept. of ITE&C,Telecommunications & Networking,csv,RESTRICTED,2025-06-22T10:44:36+0530,66250f20-5ec0-470a-8148-ca94f07a9c0f
Telecom & Digital Infrastructure,Fiber & telecom network assets,Telangana (TGDeX),T-Fiber Network Line Segment Audit,Fiber optic network; Telecom; Infrastructure; GeoSpatial,Telangana,Dept. of ITE&C,Telecom,CSV,RESTRICTED,2025-10-28T05:54:59+0530,10e1048b-a84c-44fe-a036-871fb04d043a
Telecom & Digital Infrastructure,Fiber & telecom network assets,Telangana (TGDeX),T-Fiber Network Log Properties,Fiber optic network; Telecom; Infrastructure; GeoSpatial,Telangana,Dept. of ITE&C,Telecom,CSV,RESTRICTED,2025-10-29T01:00:28+0530,23edc51d-123b-446f-bd0e-bea8f41f2cc2
Telecom & Digital Infrastructure,Fiber & telecom network assets,Telangana (TGDeX),T-Fiber Network Redline Feature Transactions,Fiber optic network; Telecom; Infrastructure; GeoSpatial,Telangana,Dept. of ITE&C,Telecom,CSV,RESTRICTED,2025-10-28T03:37:43+0530,3c657b40-e794-49c4-bc38-7272dee5f37b
Telecom & Digital Infrastructure,Fiber & telecom network assets,Telangana (TGDeX),T-Fiber Network Remarks and Observations Log,Fiber optic network; Telecom; Infrastructure; GeoSpatial,Telangana,Dept. of ITE&C,Telecommunications & Networking,csv,RESTRICTED,2025-06-22T10:45:40+0530,06496a9b-c120-4b6f-be64-0793fc048402
Telecom & Digital Infrastructure,Fiber & telecom network assets,Telangana (TGDeX),T-Fiber Network Route Connections,Fiber optic network; Telecom; Infrastructure; GeoSpatial,Telangana,Dept. of ITE&C,Telecommunications & Networking,csv,RESTRICTED,2025-06-22T10:45:04+0530,d0baeb86-17d5-4f80-8508-0656a9a3f3d7
Telecom & Digital Infrastructure,Fiber & telecom network assets,Telangana (TGDeX),T-Fiber Network Route Connections,Fiber optic network; Telecom; Infrastructure; GeoSpatial,Telangana,Dept. of ITE&C,Telecommunications & Networking,csv,RESTRICTED,2025-06-22T10:48:22+0530,4736f3e0-dcc6-4848-939f-78b795a8478c
Telecom & Digital Infrastructure,Fiber & telecom network assets,Telangana (TGDeX),T-Fiber Network Segment Chainage Data,Fiber optic network; Telecom; Infrastructure; GeoSpatial,Telangana,Dept. of ITE&C,Telecom,CSV,RESTRICTED,2025-10-29T01:01:31+0530,0c05d3d4-0e8e-4769-a5c5-136600b3434b
Telecom & Digital Infrastructure,Fiber & telecom network assets,Telangana (TGDeX),T-Fiber Network Splitter Inventory,Fiber optic network; Telecom; Infrastructure; GeoSpatial,Telangana,Dept. of ITE&C,Telecom,CSV,RESTRICTED,2025-10-28T03:34:36+0530,2975a023-0c16-422c-8c6b-7ded9360550e
Telecom & Digital Infrastructure,Fiber & telecom network assets,Telangana (TGDeX),T-Fiber Network Stroke Pattern Specifications,Fiber optic network; Telecom; Infrastructure; GeoSpatial,Telangana,Dept. of ITE&C,Telecom,CSV,RESTRICTED,2025-10-28T04:44:46+0530,d4c8d50d-2120-4366-9307-42ffba53d83e
Telecom & Digital Infrastructure,Fiber & telecom network assets,Telangana (TGDeX),T-Fiber Network Switch Inventory,Fiber optic network; Telecom; Infrastructure; GeoSpatial,Telangana,Dept. of ITE&C,Telecom,CSV,RESTRICTED,2025-10-28T03:35:38+0530,27b7bf68-3066-4457-8af0-1ff46b93595b
Telecom & Digital Infrastructure,Fiber & telecom network assets,Telangana (TGDeX),T-Fiber Network Switch Inventory and Status,Fiber optic network; Telecom; Infrastructure; GeoSpatial,Telangana,Dept. of ITE&C,Telecom,CSV,RESTRICTED,2025-10-28T03:35:07+0530,e6ebca9c-3d87-49a9-a3d4-400b6f1305c6
Telecom & Digital Infrastructure,Fiber & telecom network assets,Telangana (TGDeX),T-Fiber Network Trigger Set Definitions,Fiber optic network; Telecom; Infrastructure; GeoSpatial,Telangana,Dept. of ITE&C,Telecom,CSV,RESTRICTED,2025-10-28T05:02:59+0530,9f79844c-4601-455c-81ba-a811bba0aef0
Telecom & Digital Infrastructure,Fiber & telecom network assets,Telangana (TGDeX),T-Fiber Network Validation Results,Fiber optic network; Telecom; Infrastructure; GeoSpatial,Telangana,Dept. of ITE&C,Telecom,CSV,RESTRICTED,2025-10-28T05:43:32+0530,cb7d89a1-5617-4975-ab93-25cafe7d480a
Telecom & Digital Infrastructure,Fiber & telecom network assets,Telangana (TGDeX),T-Fiber Node and Edge Connectivity Rule Definitions,Fiber optic network; Telecom; Infrastructure; GeoSpatial,Telangana,Dept. of ITE&C,Telecom,CSV,RESTRICTED,2025-10-28T04:43:44+0530,6f3f4823-4903-43d2-b93a-dcd6c2990085
Telecom & Digital Infrastructure,Fiber & telecom network assets,Telangana (TGDeX),T-Fiber Non-Migrated Geospatial Shapefile Records,Fiber optic network; Telecom; Infrastructure; GeoSpatial,Telangana,Dept. of ITE&C,Telecom,CSV,RESTRICTED,2025-10-28T05:27:56+0530,05a22a56-c81f-408d-b3fe-45991a0fa321
Telecom & Digital Infrastructure,Fiber & telecom network assets,Telangana (TGDeX),T-Fiber Operation Workflow Paths,Fiber optic network; Telecom; Infrastructure; GeoSpatial,Telangana,Dept. of ITE&C,Telecom,CSV,RESTRICTED,2025-10-28T06:06:25+0530,46ad4340-eb3b-424a-a2bf-3168178938c1
Telecom & Digital Infrastructure,Fiber & telecom network assets,Telangana (TGDeX),T-Fiber Optical Cable Reference Specifications,Fiber optic network; Telecom; Infrastructure; GeoSpatial,Telangana,Dept. of ITE&C,Telecom,CSV,RESTRICTED,2025-10-28T05:32:06+0530,094aef11-0a22-46c2-9e37-521d9bcea452
Telecom & Digital Infrastructure,Fiber & telecom network assets,Telangana (TGDeX),T-Fiber Optical Cable Segment Inventory,Fiber optic network; Telecom; Infrastructure; GeoSpatial,Telangana,Dept. of ITE&C,Telecom,CSV,RESTRICTED,2025-10-28T03:14:18+0530,4c58d370-1d2b-4893-929c-837f7936c880
Telecom & Digital Infrastructure,Fiber & telecom network assets,Telangana (TGDeX),T-Fiber Optical Coupler Geospatial Inventory,Fiber optic network; Telecom; Infrastructure; GeoSpatial,Telangana,Dept. of ITE&C,Telecom,CSV,RESTRICTED,2025-10-28T06:25:09+0530,090a8753-a10e-454b-8b0d-bdb8b2bfdebf
Telecom & Digital Infrastructure,Fiber & telecom network assets,Telangana (TGDeX),T-Fiber Optical Distribution Chamber Spatial Inventory,Fiber optic network; Telecom; Infrastructure; GeoSpatial,Telangana,Dept. of ITE&C,Telecom,CSV,RESTRICTED,2025-10-28T06:48:01+0530,29c44009-be92-411d-a614-2b8320be2d2a
Telecom & Digital Infrastructure,Fiber & telecom network assets,Telangana (TGDeX),T-Fiber Optical Fiber Cable Segment Inventory,Fiber optic network; Telecom; Infrastructure; GeoSpatial,Telangana,Dept. of ITE&C,Telecom,CSV,RESTRICTED,2025-10-28T06:43:20+0530,e7c085e5-adc8-4556-8927-d3fa91582acc
Telecom & Digital Infrastructure,Fiber & telecom network assets,Telangana (TGDeX),T-Fiber Optical Fiber Core Segment Inventory,Fiber optic network; Telecom; Infrastructure; GeoSpatial,Telangana,Dept. of ITE&C,Telecommunications & Networking,csv,RESTRICTED,2025-06-22T10:51:30+0530,dae810f4-83b5-4109-aab1-6c4cc2d6d483
Telecom & Digital Infrastructure,Fiber & telecom network assets,Telangana (TGDeX),T-Fiber Optical Fiber Duct Installation Records,Fiber optic network; Telecom; Infrastructure; GeoSpatial,Telangana,Dept. of ITE&C,Telecom,CSV,RESTRICTED,2025-10-28T06:22:33+0530,85707acc-e0d5-4cea-945d-fb7c11de9998
Telecom & Digital Infrastructure,Fiber & telecom network assets,Telangana (TGDeX),T-Fiber Optical Fiber Strand Records,Fiber optic network; Telecom; Infrastructure; GeoSpatial,Telangana,Dept. of ITE&C,Telecom,CSV,RESTRICTED,2025-10-28T05:20:38+0530,bf63a1f4-744c-44bf-b46e-d124eec11076
Telecom & Digital Infrastructure,Fiber & telecom network assets,Telangana (TGDeX),T-Fiber Optical Joint and Asset Inventory,Fiber optic network; Telecom; Infrastructure; GeoSpatial,Telangana,Dept. of ITE&C,Telecommunications & Networking,csv,RESTRICTED,2025-06-22T10:44:28+0530,4022695f-39f5-4acf-867d-ac22ada07a91
Telecom & Digital Infrastructure,Fiber & telecom network assets,Telangana (TGDeX),T-Fiber Optical Line Terminal Inventory,Fiber optic network; Telecom; Infrastructure; GeoSpatial,Telangana,Dept. of ITE&C,Telecom,CSV,RESTRICTED,2025-10-28T03:25:45+0530,4657ba09-207c-48b6-89b7-c7495808d7b8
Telecom & Digital Infrastructure,Fiber & telecom network assets,Telangana (TGDeX),T-Fiber Optical Line Terminal Spatial Details,Fiber optic network; Telecom; Infrastructure; GeoSpatial,Telangana,Dept. of ITE&C,Telecom,CSV,RESTRICTED,2025-10-28T03:08:35+0530,ce612d09-5bda-412b-8053-fd4529d2cd94
Telecom & Digital Infrastructure,Fiber & telecom network assets,Telangana (TGDeX),T-Fiber Optical Line Terminal to Optical Network Terminal Joint Asset Geospatial Links,Fiber optic network; Telecom; Infrastructure; GeoSpatial,Telangana,Dept. of ITE&C,Telecommunications & Networking,csv,RESTRICTED,2025-06-22T10:47:52+0530,6c952db9-ad64-40dd-985f-c7c7189c63ce
Telecom & Digital Infrastructure,Fiber & telecom network assets,Telangana (TGDeX),T-Fiber Optical Line Termination Device Inventory,Fiber optic network; Telecom; Infrastructure; GeoSpatial,Telangana,Dept. of ITE&C,Telecom,CSV,RESTRICTED,2025-10-28T03:25:14+0530,4b0bf037-2c5d-4c40-bdc3-4385f5ec4ec0
Telecom & Digital Infrastructure,Fiber & telecom network assets,Telangana (TGDeX),T-Fiber Optical Network Device Inventory,Fiber optic network; Telecom; Infrastructure; GeoSpatial,Telangana,Dept. of ITE&C,Telecom,CSV,RESTRICTED,2025-10-28T05:12:20+0530,f6dbe9fb-84b3-4882-9cb8-2f02b1c4a648
Telecom & Digital Infrastructure,Fiber & telecom network assets,Telangana (TGDeX),T-Fiber Optical Network Geometry Change History,Fiber optic network; Telecom; Infrastructure; GeoSpatial,Telangana,Dept. of ITE&C,Telecom,CSV,RESTRICTED,2025-10-28T05:57:34+0530,f67ea1e0-d8bb-4aa1-b8fc-c822a4d59e88
Telecom & Digital Infrastructure,Fiber & telecom network assets,Telangana (TGDeX),T-Fiber Optical Network Terminal Installations,Fiber optic network; Telecom; Infrastructure; GeoSpatial,Telangana,Dept. of ITE&C,Telecom,CSV,RESTRICTED,2025-10-28T06:57:22+0530,dfeb10cb-bfdc-438c-a5fc-5c48a7e7d4fa
Telecom & Digital Infrastructure,Fiber & telecom network assets,Telangana (TGDeX),T-Fiber Optical Network Terminal Inventory and Connectivity,Fiber optic network; Telecom; Infrastructure; GeoSpatial,Telangana,Dept. of ITE&C,Telecom,CSV,RESTRICTED,2025-10-28T03:26:17+0530,6f9773ca-8a7c-441d-b5e5-80cc1f1700e9
Telecom & Digital Infrastructure,Fiber & telecom network assets,Telangana (TGDeX),T-Fiber Optical Network Unit Geospatial Inventory,Fiber optic network; Telecom; Infrastructure; GeoSpatial,Telangana,Dept. of ITE&C,Telecom,CSV,RESTRICTED,2025-10-28T03:27:19+0530,0645631c-2b08-4c3f-b109-084c49a1d333
Telecom & Digital Infrastructure,Fiber & telecom network assets,Telangana (TGDeX),T-Fiber Optical Patch Panel Inventory,Fiber optic network; Telecom; Infrastructure; GeoSpatial,Telangana,Dept. of ITE&C,Telecom,CSV,RESTRICTED,2025-10-28T03:16:23+0530,653e9001-42c2-4783-b337-f8ec81b2b668
Telecom & Digital Infrastructure,Fiber & telecom network assets,Telangana (TGDeX),T-Fiber Optical Port Connection Mappings,Fiber optic network; Telecom; Infrastructure; GeoSpatial,Telangana,Dept. of ITE&C,Telecommunications & Networking,csv,RESTRICTED,2025-06-22T10:46:12+0530,9476296a-726b-4dbf-8bb8-784d058ebc0c
Telecom & Digital Infrastructure,Fiber & telecom network assets,Telangana (TGDeX),T-Fiber Optical Port Inventory and Performance Metrics,Fiber optic network; Telecom; Infrastructure; GeoSpatial,Telangana,Dept. of ITE&C,Telecommunications & Networking,csv,RESTRICTED,2025-06-22T10:46:04+0530,9b9a4445-fd6e-41cb-a8f8-8fb92bf8e8e6
Telecom & Digital Infrastructure,Fiber & telecom network assets,Telangana (TGDeX),T-Fiber Optical Rack Inventory,Fiber optic network; Telecom; Infrastructure; GeoSpatial,Telangana,Dept. of ITE&C,Telecom,CSV,RESTRICTED,2025-10-28T03:16:55+0530,4ef42260-579b-4eb9-8d48-ee5c3d279e39
Telecom & Digital Infrastructure,Fiber & telecom network assets,Telangana (TGDeX),T-Fiber Optical Route Indicator Health Dataset,Fiber optic network; Telecom; Infrastructure; GeoSpatial,Telangana,Dept. of ITE&C,Telecommunications & Networking,csv,RESTRICTED,2025-06-22T10:52:45+0530,7db2cac9-1d29-4323-bdfa-0de5982a06f8
Telecom & Digital Infrastructure,Fiber & telecom network assets,Telangana (TGDeX),T-Fiber Optical Route Indicators,Fiber optic network; Telecom; Infrastructure; GeoSpatial,Telangana,Dept. of ITE&C,Telecommunications & Networking,csv,RESTRICTED,2025-06-22T10:49:12+0530,8d2cc0ef-0a78-4244-912f-bf8c3b376023
Telecom & Digital Infrastructure,Fiber & telecom network assets,Telangana (TGDeX),T-Fiber Optical Splitter Inventory and Performance Metrics,Fiber optic network; Telecom; Infrastructure; GeoSpatial,Telangana,Dept. of ITE&C,Telecom,CSV,RESTRICTED,2025-10-28T03:34:05+0530,e92bafd2-a2b0-408c-b083-f5f803bacba9
Telecom & Digital Infrastructure,Fiber & telecom network assets,Telangana (TGDeX),T-Fiber Path Type Reference,Fiber optic network; Telecom; Infrastructure; GeoSpatial,Telangana,Dept. of ITE&C,Telecom,CSV,RESTRICTED,2025-10-28T05:36:46+0530,918c6266-4b8b-433c-86d8-76ac88b64c3f
Telecom & Digital Infrastructure,Fiber & telecom network assets,Telangana (TGDeX),T-Fiber Point of Presence Label Geometry,Fiber optic network; Telecom; Infrastructure; GeoSpatial,Telangana,Dept. of ITE&C,Telecom,CSV,RESTRICTED,2025-10-28T03:29:55+0530,27767674-48a7-4c0e-b398-d2c3eec820b4
Telecom & Digital Infrastructure,Fiber & telecom network assets,Telangana (TGDeX),T-Fiber Points of Presence Geospatial Network Inventory,Fiber optic network; Telecom; Infrastructure; GeoSpatial,Telangana,Dept. of ITE&C,Telecom,CSV,RESTRICTED,2025-10-28T06:58:25+0530,d1d9a305-d389-4226-8261-7b13de9ed2e0
Telecom & Digital Infrastructure,Fiber & telecom network assets,Telangana (TGDeX),T-Fiber Pole Alignment and Lifecycle Topology,Fiber optic network; Telecom; Infrastructure; GeoSpatial,Telangana,Dept. of ITE&C,Telecommunications & Networking,csv,RESTRICTED,2025-06-22T10:45:21+0530,0ea613e7-c3b7-4143-9a26-a111471864c6
Telecom & Digital Infrastructure,Fiber & telecom network assets,Telangana (TGDeX),T-Fiber Pole Geometry Integration Records,Fiber optic network; Telecom; Infrastructure; GeoSpatial,Telangana,Dept. of ITE&C,Telecommunications & Networking,csv,RESTRICTED,2025-06-22T10:48:45+0530,2104c6a5-31fb-4ef9-a86d-e2542ec287fd
Telecom & Digital Infrastructure,Fiber & telecom network assets,Telangana (TGDeX),T-Fiber Posted Data Integration Jobs,Fiber optic network; Telecom; Infrastructure; GeoSpatial,Telangana,Dept. of ITE&C,Telecom,CSV,RESTRICTED,2025-10-28T03:42:55+0530,c3d7a42e-0fd4-47f5-aacb-099367ec3f8e
Telecom & Digital Infrastructure,Fiber & telecom network assets,Telangana (TGDeX),T-Fiber Processing Outcome Log,Fiber optic network; Telecom; Infrastructure; GeoSpatial,Telangana,Dept. of ITE&C,Telecom,CSV,RESTRICTED,2025-10-28T05:41:58+0530,a72bdf50-727e-47ee-a8a3-727525abb453
Telecom & Digital Infrastructure,Fiber & telecom network assets,Telangana (TGDeX),T-Fiber Protection Asset Inventory,Fiber optic network; Telecom; Infrastructure; GeoSpatial,Telangana,Dept. of ITE&C,Telecommunications & Networking,csv,RESTRICTED,2025-06-22T10:42:44+0530,25678275-a0e5-4fea-819e-2e3aefdbb4ad
Telecom & Digital Infrastructure,Fiber & telecom network assets,Telangana (TGDeX),T-Fiber Protection Asset Line Geometry,Fiber optic network; Telecom; Infrastructure; GeoSpatial,Telangana,Dept. of ITE&C,Telecommunications & Networking,csv,RESTRICTED,2025-06-22T10:45:24+0530,89cadb79-51e4-4459-81d9-abaa00032d1a
Telecom & Digital Infrastructure,Fiber & telecom network assets,Telangana (TGDeX),T-Fiber Protective Conduit Segment Inventory,Fiber optic network; Telecom; Infrastructure; GeoSpatial,Telangana,Dept. of ITE&C,Telecom,CSV,RESTRICTED,2025-10-28T06:46:27+0530,dca716c8-9eb7-45d9-af3c-6e2e2ce1abf6
Telecom & Digital Infrastructure,Fiber & telecom network assets,Telangana (TGDeX),T-Fiber Rack Feature Reference,Fiber optic network; Telecom; Infrastructure; GeoSpatial,Telangana,Dept. of ITE&C,Telecom,CSV,RESTRICTED,2025-10-28T05:38:20+0530,344f42be-84fd-49a3-ab43-1aeb3137f88f
Telecom & Digital Infrastructure,Fiber & telecom network assets,Telangana (TGDeX),T-Fiber Red Line Point Geospatial Data,Fiber optic network; Telecom; Infrastructure; GeoSpatial,Telangana,Dept. of ITE&C,Telecom,CSV,RESTRICTED,2025-10-28T03:38:14+0530,b4caaa58-1ce2-4194-a514-3d0d0c21f31e
Telecom & Digital Infrastructure,Fiber & telecom network assets,Telangana (TGDeX),T-Fiber Reference Capacity Specifications,Fiber optic network; Telecom; Infrastructure; GeoSpatial,Telangana,Dept. of ITE&C,Telecom,CSV,RESTRICTED,2025-10-28T05:31:03+0530,e068167d-65cb-4da4-b857-a035254c27be
Telecom & Digital Infrastructure,Fiber & telecom network assets,Telangana (TGDeX),T-Fiber Reference Minimal Service Definitions,Fiber optic network; Telecom; Infrastructure; GeoSpatial,Telangana,Dept. of ITE&C,Telecom,CSV,RESTRICTED,2025-10-28T05:35:44+0530,f9832cb1-e0b2-43af-a666-a54ea0b3d1f0
Telecom & Digital Infrastructure,Fiber & telecom network assets,Telangana (TGDeX),T-Fiber Road Centerline Segments,Fiber optic network; Telecom; Infrastructure; GeoSpatial,Telangana,Dept. of ITE&C,Telecom,CSV,RESTRICTED,2025-10-28T06:19:57+0530,eade971a-e7ea-47e8-abba-fa375f1354d4
Telecom & Digital Infrastructure,Fiber & telecom network assets,Telangana (TGDeX),T-Fiber Road Segment Width Staging Data,Fiber optic network; Telecom; Infrastructure; GeoSpatial,Telangana,Dept. of ITE&C,Telecom,CSV,RESTRICTED,2025-10-28T06:50:05+0530,2d72e922-813a-49d4-ba00-813b9c0b9221
Telecom & Digital Infrastructure,Fiber & telecom network assets,Telangana (TGDeX),T-Fiber Route Indicator Asset Geospatial Inventory,Fiber optic network; Telecom; Infrastructure; GeoSpatial,Telangana,Dept. of ITE&C,Telecommunications & Networking,csv,RESTRICTED,2025-06-22T10:50:51+0530,d4494387-23de-4971-9889-6c9cc8f51232
Telecom & Digital Infrastructure,Fiber & telecom network assets,Telangana (TGDeX),T-Fiber Route Indicator Asset Technical and Location,Fiber optic network; Telecom; Infrastructure; GeoSpatial,Telangana,Dept. of ITE&C,Telecommunications & Networking,csv,RESTRICTED,2025-06-22T10:45:45+0530,1f7401fa-342f-4697-803e-6a617ca50361
Telecom & Digital Infrastructure,Fiber & telecom network assets,Telangana (TGDeX),T-Fiber Route Indicator Spatial Geometry,Fiber optic network; Telecom; Infrastructure; GeoSpatial,Telangana,Dept. of ITE&C,Telecommunications & Networking,csv,RESTRICTED,2025-06-22T10:45:53+0530,74dbdbc1-86f2-411e-9aa0-72523c277f46
Telecom & Digital Infrastructure,Fiber & telecom network assets,Telangana (TGDeX),T-Fiber Route Indicator Spatial Geometry,Fiber optic network; Telecom; Infrastructure; GeoSpatial,Telangana,Dept. of ITE&C,Telecommunications & Networking,csv,RESTRICTED,2025-06-22T10:49:21+0530,9e10c6d6-1376-4fd3-b913-5d9426c2eed8
Telecom & Digital Infrastructure,Fiber & telecom network assets,Telangana (TGDeX),T-Fiber Route Obstacle Inventory,Fiber optic network; Telecom; Infrastructure; GeoSpatial,Telangana,Dept. of ITE&C,Telecom,CSV,RESTRICTED,2025-10-28T06:42:17+0530,5f9bb6fb-0d8d-45de-9c65-652c794a1b6a
Telecom & Digital Infrastructure,Fiber & telecom network assets,Telangana (TGDeX),T-Fiber Router Infrastructure Details,Fiber optic network; Telecom; Infrastructure; GeoSpatial,Telangana,Dept. of ITE&C,Telecom,CSV,RESTRICTED,2025-10-28T06:59:28+0530,8251e323-6084-400f-a3b7-9c4ec481de86
Telecom & Digital Infrastructure,Fiber & telecom network assets,Telangana (TGDeX),T-Fiber SAP Equipment Attribute Mapping,Fiber optic network; Telecom; Infrastructure; GeoSpatial,Telangana,Dept. of ITE&C,Telecom,CSV,RESTRICTED,2025-10-28T04:55:10+0530,732136e7-1680-47fe-aa75-e231b2579a37
Telecom & Digital Infrastructure,Fiber & telecom network assets,Telangana (TGDeX),T-Fiber Service Code Reference,Fiber optic network; Telecom; Infrastructure; GeoSpatial,Telangana,Dept. of ITE&C,Telecom,CSV,RESTRICTED,2025-10-28T05:38:51+0530,7484fb0d-c835-4758-a7ad-b02c3f13cbb0
Telecom & Digital Infrastructure,Fiber & telecom network assets,Telangana (TGDeX),T-Fiber Service Package Attribute Options,Fiber optic network; Telecom; Infrastructure; GeoSpatial,Telangana,Dept. of ITE&C,Telecom,CSV,RESTRICTED,2025-10-28T05:15:27+0530,f9aa73b8-5957-4f2f-a420-cff91a4b498d
Telecom & Digital Infrastructure,Fiber & telecom network assets,Telangana (TGDeX),T-Fiber Service Package Attribute Records,Fiber optic network; Telecom; Infrastructure; GeoSpatial,Telangana,Dept. of ITE&C,Telecom,CSV,RESTRICTED,2025-10-28T05:14:56+0530,fb31658e-5daf-42d4-9bc6-3ff9c8dc1453
Telecom & Digital Infrastructure,Fiber & telecom network assets,Telangana (TGDeX),T-Fiber Session Logs,Fiber optic network; Telecom; Infrastructure; GeoSpatial,Telangana,Dept. of ITE&C,Telecom,CSV,RESTRICTED,2025-10-28T05:25:20+0530,ff5c31f9-1179-4289-9197-ee89bbc7de47
Telecom & Digital Infrastructure,Fiber & telecom network assets,Telangana (TGDeX),T-Fiber Shapefile Processing Records,Fiber optic network; Telecom; Infrastructure; GeoSpatial,Telangana,Dept. of ITE&C,Telecom,CSV,RESTRICTED,2025-10-28T06:35:32+0530,fece3ad1-89be-4f45-a79b-7576f267f017
Telecom & Digital Infrastructure,Fiber & telecom network assets,Telangana (TGDeX),T-Fiber Slack Loop Geometry Records,Fiber optic network; Telecom; Infrastructure; GeoSpatial,Telangana,Dept. of ITE&C,Telecommunications & Networking,csv,RESTRICTED,2025-06-22T10:50:40+0530,7b93e5a0-587f-4cea-afcf-2c5f8dce3701
Telecom & Digital Infrastructure,Fiber & telecom network assets,Telangana (TGDeX),T-Fiber Software Version Mapping,Fiber optic network; Telecom; Infrastructure; GeoSpatial,Telangana,Dept. of ITE&C,Telecom,CSV,RESTRICTED,2025-10-28T05:05:03+0530,685e52ed-e27e-41a7-8f38-af57d7cb4b00
Telecom & Digital Infrastructure,Fiber & telecom network assets,Telangana (TGDeX),T-Fiber Spatial Data Validation Logs,Fiber optic network; Telecom; Infrastructure; GeoSpatial,Telangana,Dept. of ITE&C,Telecom,CSV,RESTRICTED,2025-10-28T06:29:50+0530,b9e76dc1-ff79-4569-be34-7a013a2ce113
Telecom & Digital Infrastructure,Fiber & telecom network assets,Telangana (TGDeX),T-Fiber Spatial Relationship Bitmask Mapping,Fiber optic network; Telecom; Infrastructure; GeoSpatial,Telangana,Dept. of ITE&C,Telecom,CSV,RESTRICTED,2025-10-28T06:07:59+0530,99d93485-f68d-4adc-8a35-f4240411720f
Telecom & Digital Infrastructure,Fiber & telecom network assets,Telangana (TGDeX),T-Fiber Splice Connection Redo Records,Fiber optic network; Telecom; Infrastructure; GeoSpatial,Telangana,Dept. of ITE&C,Telecom,CSV,RESTRICTED,2025-10-28T03:33:34+0530,7502ee0d-09f5-4d21-a019-83839c91e6d3
Telecom & Digital Infrastructure,Fiber & telecom network assets,Telangana (TGDeX),T-Fiber Splitter Asset Coil and Geospatial Information,Fiber optic network; Telecom; Infrastructure; GeoSpatial,Telangana,Dept. of ITE&C,Telecommunications & Networking,csv,RESTRICTED,2025-06-22T10:49:29+0530,e12c4aea-dc74-4a82-928b-fa746432c1af
Telecom & Digital Infrastructure,Fiber & telecom network assets,Telangana (TGDeX),T-Fiber Staging Validation Log,Fiber optic network; Telecom; Infrastructure; GeoSpatial,Telangana,Dept. of ITE&C,Telecom,CSV,RESTRICTED,2025-10-28T06:28:16+0530,08fcc50c-35ce-4925-956a-21477b0dfa93
Telecom & Digital Infrastructure,Fiber & telecom network assets,Telangana (TGDeX),T-Fiber Support Personnel Records,Fiber optic network; Telecom; Infrastructure; GeoSpatial,Telangana,Dept. of ITE&C,Telecom,CSV,RESTRICTED,2025-10-28T02:27:29+0530,42ece762-df08-4f62-a11c-e34452e36ad9
Telecom & Digital Infrastructure,Fiber & telecom network assets,Telangana (TGDeX),T-Fiber Telangana Fiber Optic Network Inventory,Fiber optic network; Telecom; Infrastructure; GeoSpatial,Telangana,Dept. of ITE&C,Telecom,CSV,RESTRICTED,2025-10-28T03:30:26+0530,3649a96b-7bbe-42b7-b101-22e73e06cec8
Telecom & Digital Infrastructure,Fiber & telecom network assets,Telangana (TGDeX),T-Fiber Telangana Water Boundary Geometries,Fiber optic network; Telecom; Infrastructure; GeoSpatial,Telangana,Dept. of ITE&C,Telecom,CSV,RESTRICTED,2025-10-28T06:52:42+0530,973c1fd5-f2ec-4f13-9fd6-4548fa73a11e
Telecom & Digital Infrastructure,Fiber & telecom network assets,Telangana (TGDeX),T-Fiber Temporary Image Storage,Fiber optic network; Telecom; Infrastructure; GeoSpatial,Telangana,Dept. of ITE&C,Telecom,CSV,RESTRICTED,2025-10-29T01:01:00+0530,7dc1beca-5ef7-4e2e-80d2-a888bb67f59f
Telecom & Digital Infrastructure,Fiber & telecom network assets,Telangana (TGDeX),T-Fiber Test Building Records for Network Validation,Fiber optic network; Telecom; Infrastructure; GeoSpatial,Telangana,Dept. of ITE&C,Telecommunications & Networking,csv,RESTRICTED,2025-06-22T10:51:42+0530,f2e3e3bd-0cc9-44ad-aa1c-683bca4f79cb
Telecom & Digital Infrastructure,Fiber & telecom network assets,Telangana (TGDeX),T-Fiber Underground Duct Segment Inventory,Fiber optic network; Telecom; Infrastructure; GeoSpatial,Telangana,Dept. of ITE&C,Telecom,CSV,RESTRICTED,2025-10-28T06:27:14+0530,9f8b7a57-ed87-4227-9f05-b76a36cc2e42
Telecom & Digital Infrastructure,Fiber & telecom network assets,Telangana (TGDeX),T-Fiber Uninterruptible Power Supply Asset Inventory,Fiber optic network; Telecom; Infrastructure; GeoSpatial,Telangana,Dept. of ITE&C,Telecom,CSV,RESTRICTED,2025-10-28T07:01:02+0530,5b572b51-3852-4bcb-a0d0-ac571365201b
Telecom & Digital Infrastructure,Fiber & telecom network assets,Telangana (TGDeX),T-Fiber Web Application Field Template Definitions,Fiber optic network; Telecom; Infrastructure; GeoSpatial,Telangana,Dept. of ITE&C,Telecom,CSV,RESTRICTED,2025-10-28T02:31:08+0530,e312a648-2688-4ce3-831f-e812073a2cb3
Telecom & Digital Infrastructure,Fiber & telecom network assets,Telangana (TGDeX),T-Fiber Work Order Service Job Log,Fiber optic network; Telecom; Infrastructure; GeoSpatial,Telangana,Dept. of ITE&C,Telecom,CSV,RESTRICTED,2025-10-28T04:17:13+0530,bd8cdf0f-edfb-4a14-bcfc-ba413b8f12c8
Telecom & Digital Infrastructure,Fiber & telecom network assets,Telangana (TGDeX),Taxonomic Classification of Animal Species,Fiber optic network; Telecom; Infrastructure; GeoSpatial,Telangana,Dept. of ITE&C,Telecom,CSV,RESTRICTED,2025-10-28T02:23:50+0530,196b4415-5ffc-4be2-8eae-36283a815171
Telecom & Digital Infrastructure,Fiber & telecom network assets,Telangana (TGDeX),Telangana Administrative Region Mapping for T-Fiber,Fiber optic network; Telecom; Infrastructure; GeoSpatial,Telangana,Dept. of ITE&C,Telecommunications & Networking,csv,RESTRICTED,2025-06-22T10:44:23+0530,21f9c7d9-be4f-4e12-9893-9f07c22f0d8e
Telecom & Digital Infrastructure,Fiber & telecom network assets,Telangana (TGDeX),Telangana District Telephone Infrastructure (2015-2016),Telecom; Telephone Infrastructure; Connectivity; Asset Mapping; Communication Networks,Telangana,Dept. of Planning,Telecommunications & Networking,CSV,OPEN,2025-06-22T09:39:09+0530,8c31186e-568b-41c6-9e33-cae0c22b208b
Telecom & Digital Infrastructure,Fiber & telecom network assets,Telangana (TGDeX),Telangana Fiber Duct Network Segments,Fiber optic network; Telecom; Infrastructure; GeoSpatial,Telangana,Dept. of ITE&C,Telecom,CSV,RESTRICTED,2025-10-28T06:26:11+0530,213ac564-820a-4280-ab21-0535ba67364b
Telecom & Digital Infrastructure,Fiber & telecom network assets,Telangana (TGDeX),Telangana Fiber Internet Service Baseline Statistics,Fiber optic network; Telecom; Infrastructure; GeoSpatial,Telangana,Dept. of ITE&C,Telecom,CSV,RESTRICTED,2025-10-28T03:00:16+0530,97ccfde7-9aef-46fc-9d0d-601be37b2ffa
Telecom & Digital Infrastructure,Fiber & telecom network assets,Telangana (TGDeX),Telangana Fiber Landmark Label Alignment Geometry,Fiber optic network; Telecom; Infrastructure; GeoSpatial,Telangana,Dept. of ITE&C,Telecommunications & Networking,csv,RESTRICTED,2025-06-22T10:52:16+0530,1c91225b-ba8d-4da4-b3f8-34c4e3bf6122
Telecom & Digital Infrastructure,Fiber & telecom network assets,Telangana (TGDeX),Telangana Fiber Network Chainage Staging Data,Fiber optic network; Telecom; Infrastructure; GeoSpatial,Telangana,Dept. of ITE&C,Telecommunications & Networking,csv,RESTRICTED,2025-06-22T10:49:45+0530,b5fe80b9-d4c4-4c7d-9289-71adc6cbe47d
Telecom & Digital Infrastructure,Fiber & telecom network assets,Telangana (TGDeX),Telangana Fiber Network Coupler Locations,Fiber optic network; Telecom; Infrastructure; GeoSpatial,Telangana,Dept. of ITE&C,Telecom,CSV,RESTRICTED,2025-10-28T06:25:40+0530,1a80ad8d-e9c1-4c0d-a270-b12acae85c37
Telecom & Digital Infrastructure,Fiber & telecom network assets,Telangana (TGDeX),Telangana Fiber Network Geopolitical Mapping,Fiber optic network; Telecom; Infrastructure; GeoSpatial,Telangana,Dept. of ITE&C,Telecom,CSV,RESTRICTED,2025-10-28T03:19:00+0530,35d15289-bf57-409f-8730-ddee3132d0ec
Telecom & Digital Infrastructure,Fiber & telecom network assets,Telangana (TGDeX),Telangana Fiber Network Label Records,Fiber optic network; Telecom; Infrastructure; GeoSpatial,Telangana,Dept. of ITE&C,Telecom,CSV,RESTRICTED,2025-10-28T04:17:45+0530,fe6536af-7001-485b-b0b0-a33c397cc7c3
Telecom & Digital Infrastructure,Fiber & telecom network assets,Telangana (TGDeX),Telangana Fiber Network Pole Geometry Records,Fiber optic network; Telecom; Infrastructure; GeoSpatial,Telangana,Dept. of ITE&C,Telecommunications & Networking,csv,RESTRICTED,2025-06-22T10:45:17+0530,0be813db-1b51-46ea-afc9-cb61156dbb09
Telecom & Digital Infrastructure,Fiber & telecom network assets,Telangana (TGDeX),Telangana Fiber Network Protection Assets,Fiber optic network; Telecom; Infrastructure; GeoSpatial,Telangana,Dept. of ITE&C,Telecommunications & Networking,csv,RESTRICTED,2025-06-22T10:51:38+0530,b2b37478-3e4f-45f3-8a3f-eb063e2a4371
Telecom & Digital Infrastructure,Fiber & telecom network assets,Telangana (TGDeX),Telangana Fiber Network Protection Layout,Fiber optic network; Telecom; Infrastructure; GeoSpatial,Telangana,Dept. of ITE&C,Telecom,CSV,RESTRICTED,2025-10-28T06:45:56+0530,b3c6779d-d3cc-44b1-b9cb-71729efbedc8
Telecom & Digital Infrastructure,Fiber & telecom network assets,Telangana (TGDeX),Telangana Fiber Optic Cable Network Inventory,Fiber optic network; Telecom; Infrastructure; GeoSpatial,Telangana,Dept. of ITE&C,Telecommunications & Networking,csv,RESTRICTED,2025-06-22T10:48:26+0530,4542ab93-d9f9-4e4d-824d-01fd61ce3c78
Telecom & Digital Infrastructure,Fiber & telecom network assets,Telangana (TGDeX),Telangana Fiber Optic Cable Route Attributes,Fiber optic network; Telecom; Infrastructure; GeoSpatial,Telangana,Dept. of ITE&C,Telecommunications & Networking,csv,RESTRICTED,2025-06-22T10:42:36+0530,85a9b24b-a0ce-404e-a3af-fc351d56d09e
Telecom & Digital Infrastructure,Fiber & telecom network assets,Telangana (TGDeX),Telangana Fiber Optic Cable Route Segments,Fiber optic network; Telecom; Infrastructure; GeoSpatial,Telangana,Dept. of ITE&C,Telecom,CSV,RESTRICTED,2025-10-28T06:17:52+0530,67cabdd6-c6b3-45fa-8c26-a4aaab88eb8f
Telecom & Digital Infrastructure,Fiber & telecom network assets,Telangana (TGDeX),Telangana Fiber Optic Chainage Segments,Fiber optic network; Telecom; Infrastructure; GeoSpatial,Telangana,Dept. of ITE&C,Telecommunications & Networking,csv,RESTRICTED,2025-06-22T10:42:47+0530,b987fbf6-a252-4197-b032-33515668d203
Telecom & Digital Infrastructure,Fiber & telecom network assets,Telangana (TGDeX),Telangana Fiber Optic Duct Specifications and Locations,Fiber optic network; Telecom; Infrastructure; GeoSpatial,Telangana,Dept. of ITE&C,Telecommunications & Networking,csv,RESTRICTED,2025-06-22T10:51:19+0530,f7390e7d-35ca-4da0-b521-8baad07322a8
Telecom & Digital Infrastructure,Fiber & telecom network assets,Telangana (TGDeX),Telangana Fiber Optic Network Geospatial Feature Details,Fiber optic network; Telecom; Infrastructure; GeoSpatial,Telangana,Dept. of ITE&C,Telecom,CSV,RESTRICTED,2025-10-28T03:13:16+0530,f8d0cec3-5107-443e-8b33-b8fab88e8c5d
Telecom & Digital Infrastructure,Fiber & telecom network assets,Telangana (TGDeX),Telangana Fiber Optic Network Node-Edge Connectivity Definitions,Fiber optic network; Telecom; Infrastructure; GeoSpatial,Telangana,Dept. of ITE&C,Telecom,CSV,RESTRICTED,2025-10-28T04:44:15+0530,6512f672-9417-4e60-bec1-3e06eb88cba0
Telecom & Digital Infrastructure,Fiber & telecom network assets,Telangana (TGDeX),Telangana Fiber Optic Termination Box Inventory,Fiber optic network; Telecom; Infrastructure; GeoSpatial,Telangana,Dept. of ITE&C,Telecom,CSV,RESTRICTED,2025-10-28T06:37:06+0530,946c0b4a-d160-4e13-8dd3-dcd6e741d9f9
Telecom & Digital Infrastructure,Fiber & telecom network assets,Telangana (TGDeX),Telangana Fiber-Optic Cable Route Segments,Fiber optic network; Telecom; Infrastructure; GeoSpatial,Telangana,Dept. of ITE&C,Telecom,CSV,RESTRICTED,2025-10-28T07:11:59+0530,e4690447-e2ba-4b06-ab79-ee51be295bb9
Telecom & Digital Infrastructure,Fiber & telecom network assets,Telangana (TGDeX),Telangana Fiber-Optic Coupler Spatial Topology,Fiber optic network; Telecom; Infrastructure; GeoSpatial,Telangana,Dept. of ITE&C,Telecommunications & Networking,csv,RESTRICTED,2025-06-22T10:43:47+0530,9c29559c-f36f-437c-9114-790e9cb1f17c
Telecom & Digital Infrastructure,Fiber & telecom network assets,Telangana (TGDeX),Telangana Fiber-Optic Duct Asset Technical Specifications,Fiber optic network; Telecom; Infrastructure; GeoSpatial,Telangana,Dept. of ITE&C,Telecommunications & Networking,csv,RESTRICTED,2025-06-22T10:52:07+0530,1d276db6-6e75-4221-a96c-c6f536c09585
Telecom & Digital Infrastructure,Fiber & telecom network assets,Telangana (TGDeX),Telangana Fiber-Optic Geographic Feature Relationships,Fiber optic network; Telecom; Infrastructure; GeoSpatial,Telangana,Dept. of ITE&C,Telecom,CSV,RESTRICTED,2025-10-28T04:06:18+0530,b4cf31f9-eec6-4e9d-a617-2485c88f89d7
Telecom & Digital Infrastructure,Fiber & telecom network assets,Telangana (TGDeX),Telangana Fiber-Optic Network Geometry Relationships,Fiber optic network; Telecom; Infrastructure; GeoSpatial,Telangana,Dept. of ITE&C,Telecom,CSV,RESTRICTED,2025-10-28T04:52:34+0530,3b44ed51-028f-4752-9ec2-f881de65810b
Telecom & Digital Infrastructure,Fiber & telecom network assets,Telangana (TGDeX),Telangana Fiber-Optic Network Pole Inventory,Fiber optic network; Telecom; Infrastructure; GeoSpatial,Telangana,Dept. of ITE&C,Telecom,CSV,RESTRICTED,2025-10-28T03:29:24+0530,a20559e1-319f-4282-a48b-f1d117ae68fe
Telecom & Digital Infrastructure,Fiber & telecom network assets,Telangana (TGDeX),Telangana Fiber-Optic Network Protection Assets,Fiber optic network; Telecom; Infrastructure; GeoSpatial,Telangana,Dept. of ITE&C,Telecommunications & Networking,csv,RESTRICTED,2025-06-22T10:48:57+0530,71d9e8e5-3674-4275-a1ac-a1f184746d17
Telecom & Digital Infrastructure,Fiber & telecom network assets,Telangana (TGDeX),Telangana Fiber-Optic Reference Point Geometry Log,Fiber optic network; Telecom; Infrastructure; GeoSpatial,Telangana,Dept. of ITE&C,Telecommunications & Networking,csv,RESTRICTED,2025-06-22T10:49:01+0530,7816ad62-634e-4756-90d9-5affd1ac9a18
Telecom & Digital Infrastructure,Fiber & telecom network assets,Telangana (TGDeX),Telangana Fiber-Optic Service Mandal Coverage,Fiber optic network; Telecom; Infrastructure; GeoSpatial,Telangana,Dept. of ITE&C,Telecom,CSV,RESTRICTED,2025-10-28T05:25:51+0530,cc6d3e04-41ed-417b-a944-0c38f0c962b0
Telecom & Digital Infrastructure,Fiber & telecom network assets,Telangana (TGDeX),Telangana Government Fiber-Optic Chainage Segments,Fiber optic network; Telecom; Infrastructure; GeoSpatial,Telangana,Dept. of ITE&C,Telecom,CSV,RESTRICTED,2025-10-28T06:23:04+0530,08200170-f7aa-4889-ac3b-b32f14436ec7
Telecom & Digital Infrastructure,Fiber & telecom network assets,Telangana (TGDeX),Telangana Government Fiber-Optic Duct Segment Inventory,Fiber optic network; Telecom; Infrastructure; GeoSpatial,Telangana,Dept. of ITE&C,Telecom,CSV,RESTRICTED,2025-10-28T06:26:42+0530,44ad41d4-0427-4b99-9694-074498b32d1b
Telecom & Digital Infrastructure,Fiber & telecom network assets,Telangana (TGDeX),Telangana Optical Fiber Splice Connections,Fiber optic network; Telecom; Infrastructure; GeoSpatial,Telangana,Dept. of ITE&C,Telecommunications & Networking,csv,RESTRICTED,2025-06-22T10:45:56+0530,67fca264-d51a-444e-afe0-69850e8831c3
Telecom & Digital Infrastructure,Fiber & telecom network assets,Telangana (TGDeX),Telangana Road and Junction Widths for Fiber Planning,Fiber optic network; Telecom; Infrastructure; GeoSpatial,Telangana,Dept. of ITE&C,Telecom,CSV,RESTRICTED,2025-10-28T06:48:32+0530,983d10b7-f1c4-4b65-b70a-ac13fafd24bd
Telecom & Digital Infrastructure,Fiber & telecom network assets,Telangana (TGDeX),Telangana Road Centerline Attributes for Fiber Network Planning,Fiber optic network; Telecom; Infrastructure; GeoSpatial,Telangana,Dept. of ITE&C,Telecom,CSV,RESTRICTED,2025-10-28T06:18:55+0530,6e1b9220-eb51-4ce1-a430-d50c3967f628
Telecom & Digital Infrastructure,Fiber & telecom network assets,Telangana (TGDeX),Telangana Road Width Reference Dataset for Fiber Infrastructure Planning,Fiber optic network; Telecom; Infrastructure; GeoSpatial,Telangana,Dept. of ITE&C,Telecom,CSV,RESTRICTED,2025-10-28T06:49:34+0530,7adabd58-9f10-403b-a110-4b566e75d5f8
Telecom & Digital Infrastructure,Fiber & telecom network assets,Telangana (TGDeX),Telangana State Building Attributes Staging Table,Fiber optic network; Telecom; Infrastructure; GeoSpatial,Telangana,Dept. of ITE&C,Telecommunications & Networking,csv,RESTRICTED,2025-06-22T10:49:33+0530,d638d79c-690a-4aa0-928a-6a68b3aa4597
Telecom & Digital Infrastructure,Fiber & telecom network assets,Telangana (TGDeX),Telangana State Fiber Distribution Asset Inventory,Fiber optic network; Telecom; Infrastructure; GeoSpatial,Telangana,Dept. of ITE&C,Telecom,CSV,RESTRICTED,2025-10-28T06:27:45+0530,34f35730-7f4b-4762-bbc6-43d4fce407fb
Telecom & Digital Infrastructure,Fiber & telecom network assets,Telangana (TGDeX),Telangana State Fiber Network Geospatial Components,Fiber optic network; Telecom; Infrastructure; GeoSpatial,Telangana,Dept. of ITE&C,Telecom,CSV,RESTRICTED,2025-10-28T03:36:10+0530,d1c5d9b9-ca04-4c05-86c7-dda5c3e34616
Telecom & Digital Infrastructure,Fiber & telecom network assets,Telangana (TGDeX),Telangana State Fiber Network Pole Inventory,Fiber optic network; Telecom; Infrastructure; GeoSpatial,Telangana,Dept. of ITE&C,Telecommunications & Networking,csv,RESTRICTED,2025-06-22T10:45:13+0530,c400376e-5ae0-4539-86cb-58a3bf380719
Telecom & Digital Infrastructure,Fiber & telecom network assets,Telangana (TGDeX),Telangana State Fiber Network Router Inventory,Fiber optic network; Telecom; Infrastructure; GeoSpatial,Telangana,Dept. of ITE&C,Telecom,CSV,RESTRICTED,2025-10-28T03:32:00+0530,8bcd8d59-bbee-4578-9ce5-afb081ae90f3
Telecom & Digital Infrastructure,Fiber & telecom network assets,Telangana (TGDeX),Telangana State Fiber Optic Cable Route Staging Data,Fiber optic network; Telecom; Infrastructure; GeoSpatial,Telangana,Dept. of ITE&C,Telecommunications & Networking,csv,RESTRICTED,2025-06-22T10:49:37+0530,e1f655a3-9960-427e-b030-5c50a3097a3a
Telecom & Digital Infrastructure,Fiber & telecom network assets,Telangana (TGDeX),Telangana State Fiber Optic Cable Segment Inventory and Measurements,Fiber optic network; Telecom; Infrastructure; GeoSpatial,Telangana,Dept. of ITE&C,Telecommunications & Networking,csv,RESTRICTED,2025-06-22T10:43:51+0530,c3ef2029-124e-4f70-9272-f9a146a334e2
Telecom & Digital Infrastructure,Fiber & telecom network assets,Telangana (TGDeX),Telangana State Fiber Optic Chamber Asset Inventory,Fiber optic network; Telecom; Infrastructure; GeoSpatial,Telangana,Dept. of ITE&C,Telecom,CSV,RESTRICTED,2025-10-28T06:24:38+0530,b5426f8e-9677-469a-b10d-72e685b6d388
Telecom & Digital Infrastructure,Fiber & telecom network assets,Telangana (TGDeX),Telangana State Fiber Optic Duct Alignment Geometry,Fiber optic network; Telecom; Infrastructure; GeoSpatial,Telangana,Dept. of ITE&C,Telecommunications & Networking,csv,RESTRICTED,2025-06-22T10:52:12+0530,f4b661ba-5900-4667-a668-509314cda0d0
Telecom & Digital Infrastructure,Fiber & telecom network assets,Telangana (TGDeX),Telangana State Fiber Optic Duct Segments,Fiber optic network; Telecom; Infrastructure; GeoSpatial,Telangana,Dept. of ITE&C,Telecom,CSV,RESTRICTED,2025-10-28T03:15:21+0530,195b0027-18b4-43fe-8388-42db12fd4e2e
Telecom & Digital Infrastructure,Fiber & telecom network assets,Telangana (TGDeX),Telangana State Fiber Optic Joint Inventory,Fiber optic network; Telecom; Infrastructure; GeoSpatial,Telangana,Dept. of ITE&C,Telecom,CSV,RESTRICTED,2025-10-28T06:37:37+0530,eb878d23-60ec-4960-86da-1b4a3f03aa77
Telecom & Digital Infrastructure,Fiber & telecom network assets,Telangana (TGDeX),Telangana State Fiber Optic Point-of-Presence Locations,Fiber optic network; Telecom; Infrastructure; GeoSpatial,Telangana,Dept. of ITE&C,Telecommunications & Networking,csv,RESTRICTED,2025-06-22T10:46:01+0530,b5b1d01d-9a27-4f87-8a88-dd709367229b
Telecom & Digital Infrastructure,Fiber & telecom network assets,Telangana (TGDeX),Telangana State Fiber Pole Inventory,Fiber optic network; Telecom; Infrastructure; GeoSpatial,Telangana,Dept. of ITE&C,Telecom,CSV,RESTRICTED,2025-10-28T07:14:03+0530,32157b26-9e3d-4724-8fa3-29e8a0dcdf13
Telecom & Digital Infrastructure,Fiber & telecom network assets,Telangana (TGDeX),Telangana State Fiber Protection Asset Staging,Fiber optic network; Telecom; Infrastructure; GeoSpatial,Telangana,Dept. of ITE&C,Telecommunications & Networking,csv,RESTRICTED,2025-06-22T10:50:48+0530,51032752-dd32-4727-8039-0402897a76cb
Telecom & Digital Infrastructure,Fiber & telecom network assets,Telangana (TGDeX),Telangana State Fiber Reference Point Geometry,Fiber optic network; Telecom; Infrastructure; GeoSpatial,Telangana,Dept. of ITE&C,Telecommunications & Networking,csv,RESTRICTED,2025-06-22T10:45:36+0530,3ebe76bc-ff5d-492f-99e8-f9066de0d1b9
Telecom & Digital Infrastructure,Fiber & telecom network assets,Telangana (TGDeX),Telangana State Fiber-Optic Building Topology Geometry,Fiber optic network; Telecom; Infrastructure; GeoSpatial,Telangana,Dept. of ITE&C,Telecommunications & Networking,csv,RESTRICTED,2025-06-22T10:43:12+0530,7822978d-7d01-4a51-bf08-66c55686efe2
Telecom & Digital Infrastructure,Fiber & telecom network assets,Telangana (TGDeX),Telangana State Fiber-Optic Network Route Indicator Labels,Fiber optic network; Telecom; Infrastructure; GeoSpatial,Telangana,Dept. of ITE&C,Telecommunications & Networking,csv,RESTRICTED,2025-06-22T10:49:17+0530,9ce5d02b-fdb8-4549-919e-d041b818cf02
Telecom & Digital Infrastructure,Fiber & telecom network assets,Telangana (TGDeX),Telangana State Fiber-Optic Router Asset Inventory,Fiber optic network; Telecom; Infrastructure; GeoSpatial,Telangana,Dept. of ITE&C,Telecom,CSV,RESTRICTED,2025-10-28T06:50:37+0530,2e1ccc9e-43f3-420c-8592-a0d909a91208
Telecom & Digital Infrastructure,Fiber & telecom network assets,Telangana (TGDeX),Telangana State Fiber-Optic Splice Topology Dataset,Fiber optic network; Telecom; Infrastructure; GeoSpatial,Telangana,Dept. of ITE&C,Telecommunications & Networking,csv,RESTRICTED,2025-06-22T10:44:19+0530,aa5b748b-4fe4-48f6-a85c-7545d06d42af
Telecom & Digital Infrastructure,Fiber & telecom network assets,Telangana (TGDeX),Telangana State Optical Fiber Cable Network Assets,Fiber optic network; Telecom; Infrastructure; GeoSpatial,Telangana,Dept. of ITE&C,Telecommunications & Networking,csv,RESTRICTED,2025-06-22T10:42:40+0530,49b2476f-f34e-4e08-b975-b95911e7c6d3
Telecom & Digital Infrastructure,Fiber & telecom network assets,Telangana (TGDeX),Telangana State Optical Fiber Cable Segment Inventory,Fiber optic network; Telecom; Infrastructure; GeoSpatial,Telangana,Dept. of ITE&C,Telecom,CSV,RESTRICTED,2025-10-28T06:42:49+0530,4e4c0e70-b26c-4b8f-99af-973fa9498fa3
Telecom & Digital Infrastructure,Fiber & telecom network assets,Telangana (TGDeX),Telangana State T-Fiber Chainage Label Geospatial Points,Fiber optic network; Telecom; Infrastructure; GeoSpatial,Telangana,Dept. of ITE&C,Telecommunications & Networking,csv,RESTRICTED,2025-06-22T10:43:29+0530,7d9d9ff4-3770-457f-9984-5e061248d49b
Telecom & Digital Infrastructure,Fiber & telecom network assets,Telangana (TGDeX),Telangana State T-Fiber Landmark Spatial Dataset,Fiber optic network; Telecom; Infrastructure; GeoSpatial,Telangana,Dept. of ITE&C,Telecommunications & Networking,csv,RESTRICTED,2025-06-22T10:44:39+0530,6a8606d0-4e52-41b4-a770-c0a7e850a599
Telecom & Digital Infrastructure,Fiber & telecom network assets,Telangana (TGDeX),Telangana State T-Fiber Optic Dispersion Measurements,Fiber optic network; Telecom; Infrastructure; GeoSpatial,Telangana,Dept. of ITE&C,Telecom,CSV,RESTRICTED,2025-10-28T05:12:51+0530,4994215b-84cb-43a2-a40c-a146144e2e02
Telecom & Digital Infrastructure,Fiber & telecom network assets,Telangana (TGDeX),Telangana State T-Fiber Points of Presence Connectivity Data,Fiber optic network; Telecom; Infrastructure; GeoSpatial,Telangana,Dept. of ITE&C,Telecommunications & Networking,csv,RESTRICTED,2025-06-22T10:48:53+0530,7c285c97-dc43-48c0-b688-069901d474e6
Telecom & Digital Infrastructure,Fiber & telecom network assets,Telangana (TGDeX),Telangana State T-Fiber Uninterruptible Power Supply Asset Inventory,Fiber optic network; Telecom; Infrastructure; GeoSpatial,Telangana,Dept. of ITE&C,Telecom,CSV,RESTRICTED,2025-10-28T06:01:13+0530,10635bdb-0344-44e8-aefa-d778534d4955
Telecom & Digital Infrastructure,Fiber & telecom network assets,Telangana (TGDeX),Telangana Statewide Fiber Chainage Points,Fiber optic network; Telecom; Infrastructure; GeoSpatial,Telangana,Dept. of ITE&C,Telecommunications & Networking,csv,RESTRICTED,2025-06-22T10:42:53+0530,60e2cf17-b067-4013-9a90-ed44015ac040
Telecom & Digital Infrastructure,Fiber & telecom network assets,Telangana (TGDeX),Telangana T-Fiber Building Infrastructure Dataset,Fiber optic network; Telecom; Infrastructure; GeoSpatial,Telangana,Dept. of ITE&C,Telecommunications & Networking,csv,RESTRICTED,2025-06-22T10:46:40+0530,6856003d-ba13-4b68-99a7-7d90b7986b0c
Telecom & Digital Infrastructure,Fiber & telecom network assets,Telangana (TGDeX),Telangana T-Fiber Building Inventory,Fiber optic network; Telecom; Infrastructure; GeoSpatial,Telangana,Dept. of ITE&C,Telecom,CSV,RESTRICTED,2025-10-28T06:16:50+0530,ce2bfbe6-e0d0-4669-b84d-6dfcc5cd37fc
Telecom & Digital Infrastructure,Fiber & telecom network assets,Telangana (TGDeX),Telangana T-Fiber Cable Segment Geometry,Fiber optic network; Telecom; Infrastructure; GeoSpatial,Telangana,Dept. of ITE&C,Telecommunications & Networking,csv,RESTRICTED,2025-06-22T10:43:55+0530,75aa1828-1c06-4b2e-a7c9-cdecce4acfaf
Telecom & Digital Infrastructure,Fiber & telecom network assets,Telangana (TGDeX),Telangana T-Fiber Geospatial Network Points,Fiber optic network; Telecom; Infrastructure; GeoSpatial,Telangana,Dept. of ITE&C,Telecom,CSV,RESTRICTED,2025-10-28T03:20:02+0530,927c1161-bb20-4c67-be91-03c1a0609172
Telecom & Digital Infrastructure,Fiber & telecom network assets,Telangana (TGDeX),Telangana T-Fiber GIS Building Component Transactions,Fiber optic network; Telecom; Infrastructure; GeoSpatial,Telangana,Dept. of ITE&C,Telecom,CSV,RESTRICTED,2025-10-28T05:48:13+0530,58114f76-ea9a-46b1-88ea-6a1035535d65
Telecom & Digital Infrastructure,Fiber & telecom network assets,Telangana (TGDeX),Telangana T-Fiber Horizontal Directional Drilling Records,Fiber optic network; Telecom; Infrastructure; GeoSpatial,Telangana,Dept. of ITE&C,Telecom,CSV,RESTRICTED,2025-10-28T06:21:30+0530,99f6faa1-ae62-4691-a028-d2d3ccb939ca
Telecom & Digital Infrastructure,Fiber & telecom network assets,Telangana (TGDeX),Telangana T-Fiber Manhole Spatial and Versioning Records,Fiber optic network; Telecom; Infrastructure; GeoSpatial,Telangana,Dept. of ITE&C,Telecommunications & Networking,csv,RESTRICTED,2025-06-22T10:48:09+0530,8d2de89d-9228-4b22-98a5-26e134d6d1dd
Telecom & Digital Infrastructure,Fiber & telecom network assets,Telangana (TGDeX),Telangana T-Fiber Manhole Topology and Alignment,Fiber optic network; Telecom; Infrastructure; GeoSpatial,Telangana,Dept. of ITE&C,Telecommunications & Networking,csv,RESTRICTED,2025-06-22T10:51:55+0530,017502b4-bc65-406c-aaba-75981195f90c
Telecom & Digital Infrastructure,Fiber & telecom network assets,Telangana (TGDeX),Telangana T-Fiber Optical Backbone Segment Inventory,Fiber optic network; Telecom; Infrastructure; GeoSpatial,Telangana,Dept. of ITE&C,Telecom,CSV,RESTRICTED,2025-10-28T03:24:12+0530,a3303781-cf13-4891-a98f-0d8924420a7c
Telecom & Digital Infrastructure,Fiber & telecom network assets,Telangana (TGDeX),Telangana T-Fiber Optical Network Component Records,Fiber optic network; Telecom; Infrastructure; GeoSpatial,Telangana,Dept. of ITE&C,Telecom,CSV,RESTRICTED,2025-10-28T03:22:07+0530,35f62e63-5dca-4b62-bf58-9afb649dce37
Telecom & Digital Infrastructure,Fiber & telecom network assets,Telangana (TGDeX),Telangana T-Fiber Optical Network Termination Inventory,Fiber optic network; Telecom; Infrastructure; GeoSpatial,Telangana,Dept. of ITE&C,Telecom,CSV,RESTRICTED,2025-10-28T06:43:51+0530,294d251e-7755-41e3-a2f7-af030793428c
Telecom & Digital Infrastructure,Fiber & telecom network assets,Telangana (TGDeX),Telangana T-Fiber Optical Splice Spatial and Lifecycle Records,Fiber optic network; Telecom; Infrastructure; GeoSpatial,Telangana,Dept. of ITE&C,Telecommunications & Networking,csv,RESTRICTED,2025-06-22T10:51:51+0530,385665b2-22f2-4ddb-ae33-ff93d52c8c80
Telecom & Digital Infrastructure,Fiber & telecom network assets,Telangana (TGDeX),Telangana T-Fiber Points of Presence and Connectivity,Fiber optic network; Telecom; Infrastructure; GeoSpatial,Telangana,Dept. of ITE&C,Telecom,CSV,RESTRICTED,2025-10-28T06:45:25+0530,7d197014-7b6e-4043-8642-2d63d1e22dcb
Telecom & Digital Infrastructure,Fiber & telecom network assets,Telangana (TGDeX),Telangana T-Fiber Reinforcement Infrastructure Points,Fiber optic network; Telecom; Infrastructure; GeoSpatial,Telangana,Dept. of ITE&C,Telecom,CSV,RESTRICTED,2025-10-28T06:47:30+0530,0b672b14-7021-44c4-8fd8-885feddbebdb
Telecom & Digital Infrastructure,Fiber & telecom network assets,Telangana (TGDeX),Telangana T-Fiber Staging Process Log,Fiber optic network; Telecom; Infrastructure; GeoSpatial,Telangana,Dept. of ITE&C,Telecom,CSV,RESTRICTED,2025-10-28T06:52:10+0530,b59babb6-697e-4dfb-9898-471adf97c5f7
Telecom & Digital Infrastructure,Fiber & telecom network assets,Telangana (TGDeX),Telangana T-Fiber Trench and Duct Installation Records,Fiber optic network; Telecom; Infrastructure; GeoSpatial,Telangana,Dept. of ITE&C,Telecom,CSV,RESTRICTED,2025-10-28T07:12:30+0530,b76d255b-de00-436e-9fbf-ef31efb6635c
Telecom & Digital Infrastructure,Fiber & telecom network assets,Telangana (TGDeX),Telecom Duct Infrastructure Staging Data,Fiber optic network; Telecom; Infrastructure; GeoSpatial,Telangana,Dept. of ITE&C,Telecommunications & Networking,csv,RESTRICTED,2025-06-22T10:49:58+0530,863b33aa-b43f-403d-a66e-1ad0461b2b00
Telecom & Digital Infrastructure,Fiber & telecom network assets,Telangana (TGDeX),Telecom Fiber Asset Containment Mapping,Fiber optic network; Telecom; Infrastructure; GeoSpatial,Telangana,Dept. of ITE&C,Telecommunications & Networking,csv,RESTRICTED,2025-06-22T10:47:16+0530,9216b7d0-148f-429a-91a2-94da75fed7cc
Telecom & Digital Infrastructure,Fiber & telecom network assets,Telangana (TGDeX),Telecom Fiber Network Segment Geometry,Fiber optic network; Telecom; Infrastructure; GeoSpatial,Telangana,Dept. of ITE&C,Telecom,CSV,RESTRICTED,2025-10-28T06:40:13+0530,09816422-7a5e-452c-883b-0139282425f7
Telecom & Digital Infrastructure,Fiber & telecom network assets,Telangana (TGDeX),Telecom Fiber Optic Pole Staging Dataset,Fiber optic network; Telecom; Infrastructure; GeoSpatial,Telangana,Dept. of ITE&C,Telecommunications & Networking,csv,RESTRICTED,2025-06-22T10:50:44+0530,2e2bcd51-2d0c-4a8d-ade0-ab118ab9ce9f
Telecom & Digital Infrastructure,Fiber & telecom network assets,Telangana (TGDeX),Telecom Fiber Optical Cable Slack Segment Records,Fiber optic network; Telecom; Infrastructure; GeoSpatial,Telangana,Dept. of ITE&C,Telecom,CSV,RESTRICTED,2025-10-28T03:13:47+0530,0c398098-ffd0-4469-8600-c95f9aa5b253
Telecom & Digital Infrastructure,Fiber & telecom network assets,Telangana (TGDeX),Telecom Rack Infrastructure Inventory,Fiber optic network; Telecom; Infrastructure; GeoSpatial,Telangana,Dept. of ITE&C,Telecom,CSV,RESTRICTED,2025-10-28T06:58:56+0530,39ef6538-6f6f-4a3c-b806-ce4f9b0fdca7
Telecom & Digital Infrastructure,Fiber & telecom network assets,Telangana (TGDeX),Telecommunication Fiber-Optic Splice Technical Records,Fiber optic network; Telecom; Infrastructure; GeoSpatial,Telangana,Dept. of ITE&C,Telecommunications & Networking,csv,RESTRICTED,2025-06-22T10:47:41+0530,45dba51b-0021-4ca6-97d6-bd487dc5dffb
Telecom & Digital Infrastructure,Fiber & telecom network assets,Telangana (TGDeX),Telecommunication Network Other Assets Point Layer,Fiber optic network; Telecom; Infrastructure; GeoSpatial,Telangana,Dept. of ITE&C,Telecom,CSV,RESTRICTED,2025-10-28T03:28:22+0530,9448c533-b961-4ae6-97e9-94d9be0ecd26
Telecom & Digital Infrastructure,Fiber & telecom network assets,Telangana (TGDeX),Telecommunication Pole Asset Geospatial and Condition Inventory,Fiber optic network; Telecom; Infrastructure; GeoSpatial,Telangana,Dept. of ITE&C,Telecommunications & Networking,csv,RESTRICTED,2025-06-22T10:51:34+0530,09acad12-6200-4f50-9cde-dc078f747d6c
Telecom & Digital Infrastructure,Fiber & telecom network assets,Telangana (TGDeX),Telecommunication Tower Asset Inventory,Fiber optic network; Telecom; Infrastructure; GeoSpatial,Telangana,Dept. of ITE&C,Telecom,CSV,RESTRICTED,2025-10-28T06:00:42+0530,40b49411-25b8-44f5-b090-25c111167536
Telecom & Digital Infrastructure,Fiber & telecom network assets,Telangana (TGDeX),Telecommunications Cable Engineering Reference,Fiber optic network; Telecom; Infrastructure; GeoSpatial,Telangana,Dept. of ITE&C,Telecom,CSV,RESTRICTED,2025-10-28T05:39:53+0530,4a35d0d5-836b-4e74-ab17-19a2e042f77a
Telecom & Digital Infrastructure,Fiber & telecom network assets,Telangana (TGDeX),Telecommunications Pole Asset Inventory,Fiber optic network; Telecom; Infrastructure; GeoSpatial,Telangana,Dept. of ITE&C,Telecom,CSV,RESTRICTED,2025-10-28T06:44:54+0530,4e0eaf0b-6483-440f-ad0a-166f90242319
Telecom & Digital Infrastructure,Fiber & telecom network assets,Telangana (TGDeX),Utility Pole Specification Reference for Fiber-Optic Infrastructure,Fiber optic network; Telecom; Infrastructure; GeoSpatial,Telangana,Dept. of ITE&C,Telecom,CSV,RESTRICTED,2025-10-28T05:37:48+0530,f7948e8a-8093-4fc9-a138-6090eab5b9ab
Telecom & Digital Infrastructure,Fiber & telecom network assets,Telangana (TGDeX),Web Application List Template Definitions,Fiber optic network; Telecom; Infrastructure; GeoSpatial,Telangana,Dept. of ITE&C,Telecom,CSV,RESTRICTED,2025-10-28T02:35:18+0530,f0c78aee-1fe5-41e7-8df5-2f1e40014638
Telecom & Digital Infrastructure,Fiber & telecom network assets,Telangana (TGDeX),Workflow Step Validation Rules for T-Fiber Application,Fiber optic network; Telecom; Infrastructure; GeoSpatial,Telangana,Dept. of ITE&C,Telecom,CSV,RESTRICTED,2025-10-28T02:49:21+0530,37340b3b-327b-4d80-95d3-8ab8909d2dae
"Tourism, Culture & Heritage","Tourism, culture, sport & recreation",Geospatial (DX GeoSpatial),"Buildings - Antiquities (OSM 50K features) of Gurugram, Haryana",urban planning; survey of india; gis; haryana; infrastructure development; land cover and land use; buildings and settlements; gurugram; livelihoods and skilling; physical infrastructure; resource management; geospatial; gis mapping; sustainability; dronagiri,"Gurugram, Haryana, India",,,,,2025-07-29T01:38:37+0530,45b64a4a-dd8e-4e6c-a5cb-9b5581999bb1
"Tourism, Culture & Heritage","Tourism, culture, sport & recreation",Geospatial (DX GeoSpatial),"Buildings and Antiquities (OSM 50K Features) of Sonipat, Haryana",antiquities; spatial; survey of india; buildings; haryana; sonipat; historical structures; heritage; cultural landmarks; soi; dronagiri,"Sonipat, Haryana, India",,,,,2025-07-29T01:43:49+0530,d3c7f8d6-2a42-4f30-b5f2-e7f8c6a3e7b0
"Tourism, Culture & Heritage","Tourism, culture, sport & recreation",Geospatial (DX GeoSpatial),"Religious Buildings (OSM 50K Features) in Sonipat, Haryana",survey of india; spatial; haryana; sonipat; places of worship; temples; religious buildings; mosques; gurudwaras; churches; dronagiri,"Sonipat, Haryana, India",,,,,2025-07-29T01:40:44+0530,b2c8d9f0-4567-11f0-a3f2-cbf1f56113b0
"Tourism, Culture & Heritage","Tourism, culture, sport & recreation",Geospatial (DX GeoSpatial),"Religious Buildings (OSM 50K features) of Gurugram, Haryana",cultural heritage; survey of india; haryana; gis; land cover and land use; buildings and settlements; gurugram; chatri; physical infrastructure; geospatial; religious places; livelihoods and skilling; historical sites; dronagiri,"Gurugram, Haryana, India",,,,,2025-07-29T01:43:14+0530,97b847ba-3f42-4990-acb3-bf0375c57987
"Tourism, Culture & Heritage","Tourism, culture, sport & recreation",Geospatial (DX GeoSpatial),"Sports Facilities and Venues in Pimpri Chinchwad, Maharashtra",sports; community facilities; gymnasiums; playgrounds; fitness; health; outdoor activities; urban planning; pimpri chinchwad; maharashtra; physical fitness; sports complexes,"Pimpri-Chinchwad, Maharashtra",,,,,2024-12-12T03:26:33+0530,f869f8e9-7e46-4c54-857f-9aa40f1696d2
"Tourism, Culture & Heritage","Tourism, culture, sport & recreation",Geospatial (DX GeoSpatial),tirupati tourist places 1,Land Parcels; Buildings and Settlements; dronagiri,India,,,,,2025-09-29T12:56:48+0530,9dd00308-b52d-4543-9b27-bba65a46fd00
"Tourism, Culture & Heritage","Tourism, culture, sport & recreation",Maharashtra (MahaAgX),Studies On Propagation And Production Of Aquatic Plants Through Hydroponic Culture Technique,aquaticplants; hydroponics; propagation; production; culture; ratnagiri,Maharashtra,Dr. Balasaheb Sawant Konkan Krishi Vidyapeeth Dapoli,Agriculture,pdf,RESTRICTED,2026-06-03T10:52:19+0530,cff8b13c-bfaa-4864-885b-b05d126bf415
"Tourism, Culture & Heritage","Tourism, culture, sport & recreation",Telangana (TGDeX),Domestic Tourism Visitor Counts in Telangana by District (2014-2024),Tourism; Visitor Counts; Domestic Tourism; Economic Impact; Travel Trends,Telangana,Dept. of Youth Advancement & Tourism & Culture,Hospitality & Tourism,CSV,OPEN,2025-06-25T07:05:05+0530,64f8a3dd-b69b-4585-aa51-f9a40e51ea55
"Tourism, Culture & Heritage","Tourism, culture, sport & recreation",Telangana (TGDeX),Telangana State Tourism Hotel Tariffs,Tourism; Hotel Tariffs; Pricing; Hospitality; Economic Analysis,Telangana,Dept. of Youth Advancement & Tourism & Culture,Hospitality & Tourism,CSV,OPEN,2025-06-25T07:05:20+0530,6b8624de-3ccf-4e2e-a0e8-4577bd504bd5
"Tourism, Culture & Heritage","Tourism, culture, sport & recreation",Telangana (TGDeX),Telangana State Tourism Hotels Geolocation,Tourism; Hotels; Geolocation; Hospitality; Travel Planning,Telangana,Dept. of Youth Advancement & Tourism & Culture,Hospitality & Tourism,CSV,OPEN,2025-06-25T06:26:24+0530,d991e940-d567-4b54-86db-0620736c63cd
"Tourism, Culture & Heritage","Tourism, culture, sport & recreation",Telangana (TGDeX),Telangana State Tourism Package Tariffs,Tourism; Package Tariffs; Pricing; Hospitality; Tourism Promotion,Telangana,Dept. of Youth Advancement & Tourism & Culture,Hospitality & Tourism,CSV,OPEN,2025-06-25T06:26:20+0530,00f2c229-7fea-4f5e-ae63-46c05a6a5527
"Tourism, Culture & Heritage","Tourism, culture, sport & recreation",Telangana (TGDeX),Telangana Tourism and Cultural Asset Inventory by District (2015-2016),Tourism; Cultural Assets; Inventory; Heritage Sites; Resource Management,Telangana,Dept. of Youth Advancement & Tourism & Culture,Hospitality & Tourism,CSV,OPEN,2025-06-25T07:05:16+0530,9f6bd01a-5376-4c3f-b08f-95c2853d637e
"Tourism, Culture & Heritage","Tourism, culture, sport & recreation",Telangana (TGDeX),"TGTDC Hotel Reservation Dataset a Guest Stays, Room Bookings, and Revenue Details",Hotel Reservations; Room Occupancy; Booking Summary,Telangana,Dept. of Youth Advancement & Tourism & Culture,Hospitality & Tourism,CSV,OPEN,2025-06-22T09:10:40+0530,292b2ca8-b21d-4ce3-a099-30eebdb1a02a
"Tourism, Culture & Heritage","Tourism, culture, sport & recreation",Telangana (TGDeX),Tourism Foreign Visitors in Telangana (2014-2024),Tourism; Visitor Counts; Foreign Tourism; Economic Impact; Travel Trends,Telangana,Dept. of Youth Advancement & Tourism & Culture,Hospitality & Tourism,CSV,OPEN,2025-06-25T06:26:34+0530,69fc77cb-7605-4723-946a-fd067d0a2e2f
"Tourism, Culture & Heritage","Tourism, culture, sport & recreation",Urban (IUDX COS),Smart Heritage sites in Ahmedabad City,smart elements; heritage; travel; sites; public places; information; heritage sites; kiosk; tourists; message board,"Ahmedabad, Gujarat",,,,,2023-07-25T06:37:39+0530,b7b80a20-935a-4a58-9982-d96f7003586d
Urban Mobility & Transport,"Transit, traffic, roads & logistics",Geospatial (DX GeoSpatial),"Air Transportation Infrastructure, Varanasi, Uttar Pradesh",survey of india; varanasi; transport; infrastructure; livelihoods and skilling; physical infrastructure; transportation and logistics; Survey of India; soi; geospatial; gis mapping; connectivity; air; dronagiri,"Varanasi, Uttar Pradesh, India",,,,,2025-07-29T01:41:56+0530,7f176d6e-aed1-4826-a191-d8c75ebd53b8
Urban Mobility & Transport,"Transit, traffic, roads & logistics",Geospatial (DX GeoSpatial),Airports in India,survey of india; spatial; geo; airports; airport; physical infrastructure; geo spatial; air,India,,,,,2025-07-23T10:31:19+0530,73f4ed92-c801-44ba-8e5f-2919eb493d60
Urban Mobility & Transport,"Transit, traffic, roads & logistics",Geospatial (DX GeoSpatial),"BMTC-GTFS Data, Bangalore",gis; geospatial; gis mapping; road; transport; bmtc; routing; stops; bus; distance; network; spatial; physical infrastructure; transport networks,"Bengaluru, Karnataka, India",,,,,2025-07-31T01:30:17+0530,a8691b7a-6fd6-49e6-bafb-322773ca12e9
Urban Mobility & Transport,"Transit, traffic, roads & logistics",Geospatial (DX GeoSpatial),"Communication Railways (OSM 50K Features) of Gurugram, Haryana",urban planning; survey of india; gis; rail network; haryana; railway sidings; infrastructure; public transport; gurugram; station enclosures; transportation; railway tracks; geospatial; railways; railway communication; dronagiri,"Gurugram, Haryana, India",,,,,2025-07-29T01:41:13+0530,f3a91e5c-b7c8-4b8d-b91a-2f8d3c1e7c46
Urban Mobility & Transport,"Transit, traffic, roads & logistics",Geospatial (DX GeoSpatial),"Communication Roads (50K OSM Features) of Gurugram, Haryana",survey of india; gis; haryana; lakes; infrastructure; gurugram; water bodies; hydrography; flood risk; environmental planning; water management; geospatial; reservoirs; rivers; canals,"Gurugram, Haryana, India",,,,,2025-07-24T12:58:13+0530,3cd33250-54e8-42ae-b5a2-8dd74766b5cc
Urban Mobility & Transport,"Transit, traffic, roads & logistics",Geospatial (DX GeoSpatial),"Communication Roads (50K OSM Features) of Gurugram, Haryana",survey of india; gis; haryana; lakes; infrastructure; gurugram; water bodies; hydrography; flood risk; environmental planning; water management; geospatial; reservoirs; rivers; canals; dronagiri,"Gurugram, Haryana, India",,,,,2025-07-29T01:40:47+0530,1db27c0a-1a50-40cb-b344-d845eb00bcfa
Urban Mobility & Transport,"Transit, traffic, roads & logistics",Geospatial (DX GeoSpatial),"Communications - embankments and cuttings (roads and railways) (OSM 50K features) of Sonipat, Haryana",urban planning; spatial; survey of india; haryana; sonipat; infrastructure; communication; transportation; geospatial; geography; roads; dronagiri,"Sonipat, Haryana, India",,,,,2025-07-29T01:43:40+0530,3af589e2-138b-11f0-a038-0b205f3bc318
Urban Mobility & Transport,"Transit, traffic, roads & logistics",Geospatial (DX GeoSpatial),"Communications - Railways (OSM 50K features) of Sonipat, Haryana",urban planning; spatial; survey of india; haryana; sonipat; infrastructure; communication; transportation; geospatial; geography; railways; dronagiri,"Sonipat, Haryana, India",,,,,2025-07-29T01:39:00+0530,7e8f2508-1e8c-11f0-bd8b-6bc4b4f6101e
Urban Mobility & Transport,"Transit, traffic, roads & logistics",Geospatial (DX GeoSpatial),"Communications Roads (OSM 50K Features) of Sonipat, Haryana",urban planning; spatial; survey of india; haryana; sonipat; infrastructure; communication; transportation; geospatial; geography; roads; dronagiri,"Sonipat, Haryana, India",,,,,2025-07-29T01:41:36+0530,f63ab002-0eda-11f0-8eff-33fffaca637c
Urban Mobility & Transport,"Transit, traffic, roads & logistics",Geospatial (DX GeoSpatial),Details of warehouses in India,food; warehouse; depot; geospatial; gis mapping; physical infrastructure; agriculture; livelihoods and skilling; kamrup; sonipat; varanasi; vizianagaram; washim; dronagiri,India,,,,,2024-11-12T12:17:38+0530,2bbd81f0-1e33-4fd6-8f9a-943bb2b052ee
Urban Mobility & Transport,"Transit, traffic, roads & logistics",Geospatial (DX GeoSpatial),"Large Scale Mapping (Urban) - Transport Infrastructure, Gurugram, Haryana",survey of india; spatial; gis; road; transport; parking; pylon; transport networks; gurugram; transportation and logistics; physical infrastructure; soi; geospatial; gis mapping; pavement; railway; dronagiri,"Gurugram, Haryana, India",,,,,2025-07-29T01:40:18+0530,1c08df1b-9e17-4980-9e6c-14237a588105
Urban Mobility & Transport,"Transit, traffic, roads & logistics",Geospatial (DX GeoSpatial),"Line Features, Kamrup Metropolitan, Assam.",livelihoods and skilling; geospatial; physical infrastructure; school; bank; atm; facility; service; amenity; dronagiri,"Kamrup metropolitan district, Assam, India",,,,,2025-06-13T05:36:02+0530,ad4cf39d-9121-4b00-ac22-44a4f8383c73
Urban Mobility & Transport,"Transit, traffic, roads & logistics",Geospatial (DX GeoSpatial),"Line Features, Sonipat, Haryana",geospatial; transportation; infrastructure; roads; railways; dronagiri; haryana; transport networks; physical infrastructure; transportation and logistics; utilities; sonipat; line features; urban planning; public services; connectivity; logistics; mobility,"Sonipat, Haryana, India",,,,,2024-12-03T09:45:59+0530,ed966410-0606-4fbe-83c1-d1c6ac945785
Urban Mobility & Transport,"Transit, traffic, roads & logistics",Geospatial (DX GeoSpatial),LISS-IV Images for Kamrup Metropolitan and Adjacent Districts.,dronagiri; kamrup; agriculture; Livelihoods & Skilling; transportation and logistics; satellite; satellite imagery; imagery; satellite image; high resolution; irs; liss; liss_IV; liss IV; liss 4; liss 4; assam; stac,"Kamrup metropolitan district, Assam, India",,,,,2025-04-15T05:02:21+0530,1b6d93e4-bcbb-42c6-a5b1-88fb49a27162
Urban Mobility & Transport,"Transit, traffic, roads & logistics",Geospatial (DX GeoSpatial),"Point Features, Kamrup Metropolitan, Assam.",livelihoods and skilling; geospatial; physical infrastructure; school; bank; post; post office; atm; facility; service; amenity; dronagiri,"Kamrup metropolitan district, Assam, India",,,,,2024-12-04T06:16:32+0530,f4e4c63c-c99c-4efd-afff-d5fe56cdad33
Urban Mobility & Transport,"Transit, traffic, roads & logistics",Geospatial (DX GeoSpatial),Rail Network in India,survey of india; railway line; spatial; geo; railway lines; rail; physical infrastructure; railway station; rail lines; railway network; transport networks; geo spatial; stations; railway,India,,,,,2025-09-16T03:21:16+0530,e4e1564f-83f7-4fef-9093-8de12a406f30
Urban Mobility & Transport,"Transit, traffic, roads & logistics",Geospatial (DX GeoSpatial),"Rail Transport Infrastructures, Varanasi, Uttar Pradesh",survey of india; varanasi; accessibility; transit; rail; transport networks; transportation and logistics; physical infrastructure; Survey of India; soi; geospatial; gis mapping; connectivity; railway; dronagiri,"Varanasi, Uttar Pradesh, India",,,,,2025-07-29T01:41:59+0530,9d0d7f88-04f8-45dd-ba75-cf57057a5b4f
Urban Mobility & Transport,"Transit, traffic, roads & logistics",Geospatial (DX GeoSpatial),"Road Network for Washim, Maharashtra",geospatial; dronagiri; washim; maharashtra; road; road_network; transportation; transportation network; GDPDC; Washim District Administration; washim_district_administration; Major district road; State road; transportation and logistics; livelihoods & skilling,"Washim, Maharashtra",,,,,2025-06-24T11:12:25+0530,2c4037db-5d8b-4e0c-999d-9488e4294d31
Urban Mobility & Transport,"Transit, traffic, roads & logistics",Geospatial (DX GeoSpatial),Road Network in India,geo spatial; survey of india; transport networks; dronagiri,India,,,,,2025-07-30T11:42:52+0530,62bc9345-b86a-4136-8347-6ac45a4213db
Urban Mobility & Transport,"Transit, traffic, roads & logistics",Geospatial (DX GeoSpatial),"Road Network Line Features, Varanasi, Uttar Pradesh",road networks; roads; transportation; varanasi; uttar pradesh; infrastructure; dronagiri; transport networks; transportation and logistics; physical infrastructure; pmgs,"Varanasi, Uttar Pradesh, India",,,,,2024-11-12T12:32:51+0530,5eb2ec61-31de-40dd-ad35-c51580996494
Urban Mobility & Transport,"Transit, traffic, roads & logistics",Geospatial (DX GeoSpatial),"Road Transport Infrastructures, Sirmaur, Himachal Pradesh",survey of india; natural waterbody; conservation; lake; hydrography; physical infrastructure; transport networks; geospatial; ecology; pond; river; wetland; environment,"Sirmaur, Himachal Pradesh",,,,OPEN,2025-07-23T10:30:57+0530,22b3f542-0814-4713-98d7-aad1a5af9197
Urban Mobility & Transport,"Transit, traffic, roads & logistics",Geospatial (DX GeoSpatial),"Road Transport Infrastructures, Varanasi, Uttar Pradesh",survey of india; road; varanasi; accessibility; transit; transport networks; transportation and logistics; physical infrastructure; roadway; Survey of India; soi; geospatial; gis mapping; connectivity; dronagiri,"Varanasi, Uttar Pradesh, India",,,,,2025-07-29T01:39:33+0530,34c246a6-ca3a-4fbb-8745-d6a77f7a716d
Urban Mobility & Transport,"Transit, traffic, roads & logistics",Geospatial (DX GeoSpatial),"Svamitva Raster Dataset of Kamrup Metropolitan District, Assam",drone; ori; kamrup; transportation and logistics; stac; thematic imagery; dem; soi; agriculture; elevation; svamitva; livelihoods and skilling; surveyofindia; elevation and depth; survey of india; imagery; orthoimagery; high resolution; dronagiri,"Kamrup metropolitan district, Assam, India",,,,,2025-07-29T01:42:18+0530,fac37603-5538-479b-8d7f-8a4d564eda6e
Urban Mobility & Transport,"Transit, traffic, roads & logistics",Geospatial (DX GeoSpatial),"Transport Infrastructure of Bangalore, India",geospatial; india; bangalore; road; transportation; transport; transport infrastructure; Transportation and Logistics; livelihoods & skilling; livelihoods & skilling; transportation and logistics,"Bangalore, India",,,,,2025-09-03T10:54:19+0530,9db09d94-2731-47a4-aea1-9573b12a6399
Urban Mobility & Transport,"Transit, traffic, roads & logistics",Geospatial (DX GeoSpatial),"Transportation data (openstreetmap) in Chennai, Tamil Nadu",gis; geospatial; gis mapping; transport; transportation; road; ferry; connectivity; network; transport networks; physical infrastructure,"Chennai, Tamil Nadu, India",,,,,2026-02-02T02:27:14+0530,b10ba75a-4257-4f93-b2f3-89fc90d07080
Urban Mobility & Transport,"Transit, traffic, roads & logistics",Geospatial (DX GeoSpatial),"Transportation features (25K), Sonipat, Haryana",survey of india; haryana; road; sonipat; Soi; surey of india; Transport; transportation and logistics; transportation; transport_network; geospatial; livelihoods & skilling; railway; dronagiri,"Sonipat, Haryana",,,,,2025-07-29T01:41:04+0530,be87cd01-d449-472b-8bb1-e86e136ba499
Urban Mobility & Transport,"Transit, traffic, roads & logistics",Geospatial (DX GeoSpatial),"Transportation features (OSM 50K), Vizianagaram, Andhra Pradesh",survey of india; Transportation and Logistics; road; Vizianagaram; andhra pradesh; transportation and logistics; transportation; vizianagaram; livelihoods & skilling; surveyofindia; geospatial; transportation_network; transportsoi; railways; dronagiri,"Vizianagaram, Andhra Pradesh",,,,,2025-07-29T01:39:49+0530,d0268052-d8f1-42ca-aeed-601ed9074aaa
Urban Mobility & Transport,"Transit, traffic, roads & logistics",Geospatial (DX GeoSpatial),"Transportation Features in Sonipat, Haryana",survey of india; gis; transport and infrastructure; haryana; sonipat; land cover and land use; buildings and settlements; railway stations; transportation and logistics; dividers; physical infrastructure; railway tracks; geospatial; gis mapping; roads; dronagiri,"Sonipat, Haryana, India",,,,,2025-07-29T01:43:56+0530,c32f5f35-b32b-4d41-8a2f-023c8799e9aa
Urban Mobility & Transport,"Transit, traffic, roads & logistics",Geospatial (DX GeoSpatial),"Transportation Networks from AMRUT Scheme, Dehradun, Uttarakhand",transportation; AMRUT; urban planning; road networks; public transit; traffic management; geospatial; GIS; Dehradun; Uttarakhand; mobility; infrastructure; smart cities; transport networks; physical infrastructure; vehicles; commute; sustainability; land use; geographical names,"Uttarakhand, India",,,,,2025-02-03T12:11:57+0530,6f2f4dbe-dfb6-11ef-9b3f-9b13bef9e63a
Urban Mobility & Transport,"Transit, traffic, roads & logistics",Geospatial (DX GeoSpatial),"Transportation Networks in Pimpri-Chinchwad, Maharashtra",physical infrastructure; geospatial; geographic information; land cover and land use; physical infrastructure; transport networks,"Pimpri-Chinchwad, Maharashtra",,,,,2024-12-12T12:21:27+0530,3158c9fe-6390-4dee-a3a1-adca6bffddc4
Urban Mobility & Transport,"Transit, traffic, roads & logistics",Geospatial (DX GeoSpatial),"Water Transport Infrastructure, Varanasi, Uttar Pradesh",survey of india; varanasi; accessibility; transport networks; livelihoods and skilling; transportation; physical infrastructure; transportation and logistics; Survey of India; soi; geospatial; gis mapping; water route; connectivity; waterway; dronagiri,"Varanasi, Uttar Pradesh, India",,,,,2025-07-29T01:39:07+0530,c29d8250-2cc9-4f72-b2af-3e1b35c56e0d
Urban Mobility & Transport,"Transit, traffic, roads & logistics",Maharashtra (MahaAgX),MSWC Commodity Warehouses in Maharashtra,storage; warehouse; commodity; foodgrains; inventory; stock-keeping; logistics; mswc; maharashtra,Maharashtra,Maharashtra State Warehousing Corporation Government of Maharashtra,Agriculture,gpkg,OPEN,2026-02-14T04:29:25+0530,8bad4a9a-0572-4ae1-98d8-ebc04e0f0e6b
Urban Mobility & Transport,"Transit, traffic, roads & logistics",Telangana (TGDeX),49M Daily Service Operations and Earnings,Route Performance; Daily Earnings; Trip Summary,Hyderabad,Dept. of Transport,Logistics & Transportation,CSV,RESTRICTED,2025-06-22T09:05:27+0530,11b7d8ee-43b6-4c02-939e-3f049fac07db
Urban Mobility & Transport,"Transit, traffic, roads & logistics",Telangana (TGDeX),49M Offline Bus Ticket Booking Details,Offline Ticketing; Fare Breakdown; Stop Level Data,Hyderabad,Dept. of Transport,Logistics & Transportation,CSV,RESTRICTED,2025-07-01T09:04:07+0530,e73eb2e0-a0f7-4851-9194-7e19f9f3fe54
Urban Mobility & Transport,"Transit, traffic, roads & logistics",Telangana (TGDeX),"District-Level Road Network Classification, Telangana (2015-2016)",Infrastructure; Road Network; Classification; GIS; Urban-Rural,Telangana,Dept. of Transport,Logistics & Transportation,CSV,OPEN,2025-06-27T06:56:16+0530,1c0ea00d-4846-4420-a858-c9f08f7d6b16
Urban Mobility & Transport,"Transit, traffic, roads & logistics",Telangana (TGDeX),Hyderabad Domestic Air Traffic 2017,Transportation; Traffic; Hyderabad; Passenger Counts; Aviation,Hyderabad,Dept. of Civil Aviation,Logistics & Transportation,CSV,OPEN,2025-06-22T10:08:10+0530,e7d21c42-a0c0-446b-8922-665743f384a9
Urban Mobility & Transport,"Transit, traffic, roads & logistics",Telangana (TGDeX),Hyderabad Metropolitan Water Connection Applications 2023 to 2025,Utilities; Water Connections; Applications; Service Provision; Infrastructure,Hyderabad,Dept. of Municipal Administration & Urban Development,Public Enterprises,CSV,OPEN,2025-06-22T10:15:10+0530,d740c7a3-fe9e-4ede-884f-31880968c9a2
Urban Mobility & Transport,"Transit, traffic, roads & logistics",Telangana (TGDeX),Monthly Domestic Air Passenger Traffic at Hyderabad Airport,Transportation; Air Traffic; Aviation; Passenger Counts; Infrastructure,Hyderabad,Dept. of Civil Aviation,Logistics & Transportation,CSV,OPEN,2025-06-22T10:08:06+0530,4ac6f8be-53af-4844-9dc7-8d24b85400d7
Urban Mobility & Transport,"Transit, traffic, roads & logistics",Telangana (TGDeX),Registered Motor Transport Establishments under the Motor Transport Workers Act in Telangana,Transportation; Motor Transport; Establishments; Registration; Industry Regulation,Telangana,"Dept. of Labour, Employment Training & Factories",Logistics & Transportation,CSV,OPEN,2025-06-22T10:21:53+0530,36c07c92-973a-4c45-96be-2488f7f919f1
Urban Mobility & Transport,"Transit, traffic, roads & logistics",Telangana (TGDeX),Rural Road Infrastructure Status under Gram Panchayats,Infrastructure; Rural Roads; Asset Inventory; Connectivity; Rural Development,Telangana,Dept. of Panchayat Raj & Rural Development,Construction,CSV,OPEN,2025-06-22T09:45:48+0530,e8895702-0a56-4e82-ad2d-6a3bbdf48e6a
Urban Mobility & Transport,"Transit, traffic, roads & logistics",Telangana (TGDeX),Supplier Challan Details Table,Delivery Records; Logistics Tracking; Quality Validation,Telangana,"Dept. of Health, Medical & Family Welfare",Healthcare,Parquet,OPEN,2025-06-22T08:46:07+0530,679f07b1-3186-4f0a-8323-f14a856626fb
Urban Mobility & Transport,"Transit, traffic, roads & logistics",Telangana (TGDeX),Telangana District Road Network Lengths 2015-2016,Infrastructure; Road Network; Length Metrics; GIS; Transportation Planning,Telangana,Dept. of Roads & Buildings,Public Enterprises,CSV,OPEN,2025-06-22T10:26:49+0530,b67a46b6-2eec-43e2-9b4a-520973b79890
Urban Mobility & Transport,"Transit, traffic, roads & logistics",Telangana (TGDeX),Telangana Electric Vehicle Charging Stations Location and Ownership,Energy; EV Charging; Electric Vehicles; Infrastructure; Sustainable Transport,Telangana,Dept. of Energy,Logistics & Transportation,CSV,OPEN,2025-06-22T09:51:28+0530,ad859217-5631-4a59-ba10-a01e4a883ade
Urban Mobility & Transport,"Transit, traffic, roads & logistics",Telangana (TGDeX),Telangana Motor Vehicle Dealer Registry Snapshot,Transportation; Vehicle Dealers; Regional Transport Authority; Commerce; Vehicle Sales,Telangana,Dept. of Transport,Logistics & Transportation,CSV,OPEN,2025-06-27T06:54:43+0530,bf6266a2-970f-4b4c-982c-c0e75c350777
Urban Mobility & Transport,"Transit, traffic, roads & logistics",Telangana (TGDeX),Telangana Railway Infrastructure by District (2015-2016),Transportation; Railways; Infrastructure; Passenger and Freight; Public Transport,Telangana,Dept. of Planning,Logistics & Transportation,CSV,OPEN,2025-06-22T09:38:40+0530,e890d633-8a59-433b-812b-8568ad4dac05
Urban Mobility & Transport,"Transit, traffic, roads & logistics",Telangana (TGDeX),Telangana Regional Transport Online Vehicle Sales,Transportation; E-Registration; Vehicle Sales; Digital Services; Licensing,Telangana,Dept. of Transport,Logistics & Transportation,CSV,OPEN,2025-06-27T06:55:18+0530,353a18fc-20f6-4946-8378-fb9a251675d6
Urban Mobility & Transport,"Transit, traffic, roads & logistics",Telangana (TGDeX),Telangana Road Centerline Geospatial Dataset,Fiber optic network; Telecom; Infrastructure; GeoSpatial,Telangana,Dept. of ITE&C,Telecom,CSV,RESTRICTED,2025-10-28T06:18:23+0530,574150e5-1300-44a8-8109-68400fe85dc5
Urban Mobility & Transport,"Transit, traffic, roads & logistics",Telangana (TGDeX),Telangana Road Centerline Network Attributes,Fiber optic network; Telecom; Infrastructure; GeoSpatial,Telangana,Dept. of ITE&C,Telecom,CSV,RESTRICTED,2025-10-28T06:19:26+0530,c3abdd62-b6cb-4a8a-a506-aee394e9e69c
Urban Mobility & Transport,"Transit, traffic, roads & logistics",Telangana (TGDeX),Telangana State Road Transport Corporation District Bus Fleet and Daily Service Distance (2015 to 2016),Transportation; Bus Fleet; TGSRTC; Public Transport; Fleet Management,Telangana,Dept. of Transport,Logistics & Transportation,CSV,OPEN,2025-06-27T06:56:12+0530,120d672a-3b35-47c8-b024-6029071d525c
Urban Mobility & Transport,"Transit, traffic, roads & logistics",Telangana (TGDeX),Telangana State Vehicle Registration Records,Transportation; Vehicle Registration; Regional Transport Authority; Compliance; Fleet Statistics,Telangana,Dept. of Transport,Logistics & Transportation,CSV,OPEN,2025-06-27T06:53:27+0530,fab701f7-f3b9-424b-87e0-1683b50de619
Urban Mobility & Transport,"Transit, traffic, roads & logistics",Telangana (TGDeX),Telangana Vehicle Life Tax Transactions,Transportation; Vehicle Tax; Regional Transport; Taxation; Administrative Data,Telangana,Dept. of Transport,Logistics & Transportation,CSV,OPEN,2025-06-27T06:52:48+0530,7382a46f-3630-4808-b752-33edf6fad4de
Urban Mobility & Transport,"Transit, traffic, roads & logistics",Telangana (TGDeX),Telangana Warehouse Inventory and Geolocation Data,Logistics; Warehousing; Inventory Management; Geolocation; Supply Chain,Telangana,Dept. of Agriculture & Co-operation,Agriculture & Farming,CSV,OPEN,2025-06-22T09:25:05+0530,68059ad8-ad51-42d8-82ba-e72f3b686f03
Urban Mobility & Transport,"Transit, traffic, roads & logistics",Telangana (TGDeX),TGSPDCL Electric Vehicle Charging Station Monthly Consumption,Energy; EV Charging; Electricity Consumption; Infrastructure; Sustainable Transport,Telangana,Dept. of Energy,Logistics & Transportation,CSV,OPEN,2025-06-22T09:54:09+0530,a3123f9f-d2f4-4bc3-8c39-664bb6e70476
Urban Mobility & Transport,"Transit, traffic, roads & logistics",Telangana (TGDeX),Vehicle Fitness Certification Records,Transportation; Vehicle Fitness; Regional Transport Authority; Compliance; Safety Certification,Telangana,Dept. of Transport,Logistics & Transportation,CSV,OPEN,2025-06-27T06:54:47+0530,6e202a52-3e03-42fa-bb75-79502882c69f
Urban Mobility & Transport,"Transit, traffic, roads & logistics",Telangana (TGDeX),Warangal to Uppal Daily Service Operations and Earnings,Route Performance; Intercity Operations; Earnings Summary,"Warangal, Uppal",Dept. of Transport,Logistics & Transportation,CSV,RESTRICTED,2025-06-22T09:05:32+0530,e0d69811-6d0a-4ba4-b10e-6d4de7a44af0
Urban Mobility & Transport,"Transit, traffic, roads & logistics",Telangana (TGDeX),Warangal to Uppal Offline Bus Ticket Booking Details,Offline Ticketing; Trip Details; Passenger Breakdown,"Warangal, Uppal",Dept. of Transport,Logistics & Transportation,CSV,RESTRICTED,2025-06-22T09:06:40+0530,1589fe3c-81a3-4836-ba4a-08f22bfaccb3
Urban Mobility & Transport,"Transit, traffic, roads & logistics",Telangana (TGDeX),Warangal to Uppal Online Bus Ticket Booking Details,Online Bookings; Passenger Information; Journey Records,"Warangal, Uppal",Dept. of Transport,Logistics & Transportation,CSV,RESTRICTED,2025-06-22T09:05:36+0530,e679699c-23e9-4196-b9b5-63523a25aaf3
Urban Mobility & Transport,"Transit, traffic, roads & logistics",Urban (IUDX COS),Automatic Fare Collection System (AFCS) in Surat City,vehicle fare; destination name; origin name; fare collected; total transaction; ticket; equipment; passenger fare; afcs,"Surat, Gujarat",,,,,2023-03-08T02:36:53+0530,8ec9edb4-481f-4f87-925a-59487a8fee8e
Urban Mobility & Transport,"Transit, traffic, roads & logistics",Urban (IUDX COS),Bicycle Availability Info from Yaana Bicycle Docking Stations in Bhubaneswar City,bicycle available; bicycle; bicycle sharing; e-bicycle pickup; e-bicycle drop; bicycle hire; docking station; e-bike docking,"Bhubaneswar, Odisha",,,,,2023-04-03T03:41:24+0530,b72fe44d-dc02-4034-b649-636ac62a7325
Urban Mobility & Transport,"Transit, traffic, roads & logistics",Urban (IUDX COS),Bike Availability and Location Info from Chartered Bike Docking Stations in Prayagraj City,bikes; ebike; ecobike; station; docking; bike rent; bike hiring; availability; electric bike; bicycle,Prayagraj,,,,,2024-01-02T02:10:16+0530,f4044208-5d89-4420-af42-5fc79b9846b6
Urban Mobility & Transport,"Transit, traffic, roads & logistics",Urban (IUDX COS),Bike Availability and Location Info from Chartered Bike Docking Stations in Ranchi City,bikes; ebike; ecobike; station; docking; bike rent; bike hiring; availability; electric bike; bicycle,Ranchi,,,,,2024-02-19T12:19:44+0530,0db7f49c-2d35-46bf-bd87-a9bad06e746e
Urban Mobility & Transport,"Transit, traffic, roads & logistics",Urban (IUDX COS),Bike Availability Info from Bike Docking Stations in Bhopal City,bikes available; electric bike; bicycle sharing; e-bike pickup; e-bike drop; bike hire; docking station; e-bike docking,"Bhopal, Madhya Pradesh",,,,,2023-04-03T03:59:16+0530,8c03901b-6727-42bd-b826-5a8dcd67f093
Urban Mobility & Transport,"Transit, traffic, roads & logistics",Urban (IUDX COS),Bike Availability Info from Chartered Bike Docking Stations in Surat City,bikes available; chartered bike; chartered cycle; electric bike; bicycle sharing; e-bike pickup; e-bike drop; bike hire; docking station; e-bike docking,"Surat, Gujarat",,,,,2023-03-08T02:36:56+0530,1235a98f-a032-4299-8f5e-88173cf5f76d
Urban Mobility & Transport,"Transit, traffic, roads & logistics",Urban (IUDX COS),Bike Availability Info from Yulu Bike Docking Stations in Bengaluru City,bikes; yulu; ebike; yulu miracle; yulu move; yulu zone; station; docking; bike rent; bike hiring; availability; electric bike; bicycle,"Bengaluru, Karnataka",,,,,2023-02-17T03:27:43+0530,3a9c9ab7-ce50-46ff-a7e6-06db6f3f945a
Urban Mobility & Transport,"Transit, traffic, roads & logistics",Urban (IUDX COS),Bike Availability Info from Yulu Bike Docking Stations in Bhubaneswar City,bikes available; yulu bike; yulu move; yulu miracle; electric bike; bike sharing; e-bike pickup; e-bike drop; bike hire; docking station; e-bike docking,"Bhubaneswar, Odisha",,,,,2023-04-03T03:53:48+0530,a4e28abd-1f3c-47ef-8597-cb50999ba474
Urban Mobility & Transport,"Transit, traffic, roads & logistics",Urban (IUDX COS),Bike information in Chandigarh City.,bikes; ebike; damage info; station; docking; bike rent; bike hiring; availability; electric bike; bicycle,Chandigarh,,,,,2023-02-14T09:31:43+0530,d48a122e-aa76-4969-b857-ade44814fbce
Urban Mobility & Transport,"Transit, traffic, roads & logistics",Urban (IUDX COS),Bus Transit Info of Chandigarh city,vehicle; transport; buses; gtfs; route; bus information; details; bus details; schedule; gtfs static; itms; public transit; mobility; commute; bus tracking,Chandigarh,,,,,2023-02-14T09:31:34+0530,a3ad763c-cfe8-45a4-8960-e784479a630f
Urban Mobility & Transport,"Transit, traffic, roads & logistics",Urban (IUDX COS),Bus Transit Information from Belagavi City,vehicle; transport; buses; gtfs; route; bus information; details; bus details; schedule; gtfs static; itms; public transit; mobility; commute; bus tracking,Belgavi,,,,,2023-06-06T11:55:52+0530,b0adba7e-fb55-42ee-9d4e-7665c7df0d0c
Urban Mobility & Transport,"Transit, traffic, roads & logistics",Urban (IUDX COS),Bus Transit Information from Bhopal City,vehicle; route name; vehicle label; transport; buses; gtfs; depot name; route; bus information; bus details; gtfs static,"Bhopal, Madhya Pradesh",,,,,2023-02-27T10:21:28+0530,8573a050-ee15-422e-8ab3-4e2e2f3b8b04
Urban Mobility & Transport,"Transit, traffic, roads & logistics",Urban (IUDX COS),Bus Transit Information from Bhubaneswar City,itms; vehicle; transport; buses; gtfs; route; bus information; details; bus details; schedule; gtfs static,Bhubaneswar,,,,,2023-04-25T10:24:59+0530,e63d569b-8a76-4da0-866b-b00051341491
Urban Mobility & Transport,"Transit, traffic, roads & logistics",Urban (IUDX COS),Bus Transit Information from Davanagere City,vehicle; transport; buses; gtfs; route; bus information; details; bus details; schedule; gtfs static; itms; public transit; mobility; commute; bus tracking,"Davanagere, Karnataka",,,,,2024-08-28T11:36:06+0530,5107c80f-6c26-436f-8bf3-64c2d0a925d5
Urban Mobility & Transport,"Transit, traffic, roads & logistics",Urban (IUDX COS),Bus Transit Information from Indore City,vehicle; transport; buses; gtfs; route; bus information; details; bus details; schedule; gtfs static; itms; public transit; mobility; commute; bus tracking,Indore,,,,,2024-10-16T07:32:44+0530,ad71f7c5-fe85-4f94-a931-acbbb463ea0a
Urban Mobility & Transport,"Transit, traffic, roads & logistics",Urban (IUDX COS),Bus Transit Information from Surat City,itms; vehicle; transport; buses; gtfs; route; bus information; details; bus details; schedule; gtfs static,"Surat, Gujarat",,,,,2023-03-08T02:37:02+0530,62881dae-0ba2-4ef0-bc05-d502f435b91a
Urban Mobility & Transport,"Transit, traffic, roads & logistics",Urban (IUDX COS),Corridors Details of Adaptive Traffic Control Systems in Faridabad City,atcs; mobility; vehicle; transport; traffic; junction; commute; route; corridors; lane,"Faridabad, Haryana",,,,,2023-09-05T08:57:13+0530,c9b761c7-de17-4800-bf55-8c84d986a199
Urban Mobility & Transport,"Transit, traffic, roads & logistics",Urban (IUDX COS),E-Challans for Traffic Violation in Varanasi City,challan; traffic violations; traffic fines; traffic challan; violation type; challan amount; challan payment; red light jump; red light violation; signal violation; over speeding; negligent driving,Varanasi,,,,,2023-03-09T10:11:53+0530,602fd94e-9df7-4efe-8067-b10b31575e59
Urban Mobility & Transport,"Transit, traffic, roads & logistics",Urban (IUDX COS),Electric Vehicle Charging Stations in Kannur City,electric; charging; vehicle; ev charging stations; transport; electric charging vehicle; electricvehicletechnology; electric vehicle; charging stations,"Kannur, Kerala",,,,,2023-02-16T03:20:20+0530,491568c6-4d21-4415-afb8-e0e7c27201fe
Urban Mobility & Transport,"Transit, traffic, roads & logistics",Urban (IUDX COS),Electronic City Shuttle Transport Service in Bengaluru City,stop; stops; bus; shuttle bus; route; elcita; elcita shuttle; arrival; departure; shuttle; halt; passenger; transit; transport,"Electronic City, Bengaluru",,,,,2023-02-17T03:25:52+0530,d92ad531-5a07-4e68-a653-931276374cc7
Urban Mobility & Transport,"Transit, traffic, roads & logistics",Urban (IUDX COS),GTFS Bus Transit Information from Indore City,vehicle; transport; buses; gtfs; route; bus information; details; bus details; live location; live position; live tracking; bus stops; gtfs static; itms; public transit; mobility; commute; bus tracking,Indore,,,,,2024-12-02T06:52:37+0530,99cbefe6-1a50-49a4-a801-0e2a549bba46
Urban Mobility & Transport,"Transit, traffic, roads & logistics",Urban (IUDX COS),Location and Fare Info of Chartered Bike Docking Stations in Surat City,fare detail; charge per second; rent; chartered bike; charteredbike available; bikes available; station area; docking station; bike rent; docking slot; docking racks; bike hiring; travel fare; travel rate; e-bike rent; locality,"Surat, Gujarat",,,,,2023-03-08T02:36:59+0530,79107472-c3dd-442c-a02d-1b5d0da4c56c
Urban Mobility & Transport,"Transit, traffic, roads & logistics",Urban (IUDX COS),Location Info of Yaana Bicycle Docking Stations in Bhubaneswar City,yaana; yaana station; bicycle available; bicycle; station area; docking station; bicycle rent; docking slot; docking racks; bicycle hiring,"Bhubaneswar, Odisha",,,,,2023-04-03T03:41:27+0530,3a7aed79-f279-4b3a-9fa9-e24a73296d93
Urban Mobility & Transport,"Transit, traffic, roads & logistics",Urban (IUDX COS),Location Info of Yulu Bike Docking Stations in Bengaluru City,bikes; yulu; ebike; yulu miracle; yulu move; yulu zone; station; docking; bike rent; docking slot; docking racks; bike hiring,"Bengaluru, Karnataka",,,,,2023-02-17T03:27:46+0530,93b89c9c-7e2e-4e4d-8096-3ba072f7cd37
Urban Mobility & Transport,"Transit, traffic, roads & logistics",Urban (IUDX COS),Location Info of Yulu Bike Docking Stations in Bhubaneswar City,yulu available; yulu bike; station area; docking station; bike rent; docking slot; docking racks; bike hiring,"Bhubaneswar, Odisha",,,,,2023-04-03T03:53:51+0530,74a32f30-9f98-4768-a54b-fe0e69979202
Urban Mobility & Transport,"Transit, traffic, roads & logistics",Urban (IUDX COS),Location of Smart Bike Docking Stations in Chennai City,bicycle; bicycle sharing; bikes available; electric bike; station area; docking station; bike rent; docking slot; docking racks; bike hiring,"Chennai, Tamil Nadu",,,,,2023-02-14T02:26:14+0530,5808332b-52d5-4b92-9a69-9d43713c46c3
Urban Mobility & Transport,"Transit, traffic, roads & logistics",Urban (IUDX COS),Metro Rail Network Info in Bengaluru City,rail; route name; line name; line color; gtfs; route; metro; metro station; metro rail; rail timings; rail schedules; metro fare; fare,"Bengaluru, Karnataka",,,,,2023-02-17T03:24:51+0530,6c5df87a-38d6-4136-aadb-b3b55842d985
Urban Mobility & Transport,"Transit, traffic, roads & logistics",Urban (IUDX COS),Metro Rail Operations Info in Bengaluru City,rail; station; station code; metro fare; ticket price; fare; origin; destination; rupees; ticket; smart ticket; smart card; metro token; bmrcl; schedule; delay; time; departure; arrival,"Bengaluru, Karnataka",,,,,2023-02-17T03:24:54+0530,e01fd385-83a6-4c85-af61-73ef5500a0df
Urban Mobility & Transport,"Transit, traffic, roads & logistics",Urban (IUDX COS),MYBYK Bicycles in Ahmedabad City,bicycles hubs; chartered bike; chartered cycle; electric bike; bicycle sharing; e-bike pickup; e-bike drop; bike hire; docking station; e-bike docking,"Ahmedabad, Gujarat",,,,,2023-06-23T02:09:38+0530,e410b375-c6a9-4f20-8de9-315a0cfac269
Urban Mobility & Transport,"Transit, traffic, roads & logistics",Urban (IUDX COS),MYBYK Bicycles in Indore City,bicycles hubs; chartered bike; chartered cycle; mybyk; bicycle count; electric bike; bicycle sharing; e-bike pickup; e-bike drop; bike hire; docking station; e-bike docking,Indore,,,,,2024-10-14T12:23:25+0530,f0372967-5189-4add-b487-6c9ede3af369
Urban Mobility & Transport,"Transit, traffic, roads & logistics",Urban (IUDX COS),MYBYK Bicycles in Kochi City,bicycles hubs; chartered bike; chartered cycle; mybyk; bicycle count; electric bike; bicycle sharing; e-bike pickup; e-bike drop; bike hire; docking station; e-bike docking,"Kochi, Kerala",,,,,2024-09-04T12:05:52+0530,69159a48-8e13-4c52-9c88-4207d5c2e678
Urban Mobility & Transport,"Transit, traffic, roads & logistics",Urban (IUDX COS),MYBYK Bicycles in Nagpur City,bicycles hubs; chartered bike; chartered cycle; mybyk; bicycle count; electric bike; bicycle sharing; e-bike pickup; e-bike drop; bike hire; docking station; e-bike docking,"Nagpur, Maharastra",,,,,2023-07-10T11:00:38+0530,a0ab88b3-4600-4a4a-b0f0-d4bce7233066
Urban Mobility & Transport,"Transit, traffic, roads & logistics",Urban (IUDX COS),Physical Locations of Bike Docking Stations in Bhopal City,bikes available; electric bike; station area; docking station; bike rent; docking slot; docking racks; bike hiring,"Bhopal, Madhya Pradesh",,,,,2023-04-03T12:12:22+0530,ee0f772b-0888-4bc7-b29c-3c4650cef302
Urban Mobility & Transport,"Transit, traffic, roads & logistics",Urban (IUDX COS),Public Transit Bus Information,gtfs; bmtc; routes; stops; trips; schedules; realtime; transit,"Bengaluru, Karnataka",,,,,2026-04-09T12:38:49+0530,a6e0d78f-c4ce-4dd5-99db-01eab142c160
Urban Mobility & Transport,"Transit, traffic, roads & logistics",Urban (IUDX COS),Public Transit Bus Information from BMTC in Bengaluru City,gtfs; bmtc; routes; stops; trips; schedules; realtime; transit,"Bengaluru, Karnataka",,,,,2025-06-10T12:06:57+0530,7dde01b1-1865-43fe-9676-d176f06dc2c0
Urban Mobility & Transport,"Transit, traffic, roads & logistics",Urban (IUDX COS),Realtime Bus Transit Information from Surat City,itms; mobility; vehicle; transport; buses; gtfs; commute; route; bus tracking,Surat,,,,,2023-03-08T02:37:05+0530,94387776-ea67-4761-b51f-170cbad21006
Urban Mobility & Transport,"Transit, traffic, roads & logistics",Urban (IUDX COS),Realtime Locations of Electronic City Shuttle Vehicles in Bengaluru City,stop; bus; shuttle bus; start time; end time; route; elcita; elcita shuttle; arrival; departure; shuttle; halt; passenger; transit; transport,"Electronic City, Bengaluru",,,,,2023-02-17T03:25:49+0530,11d44e17-5b48-420b-8d61-364cbfb51181
Urban Mobility & Transport,"Transit, traffic, roads & logistics",Urban (IUDX COS),Realtime Parking Availability Information in Ahmedabad City,two wheeler; four wheeler; parking detail; parking slot; parking information; vehicle; station detail; smart parking; parking; parking lot; availability; heavyDutyVehicles; mediumDutyVehicles; fourWheelerSlots; threeWheelerSlots; twoWheelerSlots; bike; car; van; scooter,"Ahmedabad, Gujarat",,,,,2023-06-05T05:19:07+0530,70449fa0-3fb0-451f-96d5-7535c9824a8b
Urban Mobility & Transport,"Transit, traffic, roads & logistics",Urban (IUDX COS),Realtime Parking Availability Information in Chennai City,two wheeler; four wheeler; parking detail; parking slot; parking information; vehicle; station detail; smart parking; parking; parking lot; availability; twowheeler; fourwheeler; bike; car; van; scooter,"Chennai, Tamil Nadu",,,,,2023-02-14T02:25:04+0530,5d46e3bc-dffe-4e71-90b0-59fedc21c184
Urban Mobility & Transport,"Transit, traffic, roads & logistics",Urban (IUDX COS),Realtime Parking Availability Information in Indore City,two wheeler; four wheeler; parking detail; parking slot; parking information; vehicle; station detail; smart parking; parking; parking lot; availability; heavyDutyVehicles; mediumDutyVehicles; fourWheelerSlots; threeWheelerSlots; twoWheelerSlots; bike; car; van; scooter,"Indore, Madhya Pradesh",,,,,2024-08-20T11:01:25+0530,1f473cb4-ca75-4a79-9f5b-4670b43679b6
Urban Mobility & Transport,"Transit, traffic, roads & logistics",Urban (IUDX COS),Relatime Bus Transit Information from Kalyan-Dombivli City,vehicle; transport; buses; route info; route; bus transit; route shape; trip details; bus information; vehicle information; bus details; trip schedule; stop locations; itms; public transit; mobility; commute; bus tracking,"Kalyan-Dombivli, Maharashtra",,,,,2024-09-06T03:29:17+0530,e5c91f2a-a6cd-4ede-8340-c2f9b0b6066b
Urban Mobility & Transport,"Transit, traffic, roads & logistics",Urban (IUDX COS),Road Audit Info by RoadMetrics in Bengaluru City,road; humps; speed breaker; parking; road type; road health; road hump warning; school warning; speed limit; road assets,"Bengaluru, Karnataka",,,,,2023-04-03T04:15:46+0530,885e40ff-5656-4513-ac4e-b6b210953ad5
Urban Mobility & Transport,"Transit, traffic, roads & logistics",Urban (IUDX COS),Road Networks in Kannur City,road; carriage way; road type; road assets; road network; road features; road information; lane; road segment,"Kannur, Kerala",,,,,2023-02-16T03:14:37+0530,47aaff70-05b4-4d4e-a0a3-b60a9680f04d
Urban Mobility & Transport,"Transit, traffic, roads & logistics",Urban (IUDX COS),Road Networks in Thoothukudi City,road network; road ledger; street; lane; road segment; road information,"Thoothukudi, Tamil Nadu",,,,,2023-02-14T01:14:03+0530,eb34c880-1c9e-4c09-a20f-951283891ff0
Urban Mobility & Transport,"Transit, traffic, roads & logistics",Urban (IUDX COS),Road Traffic Density Information from Lucknow City,vehicle count; congestion; occupancy; junction location; road location; vehicle types; road segment; junction; road; lane; road congestion; traffic density,"Lucknow, Uttar Pradesh",,,,,2024-02-20T10:36:38+0530,d410df99-5381-47c5-aa18-3f0b7ded056e
Urban Mobility & Transport,"Transit, traffic, roads & logistics",Urban (IUDX COS),Road Traffic Density Information from Prayagraj City,vehicle count; congestion; occupancy; junction location; road location; vehicle types; road segment; junction; road; lane; road congestion; traffic density,Prayagraj,,,,,2023-11-14T01:17:52+0530,d0868f4a-be60-4a7b-affa-7bf6635c548a
Urban Mobility & Transport,"Transit, traffic, roads & logistics",Urban (IUDX COS),Road Traffic information from Gandhinagar City,atcs; vehicle count; congestion; occupancy; pcu; passenger car units; road segment; junction location; road location; lane location,"Gandhinagar, Gujarat",,,,,2024-01-03T05:21:46+0530,60601b78-e541-477e-ae8e-8aefb01d8231
Urban Mobility & Transport,"Transit, traffic, roads & logistics",Urban (IUDX COS),Smartbike Docking Zones/Stations in Chandigarh City.,bikes; ebike; damage info; station; docking; bike rent; bike hiring; availability; electric bike; bicycle,Chandigarh,,,,,2023-02-14T09:31:46+0530,e120b83c-1702-478e-9b38-91036dc59b70
Urban Mobility & Transport,"Transit, traffic, roads & logistics",Urban (IUDX COS),Yaana Docking Stations Information in Jammu City,electric bikes; e-bike; yaana; bicycle; station; docking station; bicycle rent; station; docking; docking slot; docking racks; bicycle hiring,Jammu,,,,,2024-06-13T02:47:38+0530,155d5b06-9aeb-43c0-b3ac-1df030249d36
Urban Mobility & Transport,"Transit, traffic, roads & logistics",Urban (IUDX COS),Yaana Docking Stations Information in Tumakuru City.,electric bikes; e-bike; yaana; bicycle; station; docking station; bicycle rent; station; docking; docking slot; docking racks; bicycle hiring,"Tumakuru, Karnataka",,,,,2023-02-14T01:12:52+0530,960320e0-c310-476c-80db-8d51241292bd
"Water, Sanitation & Waste","Solid waste, sewage & sanitation",Geospatial (DX GeoSpatial),"Public Amenities in Pimpri Chinchwad, Maharashtra",public amenities; parks; libraries; toilets; public services; civic facilities; geospatial; locations; pimpri chinchwad; urban infrastructure; public infrastructure,"Pimpri-Chinchwad, Maharashtra",,,,,2024-12-12T03:26:12+0530,2ad5dae0-f978-48a3-a386-52d0435c3f9b
"Water, Sanitation & Waste","Solid waste, sewage & sanitation",Telangana (TGDeX),Regulation of Plastic and Flex in Telangana Urban Local Bodies,Environment; Plastic Regulation; Waste Management; Compliance; Public Policy,Telangana,Dept. of Municipal Administration & Urban Development,Public Enterprises,CSV,OPEN,2025-06-22T10:15:46+0530,9aee1683-8275-4a4f-b221-cd288a18022f
"Water, Sanitation & Waste","Solid waste, sewage & sanitation",Telangana (TGDeX),Urban Sanitation and Waste Management Metrics in Telangana,Public Health; Sanitation; Waste Management; Urban Services; Infrastructure,Telangana,Dept. of Municipal Administration & Urban Development,Public Enterprises,CSV,OPEN,2025-06-22T10:14:56+0530,7ade84b4-7921-4c7d-a9ba-19f8edf583ee
"Water, Sanitation & Waste","Solid waste, sewage & sanitation",Urban (IUDX COS),Civic Issues Reported from Swachhata App in Agra City,swachhata; complaints; reporting; issue; garbage dump; debris removal; open defecation; construction material; requests,Agra,,,,,2023-02-24T12:59:41+0530,b1e24cd4-8f7e-415a-8084-1b9b4f54637d
"Water, Sanitation & Waste","Solid waste, sewage & sanitation",Urban (IUDX COS),Civic Issues Reported from Swachhata App in Varanasi City,swachhata; garbage dump; garbage vehicle not arrived; dustbins not cleaned; sweeping not done; dead animal; cleaning; complaints; no water supply; no electricity,Varanasi,,,,,2023-03-09T10:11:49+0530,b5c3a28c-bcf3-4b4f-ace1-e57acc4c87a4
"Water, Sanitation & Waste","Solid waste, sewage & sanitation",Urban (IUDX COS),Fuel Information of SWM Vehicles in Varanasi City,fuel; fuel consumption; fuel disbursement; mileage; disbursement; fuel expenditure; fuel disposal; outlay; fuel payment,"varanasi, Uttar Pradesh",,,,,2023-03-09T10:12:49+0530,8f42430b-a997-4ec0-a53b-495e37cf571f
"Water, Sanitation & Waste","Solid waste, sewage & sanitation",Urban (IUDX COS),Realtime Info of SWM Collection in Surat City,waste vehicles; vehicles; zone; ward; vehicle number; solid waste; route; garbage; swm; net garbage; weight collected; trips count; trips,"Surat, Gujarat",,,,,2023-03-08T02:37:15+0530,0f8c73f1-75ba-4dfc-8649-42746992f47d
"Water, Sanitation & Waste","Solid waste, sewage & sanitation",Urban (IUDX COS),Realtime Info of SWM Vehicles in Agra City,swm; dustbin; vehicle; dumper; garbage; collection; solid waste management; waste vehicle; waste dump; tracking; capacity; live position; waste management; distance travelled; vehicle; garbage disposer; waste disposal unit; compost,"Agra, Uttar Pradesh",,,,,2023-02-24T12:59:44+0530,4cf42365-301e-4df4-b48e-2895fa8a1a8e
"Water, Sanitation & Waste","Solid waste, sewage & sanitation",Urban (IUDX COS),Realtime Info of SWM Vehicles in Bengaluru City,swm; dustbin; dumper; garbage collection; solid waste management; waste vehicle; waste dump; tracking; capacity; live position; waste management; distance travelled; vehicle; garbage disposer; waste disposal unit; compost,Bengaluru,,,,,2024-12-30T01:56:34+0530,694f7c30-4ba5-40d2-a59a-feb615f69430
"Water, Sanitation & Waste","Solid waste, sewage & sanitation",Urban (IUDX COS),Realtime Info of SWM Vehicles in Gandhinagar City,waste vehicles; vehicles; zone; ward; vehicle number; solid waste; route; garbage; swm; net garbage; weight collected; trips count; trips,"Gandhinagar, Gujarat",,,,,2023-05-23T01:26:20+0530,2adfd007-b312-47a4-96bc-436138e99358
"Water, Sanitation & Waste","Solid waste, sewage & sanitation",Urban (IUDX COS),Realtime Info of SWM Vehicles in Kanpur City,swm; dumper; garbage; dustbin; waste dump; solid waste; waste vehicle; waste management; waste dump; tracking; live position; garbage disposer; waste disposal unit; compost,"Kanpur, Uttar Pradesh",,,,,2023-05-15T10:15:02+0530,53d41b2f-1960-45fa-b446-38d93be3089e
"Water, Sanitation & Waste","Solid waste, sewage & sanitation",Urban (IUDX COS),Realtime Info of SWM Vehicles in Raipur City,swm; dumper; garbage; dustbin; waste dump; solid waste; waste vehicle; waste management; waste dump; tracking; live position; garbage disposer; waste disposal unit; compost,"Raipur, Chhattisgarh",,,,,2023-03-23T10:10:54+0530,8dd6515c-5542-45c5-85fc-f9a85d970204
"Water, Sanitation & Waste","Solid waste, sewage & sanitation",Urban (IUDX COS),Realtime Info of SWM Vehicles in Tumakuru City,swm; dustbin; dumper; garbage collection; solid waste management; waste vehicle; waste dump; tracking; capacity; live position; waste management; distance travelled; vehicle; garbage disposer; waste disposal unit; compost,"Tumakuru, Karnataka",,,,,2023-03-06T06:39:51+0530,02b76cde-becb-4634-80fb-9eb963916efa
"Water, Sanitation & Waste","Solid waste, sewage & sanitation",Urban (IUDX COS),Realtime Positions for SWM Vehicles in Varanasi City,dustbin; dustbin level; solid waste management; waste vehicle; waste dump; tracking; capacity; pickup time; cleaned time,"Varanasi, Uttar Pradesh",,,,,2023-04-03T04:23:07+0530,a542e1a6-1ce9-4b14-a756-e192324b2f45
"Water, Sanitation & Waste","Solid waste, sewage & sanitation",Urban (IUDX COS),Route schedules and Realtime Info of SWM Vehicles in Chandigarh City,swm; dustbin; dumper; garbage collection; solid waste management; waste vehicle; waste dump; tracking; capacity; live position; waste management; distance travelled; vehicle; route schedules; route shape; garbage disposer; waste disposal unit; compost,"Chandigarh, Chandigarh",,,,,2023-12-07T03:19:09+0530,a46ac7d9-9879-4eda-84fc-774e5a0b709e
"Water, Sanitation & Waste","Solid waste, sewage & sanitation",Urban (IUDX COS),Smart Toilets usage count and revenue info in Ahmedabad City,smart toilet; smart toilet locations; e-toilets; public toilet; sbn toilet; sbn; sanitation,"Ahmedabad, Gujarat",,,,,2023-06-05T05:14:03+0530,9699205c-8c98-484e-8a4a-8c073f1901ff
"Water, Sanitation & Waste","Solid waste, sewage & sanitation",Urban (IUDX COS),SWM Bin levels in Varanasi City,dustbin; dustbin level; solid waste management; waste bin model; bin type; bin color; capacity; threshold limit; filled level; cleaned time,"Varanasi, Uttar Pradesh",,,,,2023-03-09T10:12:55+0530,4dbad7fb-f839-4609-b328-75703d0d22b9
"Water, Sanitation & Waste","Solid waste, sewage & sanitation",Urban (IUDX COS),SWM Collection in Davanagere City,swm; dustbin; dumper; garbage collection; solid waste management; waste vehicle; waste dump; tracking; capacity; live position; waste management; distance travelled; vehicle; route schedules; route shape; garbage disposer; waste disposal unit; compost,"Davanagere, Karnataka",,,,,2024-07-16T01:09:06+0530,f63d4c87-4e4e-48b9-ba98-e85ca603ea41
"Water, Sanitation & Waste","Solid waste, sewage & sanitation",Urban (IUDX COS),SWM Collection in Kannur City,waste collecting vehicles; vehicles; zone; ward; vehicle number; dry waste; solid waste; route; garbage; swm; net garbage; weight collected; trips count; trips,"Kannur, Kerala",,,,,2023-02-14T06:10:06+0530,68bfef4d-53e8-4fe0-a30f-0bacf2ed2164
"Water, Sanitation & Waste","Solid waste, sewage & sanitation",Urban (IUDX COS),SWM Collection in Pimpri Chinchwad City,swm; dustbin; vehicle; dumper; garbage; collection; solid waste management; waste vehicle; waste dump; tracking; capacity; live position; waste management; distance travelled; vehicle; garbage disposer; waste disposal unit; compost,"Pimpri-Chinchwad, Maharashtra",,,,,2023-06-21T01:12:22+0530,2b9d53cf-32ff-4d0b-af21-ca51dde53671
"Water, Sanitation & Waste","Solid waste, sewage & sanitation",Urban (IUDX COS),SWM Employees Attendance in Varanasi City,attendance; swm employee; absentees; total employee count; ward number; wardwise,"Varanasi, Uttar Pradesh",,,,,2023-03-09T10:11:56+0530,d7fbdd07-325e-4c33-a9e3-fbded234fa17
"Water, Sanitation & Waste","Solid waste, sewage & sanitation",Urban (IUDX COS),SWM Information in Varanasi City,dustbin; dustbin level; solid waste management; waste bin model; bin type; bin color; capacity; threshold limit; filled level; cleaned time; swm employee; employee details; employee,"Varanasi, Uttar Pradesh",,,,,2023-03-09T10:12:46+0530,54f5a7e1-94b1-4b17-a720-f45421b8a0bd
"Water, Sanitation & Waste","Solid waste, sewage & sanitation",Urban (IUDX COS),SWM Vehicle Information in Jabalpur City,swm; dustbin; dumper; garbage collection; solid waste management; waste vehicle; waste dump; tracking; capacity; live position; waste management; distance travelled; vehicle; route schedules; route shape; garbage disposer; waste disposal unit; compost,"Jabalpur, Madhya Pradesh",,,,,2024-10-09T10:42:36+0530,976ed515-2e47-4718-864b-d2a7060beffc
"Water, Sanitation & Waste","Solid waste, sewage & sanitation",Urban (IUDX COS),SWM Vehicle Real-time Locations in Rajkot City,swm; dumper; garbage; dustbin; waste dump; solid waste; waste vehicle; waste management; waste dump; tracking; live position; garbage disposer; waste disposal unit; compost,"Rajkot, Gujarat",,,,,2023-12-15T11:17:31+0530,f4bda7f1-d826-43d6-9885-3cdbdc519667
"Water, Sanitation & Waste","Solid waste, sewage & sanitation",Urban (IUDX COS),SWM Vehicle Real-time Locations in Visakhapatnam City,waste collecting vehicles; vehicles; zone; ward; vehicle number; dry waste; solid waste; route; garbage; swm; net garbage; weight collected; trips count; trips,"Visakhapatnam, Andhra Pradesh",,,,,2023-02-14T12:58:23+0530,402b20a9-10cd-4c61-b62c-7706a201c694
"Water, Sanitation & Waste","Solid waste, sewage & sanitation",Urban (IUDX COS),Waste Water Management in Electronic City,waste; water; waste water; treatment; treatment plant; stp; sewage; sewage treatment; sewage water; water treatment,"Electronic-City, Bengaluru",,,,,2023-02-17T03:25:55+0530,be7dd213-9ebf-433e-b614-9bdee7bc88a4
"Water, Sanitation & Waste",Water resources & networks,Geospatial (DX GeoSpatial),"Civil and Vital Installations in Gurugram, Haryana (50K OSM Features)",survey of india; gis; haryana; lakes; infrastructure; gurugram; water bodies; hydrography; flood risk; environmental planning; water management; geospatial; reservoirs; rivers; canals; dronagiri,"Gurugram, Haryana, India",,,,,2025-07-29T01:44:02+0530,2f1ccd4b-911a-4f0d-870e-ac7ec9ef0a33
"Water, Sanitation & Waste",Water resources & networks,Geospatial (DX GeoSpatial),Coastal Erosion Analysis along Shoreline of Tamil Nadu,water; land cover and land use; geo spatial; geo; spatial; coastal; erosion; shoreline; climate change; satellite,India,,,,,2024-07-15T06:05:24+0530,836477c5-97de-4496-bd72-7044252238f4
"Water, Sanitation & Waste",Water resources & networks,Geospatial (DX GeoSpatial),"Coastal Urban Data, India",geospatial; india; costal; urban; costal_urban; environment; buildings and settlements; district wise costal urban; open data nasa; Nasa open data; NASA; nasa; livelihoods & skilling; transportation and logistics,India,,,,,2025-06-17T01:02:53+0530,8f982d4c-001f-4d0a-acf2-3ae4068d7433
"Water, Sanitation & Waste",Water resources & networks,Geospatial (DX GeoSpatial),"Flood Affected Areas, Kamrup Metropolitan District, Assam",gis; geospatial; gis mapping; flood; inundation; ecosystem; sustainability; Resource management; environment; agriculture; livelihoods and skilling; transportation and logistics; dronagiri; kamrup,"Kamrup Metropolitan district, Assam, India",,,,,2024-11-12T12:18:11+0530,fe459f1e-bd17-44e4-b14a-b87b4c713b9a
"Water, Sanitation & Waste",Water resources & networks,Geospatial (DX GeoSpatial),"Ground Water Data, India",geospatial; hydrography; natural waterbody; lake; river; pond; wetland; environment; conservation; ecology; water,India,,,,,2024-09-26T10:17:36+0530,6ef3d0cb-2d15-416c-8008-2e36772418d1
"Water, Sanitation & Waste",Water resources & networks,Geospatial (DX GeoSpatial),Groundwater Quality Assessment  Visakhapatnam,Geographical Names (Toponymy); Environment,India,,,,,2025-07-23T12:50:33+0530,6b45ec02-4b2e-47af-b7f1-2b94b76edff5
"Water, Sanitation & Waste",Water resources & networks,Geospatial (DX GeoSpatial),Groundwater Quality Assessment Chennai,Environment; Water,India,,,,,2025-07-25T06:39:35+0530,d0bd4e1a-49fd-4090-b84f-e3db2e590ceb
"Water, Sanitation & Waste",Water resources & networks,Geospatial (DX GeoSpatial),"Hydro - Natural Waterbody features, Sirmaur, Himachal Pradesh",survey of india; natural waterbody; conservation; lake; hydrography; geospatial; ecology; pond; river; wetland; environment,"Sirmaur, Himachal pradesh",,,,OPEN,2025-07-23T10:31:15+0530,5db361b6-1d35-4803-a382-3d29bb22fc51
"Water, Sanitation & Waste",Water resources & networks,Geospatial (DX GeoSpatial),"Hydro - Natural Waterbody features, Varanasi, Uttar Pradesh",survey of india; varanasi; water; livelihoods and skilling; water source; Survey of India; soi; geospatial; gis mapping; natural waterbody; agriculture; sustainability; dronagiri,"Varanasi, Uttar Pradesh, India",,,,,2025-07-29T01:41:00+0530,9ca0ceda-293d-4ef0-826f-a605dbad7a6a
"Water, Sanitation & Waste",Water resources & networks,Geospatial (DX GeoSpatial),"Hydrography - Canals (OSM 50K features) of Sonipat, Haryana",survey of india; spatial; haryana; sonipat; waterways; infrastructure; hydrography; geospatial; osm; irrigation; canals; dronagiri,"Sonipat, Haryana, India",,,,,2025-07-29T01:41:46+0530,269a0236-151e-11f0-b04a-afc7085c7852
"Water, Sanitation & Waste",Water resources & networks,Geospatial (DX GeoSpatial),Hydrography - Coastal Features,spatial; gis; hydro; hydrology; pier; survey; transportation and logistics; buoys; coastal; physical infrastructure; india; soi; geospatial; anchorage; cliff; tidal; jetty; transport networks; water; livelihoods and skilling; beacon; survey of india; land cover and land use; hydrography; gis mapping,India,,,,,2025-09-16T03:55:53+0530,f158aa49-917c-43b9-baad-41d6e1b1fd03
"Water, Sanitation & Waste",Water resources & networks,Geospatial (DX GeoSpatial),"Hydrography - Coastal Features (OSM 50K Features) of Sonipat, Haryana",survey of india; spatial; broken ground; sonipat; hydrology; infrastructure; agriculture; transportation; coast; geospatial; geography; land use and land cover; waterway; dronagiri,"Sonipat, Haryana, India",,,,,2025-07-29T01:39:36+0530,616bf931-b81f-4ce3-b91f-4cdbdc66bf57
"Water, Sanitation & Waste",Water resources & networks,Geospatial (DX GeoSpatial),"Hydrography - Hydro Associated Features (OSM 50K Features) of Sonipat, Haryana",survey of india; flood management; natural resources; hydrology; spatial data; livelihood and skilling; water bodies; hydrography; agriculture; water; geospatial; water conservation; Sonipat; drainage; environment; dronagiri,"Sonipat, Haryana, India",,,,,2025-07-29T01:42:31+0530,dc9d57a0-b0d1-4cc3-841e-d8a33c2ddf0d
"Water, Sanitation & Waste",Water resources & networks,Geospatial (DX GeoSpatial),"Hydrography - Other Water Features (OSM 50K Features) of Sonipat, Haryana",survey of india; flood management; natural resources; hydrology; spatial data; livelihood and skilling; water bodies; hydrography; agriculture; water; geospatial; water conservation; Sonipat; drainage; environment; dronagiri,"Sonipat, Haryana, India",,,,,2025-07-29T01:39:04+0530,c42a9e41-55dc-4d23-b28f-d28adc301e8d
"Water, Sanitation & Waste",Water resources & networks,Geospatial (DX GeoSpatial),"Hydrography - Rivers (OSM 50K Features) of Gurugram, Haryana",survey of india; flood management; natural resources; hydrology; spatial data; livelihood and skilling; gurugram; hydrography; agriculture; water; geospatial; water conservation; rivers; drainage; environment; dronagiri,surveyofindia,,,,,2025-07-29T01:42:48+0530,fec4397b-bce9-4587-8349-ed5ac9c8b42f
"Water, Sanitation & Waste",Water resources & networks,Geospatial (DX GeoSpatial),"Hydrography - Rivers (OSM 50K Features) of Sonipat, Haryana",survey of india; flood management; natural resources; sonipat; hydrology; spatial data; livelihood and skilling; hydrography; water; geospatial; water conservation; river; agriculture; drainage; environment; dronagiri,"Sonipat, Haryana, India",,,,,2025-07-29T01:40:31+0530,5eb6468d-fd61-49f9-b11f-704e0d94e4f1
"Water, Sanitation & Waste",Water resources & networks,Geospatial (DX GeoSpatial),"Hydrography and Associated Water Features in Gurugram, Haryana (50K OSM Features)",survey of india; gis; haryana; lakes; infrastructure; gurugram; water bodies; hydrography; flood risk; environmental planning; water management; geospatial; reservoirs; rivers; canals; dronagiri,"Gurugram, Haryana, India",,,,,2025-07-29T01:42:35+0530,d2e523b7-3b42-43fc-9ebb-d55ad46ccfee
"Water, Sanitation & Waste",Water resources & networks,Geospatial (DX GeoSpatial),"Hydrography and its associated features (25K), Sonipat, Haryana",survey of india; haryana; sonipat; Soi; hydrology; surey of india; lake; hydrography; transportation and logistics; canal; Water; water; geospatial; livelihoods & skilling; river; agriculture; environment; dronagiri,"Sonipat, Haryana",,,,,2025-07-29T01:40:28+0530,f7a38f9c-875f-4069-95b4-c4f2118fefc9
"Water, Sanitation & Waste",Water resources & networks,Geospatial (DX GeoSpatial),"Hydrography and its associated features (OSM 50K), Vizianagaram, Andhra Pradesh",survey of india; Transportation and Logistics; tank; Vizianagaram; andhra pradesh; hydrology; transportation and logistics; canal; livelihoods & skilling; coastal linesoi; water; geospatial; surveyofindia; hydrograph; river; agriculture; dronagiri,"Vizianagaram, Andhra Pradesh",,,,,2025-07-29T01:39:59+0530,5c9f7118-3f64-479b-9b11-42fa45e0afde
"Water, Sanitation & Waste",Water resources & networks,Geospatial (DX GeoSpatial),"Hydrography Canals (50K OSM Features) of Gurugram, Haryana",survey of india; gis; haryana; lakes; infrastructure; gurugram; water bodies; hydrography; flood risk; environmental planning; water management; geospatial; reservoirs; rivers; canals; dronagiri,"Gurugram, Haryana, India",,,,,2025-07-29T01:43:46+0530,ad6c3e83-1455-4a68-8ee5-9ebe853071ec
"Water, Sanitation & Waste",Water resources & networks,Geospatial (DX GeoSpatial),"Hydrography Other Water Features (50K OSM) of Gurugram, Haryana",survey of india; gis; haryana; lakes; infrastructure; gurugram; water bodies; hydrography; flood risk; environmental planning; water management; geospatial; reservoirs; rivers; canals; dronagiri,"Gurugram, Haryana, India",,,,,2025-07-29T01:43:59+0530,6c1e12a3-4c42-4f44-90a3-9d123b11c8d2
"Water, Sanitation & Waste",Water resources & networks,Geospatial (DX GeoSpatial),"Hydrography Water Features of Gurugram, Haryana",survey of india; gis; haryana; lakes; infrastructure; gurugram; water bodies; hydrography; flood risk; environmental planning; water management; geospatial; reservoirs; rivers; canals,"Gurugram, Haryana, India",,,,,2025-07-24T12:50:42+0530,a2b34c5d-e8f7-4c9d-a21b-3f6d5e2f8d79
"Water, Sanitation & Waste",Water resources & networks,Geospatial (DX GeoSpatial),"Hydrography – Canals and Water Channels (50K OSM Features) in Gurugram, Haryana",survey of india; gis; haryana; lakes; infrastructure; gurugram; water bodies; hydrography; flood risk; environmental planning; water management; geospatial; reservoirs; rivers; canals; dronagiri,"Gurugram, Haryana, India",,,,,2025-07-29T01:42:51+0530,21a06f34-8d75-4094-9df8-b5670f25eb93
"Water, Sanitation & Waste",Water resources & networks,Geospatial (DX GeoSpatial),"Hydrography – Coastal Features (50K OSM Features) in Gurugram, Haryana",survey of india; gis; haryana; lakes; infrastructure; gurugram; water bodies; hydrography; flood risk; environmental planning; water management; geospatial; reservoirs; rivers; canals; dronagiri,"Gurugram, Haryana, India",,,,,2025-07-29T01:41:23+0530,cb4ba8b5-9db7-4549-b80c-b3fe548f5647
"Water, Sanitation & Waste",Water resources & networks,Geospatial (DX GeoSpatial),"Hydrological Infrastructure, Sirmaur, Himachal Pradesh",survey of india; natural waterbody; conservation; lake; hydrography; physical infrastructure; geospatial; ecology; pond; river; wetland; environment,"Sirmaur, Himachal Pradesh",,,,OPEN,2025-07-23T10:31:06+0530,2a0b535f-9d0d-42f4-abdf-fc018328bf34
"Water, Sanitation & Waste",Water resources & networks,Geospatial (DX GeoSpatial),"Hydrological Infrastructure, Varanasi, Uttar Pradesh",survey of india; varanasi; water; sustainability; physical infrastructure; water source; livelihoods and skilling; water management; Survey of India; soi; geospatial; gis mapping; agriculture; waterway; dronagiri,"Varanasi, Uttar Pradesh, India",,,,,2025-07-29T01:39:40+0530,ef0d4a12-732f-470e-9b21-f76e7fb1b592
"Water, Sanitation & Waste",Water resources & networks,Geospatial (DX GeoSpatial),"ICWaR - Mysore District Streams, Waterbodies and Canals (cCauvery Project) from the Geomatics Center, WRD, Government of Karnataka",geospatial; hydrography; streams; waterbodies; canals; irrigation; water resources; river; lake; pond; wetland; environment; conservation; ecology; flood risk; Mysore; Karnataka; Government of Karnataka; Water Resources Department; WRD; ICWaR,"Mysore District, Karnataka",,,,,2026-07-29T12:55:45+0530,e6fa9260-958c-4f40-b76c-a86472cbff2e
"Water, Sanitation & Waste",Water resources & networks,Geospatial (DX GeoSpatial),Information on the coastlines of India,survey of india; coastal networks; physical infrastructure; water; geo spatial,India,,,,,2025-09-16T03:34:28+0530,925400aa-cd9c-4e52-ad40-3cc89d4f9278
"Water, Sanitation & Waste",Water resources & networks,Geospatial (DX GeoSpatial),"Inland Water Resources, India",geospatial; India; water; river; lakes; river_lake; reservoir; reservoir_lake; opendatanatearth; Agriculture; Livelihoods & Skilling; water resource; agriculture; livelihoods & skilling,India,,,,,2025-06-25T03:38:20+0530,d9153d8b-beb2-4cf7-9c75-bfdd4443e101
"Water, Sanitation & Waste",Water resources & networks,Geospatial (DX GeoSpatial),"IWAI - National Waterways and Indo-Bangladesh Protocol (IBP) Routes of India, Inland Waterways Authority of India","geospatial; waterways; national waterways; IWAI; inland waterways authority of india; navigation; inland water transport; IBP route; indo-bangladesh protocol; river; river stretch; fairway; UTM zone; transport; logistics; Ministry of Ports, Shipping and Waterways",India,,,,,2026-08-07T03:25:10+0530,bd472381-5a4a-4e0c-8eb7-01b59a4b0d4a
"Water, Sanitation & Waste",Water resources & networks,Geospatial (DX GeoSpatial),Natural Water Bodies of India,survey of india; geographic information; streams; water bodies; water; geospatial; river,India,,,,,2025-07-23T10:31:44+0530,441cebbb-4841-4a31-bb25-3c0f99f7ca35
"Water, Sanitation & Waste",Water resources & networks,Geospatial (DX GeoSpatial),"Natural Waterbody Features, Kamrup Metropolitan District, Assam",kamrup; assam; urban planning; resource management; geography; polygon features; geospatial; kamrup metropolitan; dronagiri; water; water body features; ponds; rivers; wetlands; agriculture,"Kamrup metropolitan district, Assam, India",,,,,2024-12-02T06:52:49+0530,d85b8877-102a-48a1-b5f6-1f12c9f14f9e
"Water, Sanitation & Waste",Water resources & networks,Geospatial (DX GeoSpatial),River Basins and Gauge Stations of Peninsular India,geospatial; india; rivers; catchment; guage; basins; basin; guage station; icwar; peninsular rivers; south india; water; agriculture; hydrology; catchment area; river basin; drainage area; streamflow; peninsular; brahmani; cauvery; east flowing rivers; godavari; krishna; mahanadi; mahi; narmada; pennar; sabarmati; subarnareka; tapi; west flowing rivers; agriculture; livelihoods & skilling,Peninsular India,,,,,2025-12-29T01:06:31+0530,556c63e3-7c79-4116-a975-3d49600ef67d
"Water, Sanitation & Waste",Water resources & networks,Geospatial (DX GeoSpatial),"Utilities, Sirmaur, Himachal Pradesh",survey of india; natural waterbody; conservation; lake; hydrography; physical infrastructure; geospatial; ecology; pond; river; wetland; environment,"Sirmaur, Himachal Pradesh",,,,,2025-07-23T10:31:09+0530,a9a1d190-65fd-421b-a132-449c171bab17
"Water, Sanitation & Waste",Water resources & networks,Geospatial (DX GeoSpatial),Water Quality Data of India,geospatial; cgwb; point; vector; CGWB; water quality; water; india; agriculture; livelihoods & skilling,India,,,,,2025-09-02T12:28:42+0530,ee34a1b6-24ab-439b-9caa-2d0c2116b46f
"Water, Sanitation & Waste",Water resources & networks,Geospatial (DX GeoSpatial),"Water Resources in Vizianagaram, Andhra Pradesh",water; hydrology; rivers; reservoirs; canals; water bodies; irrigation; environment; natural resources; flood management; vizianagaram; andhra Pradesh; spatial; geospatial; sustainability; water; agriculture; livelihood and skilling; tube wells; water resources; surveying; dronagiri,"Vizianagaram, Andhra Pradesh, India",,,,,2025-06-09T03:37:15+0530,e9b20e8b-07d8-432a-961a-3375c1ff8b84
"Water, Sanitation & Waste",Water resources & networks,Geospatial (DX GeoSpatial),"Water Resources in Washim District, Maharashtra",gis; geospatial; dams; irrigation; water storage; washim; water management; water; agriculture; statistics; hydrology; land use; reservoirs; dronagiri; livelihood and skilling; washim irrigation department,"Maharashtra, India.",,,,,2025-01-21T01:22:08+0530,7c6dab21-bd6e-43f6-a854-5334b8623176
"Water, Sanitation & Waste",Water resources & networks,Geospatial (DX GeoSpatial),"Waterbodies, Bangalore",geospatial; hydrography; natural waterbody; lake; river; pond; wetland; environment; conservation; ecology; water,"Bengaluru, Karnataka",,,,,2024-09-05T06:14:54+0530,f028bd59-c016-468c-b6eb-3be82ed02c8c
"Water, Sanitation & Waste",Water resources & networks,Geospatial (DX GeoSpatial),"Waterbody Features, Varanasi, Uttar Pradesh",waterbody; river; lakes; geospatial; polygon; gis mapping; varanasi; uttar pradesh; water resources; water; agriculture; flood risk; sustainability; varanasi; dronagiri; water bodies; natural resources; pmgs,"Varanasi, Uttar Pradesh, India",,,,,2024-11-12T12:34:08+0530,b94fb86d-891a-44ab-ac3e-56edf504bcf1
"Water, Sanitation & Waste",Water resources & networks,Maharashtra (MahaAgX),"Design, Construction and Evaluation of Borewell Recharge Technology",borewell recharge; rainwater management; groundwater potential; filtration efficiency; marathwada; artificial recharge; vertisol; vnmkv,Maharashtra,Vasantrao Naik Marathwada Krishi Vidyapeeth Parbhani,Agriculture,pdf,OPEN,2026-02-16T03:47:02+0530,41ba127c-eb1c-43f2-833a-9a4640c03f63
"Water, Sanitation & Waste",Water resources & networks,Maharashtra (MahaAgX),Determination of Surface Drainage Coefficients of Different Locations in Ratnagiri District of Konkan Region,drainage; rainfall; probability; irrigation; hydrology; agriculture,Maharashtra,Dr. Balasaheb Sawant Konkan Krishi Vidyapeeth Dapoli,Agriculture,pdf,RESTRICTED,2026-06-02T11:06:26+0530,e474febc-072a-41a8-b6b3-8c25b30caf7e
"Water, Sanitation & Waste",Water resources & networks,Maharashtra (MahaAgX),Determination of Surface Drainage Coefficients of Different Locations in Sindhudurg District of Konkan Region,drainage; coefficient; rainfall; probability; irrigation,Maharashtra,Dr. Balasaheb Sawant Konkan Krishi Vidyapeeth Dapoli,Agriculture,pdf,RESTRICTED,2026-06-02T12:23:17+0530,ca587110-bc43-4c6d-b30b-9fca63fc775d
"Water, Sanitation & Waste",Water resources & networks,Maharashtra (MahaAgX),"Determination of Surface Drainage Coefficients of Different Locations in Thane, Palghar and Raigad Districts of Konkan Region",rainfall; drainage; probability; recurrence; irrigation; hydrology; analysis,Maharashtra,Dr. Balasaheb Sawant Konkan Krishi Vidyapeeth Dapoli,Agriculture,pdf,RESTRICTED,2026-06-02T12:25:21+0530,dd2113c8-0e67-4bfc-a741-e9dd636526fb
"Water, Sanitation & Waste",Water resources & networks,Maharashtra (MahaAgX),Development Of Priyadarshini Watershed As A Model Watershed - Tyre Bandhara,watershed; tyre; checkdam; hydrology; engineering,Maharashtra,Dr. Balasaheb Sawant Konkan Krishi Vidyapeeth Dapoli,Agriculture,pdf,RESTRICTED,2026-06-02T15:51:52+0530,54cf5334-30bd-44ce-bcbf-9b990162fcf4
"Water, Sanitation & Waste",Water resources & networks,Maharashtra (MahaAgX),Economic Analysis of Sub-surface Drainage (ssd) Technology in Sangli District,drainage; salinity; economics; irrigation; sugarcane; sangli; maharashtra; mpkv,Maharashtra,Mahatma Phule Krishi Vidyapeeth Rahuri,Agriculture,docx,RESTRICTED,2026-02-16T01:05:22+0530,975921bb-d525-4ed9-8df0-5e792188ef63
"Water, Sanitation & Waste",Water resources & networks,Maharashtra (MahaAgX),Economic Analysis of Sub-surface Drainage (ssd) Technology in Sangli District,drainage; salinity; economics; irrigation; sugarcane; sangli; maharashtra; mpkv,Maharashtra,Mahatma Phule Krishi Vidyapeeth Rahuri,Agriculture,docx,RESTRICTED,2026-02-16T01:05:42+0530,9f7d8a54-5b23-40e0-b2a5-b38e9a7082f1
"Water, Sanitation & Waste",Water resources & networks,Maharashtra (MahaAgX),Effect Of Deep Cct On Ground Water Table In Karwadi- Nandapur Watershed,groundwater; watershed; deepcct; recharge; agriculture,Maharashtra,Vasantrao Naik Marathwada Krishi Vidyapeeth Parbhani,Agriculture,pdf,RESTRICTED,2026-06-03T16:58:46+0530,7f64445a-5e91-49e3-8fce-51fc704e80c2
"Water, Sanitation & Waste",Water resources & networks,Maharashtra (MahaAgX),Identification of Groundwater Potential Zones in Godavari-purna Sub-basin,groundwater potential; thematic maps; godavari-purna; marathwada; gis; remote sensing; aquifer parameters; watershed delineation; water resource management; vnmkv,Maharashtra,Vasantrao Naik Marathwada Krishi Vidyapeeth Parbhani,Agriculture,pdf,OPEN,2026-02-16T03:45:19+0530,856cc762-2bd2-48bf-ac04-b80117f235b7
"Water, Sanitation & Waste",Water resources & networks,Maharashtra (MahaAgX),Impact Index For Ranking Watershed Development Programmes - Research Recommendations 2024,watershed; impact; index; ranking; hierarchy,Maharashtra,Mahatma Phule Krishi Vidyapeeth Rahuri,Agriculture,docx,RESTRICTED,2026-06-10T23:42:12+0530,f0be3be3-e83f-4be7-80a3-c56ef4279528
"Water, Sanitation & Waste",Water resources & networks,Maharashtra (MahaAgX),Spectral Band Ratio Recommendation For Sediment Monitoring,spectral; bandratio; sediment; reservoir; monitoring,Maharashtra,Mahatma Phule Krishi Vidyapeeth Rahuri,Agriculture,docx,RESTRICTED,2026-06-10T23:42:46+0530,3ac57cb0-49f6-4247-a927-d1ba5e3991ee
"Water, Sanitation & Waste",Water resources & networks,Maharashtra (MahaAgX),Subsurface Drainage System Design - Research Recommendations 2023,drainage; irrigation; subsurface; vertisol; equation; design,Maharashtra,Mahatma Phule Krishi Vidyapeeth Rahuri,Agriculture,docx,RESTRICTED,2026-06-11T07:05:03+0530,b94eceda-e9b4-475c-8163-3c7335d07bda
"Water, Sanitation & Waste",Water resources & networks,Telangana (TGDeX),District-level Disilting and Sand Resource Allocation in Telangana (2015-2016),Infrastructure; Disilting; Sand Allocation; Rural Development; Water Resources,Telangana,Dept. of Industries & Commerce,Construction,CSV,OPEN,2025-06-22T10:17:08+0530,9a2bc701-b96f-411e-9d59-219717f34322
"Water, Sanitation & Waste",Water resources & networks,Telangana (TGDeX),District-Level Rural Water Supply and Sanitation Infrastructure (2015-2016),Utilities; Water Supply; Sanitation; Rural Infrastructure; Service Coverage,Telangana,Dept. of Panchayat Raj & Rural Development,Rural Development,CSV,OPEN,2025-06-22T09:45:44+0530,87853173-611d-4e72-b956-ff50e078a871
"Water, Sanitation & Waste",Water resources & networks,Telangana (TGDeX),Hyderabad Metropolitan Water Supply and Sewerage Board Billing and Collection Records 2014 to 2021,Utilities; Water Supply; Sewerage; Billing; Public Services,Hyderabad,Dept. of Municipal Administration & Urban Development,Public Enterprises,CSV,OPEN,2025-06-22T10:13:53+0530,fa2bf4c5-20a2-43a3-ab04-3646ee6e8825
"Water, Sanitation & Waste",Water resources & networks,Telangana (TGDeX),Hyderabad Metropolitan Water Supply and Sewerage Board Monthly Billing and Collection Records,Utilities; Water Supply; Sewerage; Billing; Revenue Management,Hyderabad,Dept. of Municipal Administration & Urban Development,Public Enterprises,CSV,OPEN,2025-06-22T10:15:57+0530,062428c7-0ba2-4b45-8fb8-ee65c8e0444d
"Water, Sanitation & Waste",Water resources & networks,Telangana (TGDeX),Hyderabad Metropolitan Water Supply and Sewerage Board Water Connection Records,Utilities; Water Connections; Supply Network; Public Services; Billing Integration,Hyderabad,Dept. of Municipal Administration & Urban Development,Public Enterprises,CSV,OPEN,2025-06-22T10:14:24+0530,b8412597-b55d-472e-9b91-f26f201d24d9
"Water, Sanitation & Waste",Water resources & networks,Telangana (TGDeX),Mission Bhagiratha District Coverage Shortfalls,Water Supply; Mission Bhagiratha; Coverage Shortfalls; Program Monitoring; Rural Development,Telangana,Dept. of Panchayat Raj & Rural Development,Construction,CSV,OPEN,2025-06-22T09:45:52+0530,ffd67f2c-7a01-496e-a404-46d5a9e8b8a9
"Water, Sanitation & Waste",Water resources & networks,Telangana (TGDeX),Roads and Drainage Network of Urban Local Bodies in Telangana,Infrastructure; Roads; Drainage; Urban Local Bodies; Asset Inventory,Telangana,Dept. of Municipal Administration & Urban Development,Public Enterprises,CSV,OPEN,2025-06-22T10:15:54+0530,abb68917-1161-4e50-a216-e77414de1566
"Water, Sanitation & Waste",Water resources & networks,Telangana (TGDeX),Telangana Reservoir Storage Levels,Hydrology; Reservoir; Storage Levels; Water Resources; Time Series,Telangana,Dept. of Irrigation & CAD,Agriculture & Farming,CSV,OPEN,2025-06-22T09:55:32+0530,14ef0c60-4592-421e-a9ac-a6e48472e740
"Water, Sanitation & Waste",Water resources & networks,Telangana (TGDeX),Telangana State Monthly Groundwater Level Measurements,Hydrology; Groundwater; Monthly; Water Resources; Time Series,Telangana,Dept. of Irrigation & CAD,Agriculture & Farming,CSV,OPEN,2025-06-22T09:55:23+0530,46ef6e2c-03c6-464d-9a58-8bcefb4eacd8
"Water, Sanitation & Waste",Water resources & networks,Telangana (TGDeX),Telangana Water Quality Monitoring Data,Environment; Water Quality; Pollution Monitoring; Hydrology; Compliance,Telangana,"Dept. of Environment, Forests, Science & Technology",Agriculture & Farming,CSV,OPEN,2025-06-22T09:59:45+0530,1b8bada5-aede-4cd0-9273-7892a8fd2f2f
"Water, Sanitation & Waste",Water resources & networks,Telangana (TGDeX),TGSPDCL Local Bodies Streetlight and Piped Water Supply Scheme Monthly Consumption Data,Energy; Streetlight Consumption; Piped Water Supply; Utilities; Service Monitoring,Telangana,Dept. of Energy,Energy,CSV,OPEN,2025-06-22T09:53:18+0530,857c33b6-55aa-4e29-a10a-980ac6c7e497
"Water, Sanitation & Waste",Water resources & networks,Telangana (TGDeX),"Urban Local Body Water Supply Data, Telangana",Utilities; Water Supply; Urban Bodies; Infrastructure; Service Coverage,Telangana,Dept. of Municipal Administration & Urban Development,Public Enterprises,CSV,OPEN,2025-06-22T10:13:49+0530,d001c179-c158-4b9d-8cf2-cbdfb3544c0f
"Water, Sanitation & Waste",Water resources & networks,Urban (IUDX COS),Device information of Water Monitoring sensors in IIIT Hyderabad Campus,water; water distribution; water supply; pH; turbidity; pressure; water pressure; water reservoir; reservoir; tank; sump; oht; booster; pump; pump house,"IIIT Hyderabad, Telangana",,,,,2022-08-06T10:31:53+0530,b5fa3bae-0a27-4f48-bcf8-4768ac2d40c6
"Water, Sanitation & Waste",Water resources & networks,Urban (IUDX COS),Flood Level Alerts from Flood Monitoring Systems in Chennai City,rainfall; rain; flood; flooding; flood monitor; water; rains; precipitation; disaster management; disaster; relief; flood level; flood warning; water logging,"Chennai, Tamil Nadu",,,,,2023-02-14T02:24:58+0530,c2070773-e263-4a1f-9a75-37965892dbe6
"Water, Sanitation & Waste",Water resources & networks,Urban (IUDX COS),Flood Level Monitoring Sensors in Kalyan-Dombivli City,environment; air quality; climate; air; environment; tanks; river; dam; water level; flood sensor,"Kalyan-Dombivli, Maharashtra",,,,,2024-09-09T11:52:21+0530,24528d70-3180-4159-befc-a9cec7e3d5d6
"Water, Sanitation & Waste",Water resources & networks,Urban (IUDX COS),Flood Level Sensors in Pune City,flooding; water flooding; flood; flood alert; flood danger; level; river; river bed,"Pune, Maharashtra",,,,,2023-02-14T09:28:42+0530,b74d3a25-e259-440a-be87-fed3b0b56bee
"Water, Sanitation & Waste",Water resources & networks,Urban (IUDX COS),Issues Reported in Chandigarh City,tracking grievances; status; citizen grievances; complaints; registered grievances; grievance handling; public grievances; grievance severity; sanitation; drainage; garbage collection; garbage and cleanliness,Chandigarh,,,,,2024-07-22T01:13:30+0530,c8b28801-a20c-4d06-9221-47a44ef2bdc1
"Water, Sanitation & Waste",Water resources & networks,Urban (IUDX COS),Issues Reported in Dahod City,tracking grievances; status; citizen grievances; complaints; registered grievances; grievance handling; public grievances; grievance severity; sanitation; drainage; garbage collection; garbage and cleanliness,"Dahod, Gujarat",,,,,2023-06-02T01:09:43+0530,bb806754-e7d0-4df0-ac3d-7cc641fca755
"Water, Sanitation & Waste",Water resources & networks,Urban (IUDX COS),Issues Reported in Gandhinagar City,tracking grievances; status; citizen grievances; complaints; registered grievances; grievance handling; public grievances; grievance severity; sanitation; drainage; garbage collection; garbage and cleanliness,"Gandhinagar, Gujarat",,,,,2023-03-21T09:15:13+0530,62f6e427-74aa-416d-a54b-a1a2522d9760
"Water, Sanitation & Waste",Water resources & networks,Urban (IUDX COS),Issues Reported in Rajkot City,tracking grievances; status; citizen grievances; complaints; registered grievances; grievance handling; public grievances; grievance severity; sanitation; drainage; garbage collection; garbage and cleanliness,"Rajkot, Gujarat",,,,,2023-11-14T03:08:19+0530,6c3e0138-029b-4158-a3a9-6df232ae8923
"Water, Sanitation & Waste",Water resources & networks,Urban (IUDX COS),Manhole Sensor Levels in Jaipur City,waste; water; waste water; sewage; drainage; slurry; sewage waste; sewage water; manhole; sewage lines; sewage pipes; pipelines; manhole sensor,"Jaipur City, Rajasthan",,,,,2023-05-11T07:05:02+0530,e2e88fc3-95b2-4fcf-91d1-7c81a9a461d6
"Water, Sanitation & Waste",Water resources & networks,Urban (IUDX COS),Water Distribution Network in Dehradun City,water; water distribution; water supply; chlorine; hydrostatic level; motor run hours; poweron hours; pump discharge; OHT; tube well; treated water level; overhead tank; water level; supply network; water storage; pump; pump house,"Dehradun, Uttarakhand",,,,SECURE,2025-01-29T01:40:12+0530,824f21e8-1fe2-4e4f-ab5c-e1c45f4adc67
"Water, Sanitation & Waste",Water resources & networks,Urban (IUDX COS),Water Distribution Network in Satna City,water scada; mld-40; mld-18; 18 megalitres; 40 megalitres; oht; overhead tanks; wtp; sumpwell; rwph; raw water pumphouse; water treatment plant; device; measurand; sensor,"Satna, Madhya Pradesh",,,,,2025-01-07T12:35:41+0530,50ae01b8-be7c-4a1e-9bc7-8fb61e1b7af9
"Water, Sanitation & Waste",Water resources & networks,Urban (IUDX COS),Water Distribution Network in Vadodara City,water; water distribution; water supply; pH; chlorine; turbidity; pressure; water pressure; flow; water level; supply network; water storage; water reservoir; reservoir; tank; sump; oht; booster; pump; pump house; litre; litres; million litres; mld,"Vadodara, Gujarat",,,,,2023-02-17T02:40:27+0530,58a760aa-16e6-4437-92b9-63868bef1624
"Water, Sanitation & Waste",Water resources & networks,Urban (IUDX COS),Water Distribution Network Info for Vadodara City,dimension; water sump; water tank; water booster; water reservoirs; sump; pump location; tank; location; reservoirs; address; oht,Vadodara,,,,,2023-02-17T02:40:24+0530,35b95bf8-eeea-45b6-9184-196772b79985
"Water, Sanitation & Waste",Water resources & networks,Urban (IUDX COS),Water Level Sensors in Chennai City,water; height; flow; water level; flood; flood level; flood warning; rain monitoring,"Chennai, Tamil Nadu",,,,,2023-02-14T02:25:07+0530,257aab1b-1258-445a-a37e-058486a2fa13
"Water, Sanitation & Waste",Water resources & networks,Urban (IUDX COS),Water Monitoring in IIIT Hyderabad Campus,water; water distribution; water supply; pH; turbidity; pressure; water pressure; water reservoir; reservoir; tank; sump; oht; booster; pump; pump house,"IIIT Hyderabad, Telangana",,,,,2022-08-06T10:31:53+0530,f24d33fb-36dd-4f01-aaef-ac48ada99371
